{
"type": "FeatureCollection",
"name": "kreis_polygons",
"crs": { "type": "name", "properties": { "name": "urn:ogc:def:crs:OGC:1.3:CRS84" } },
"features": [
{ "type": "Feature", "properties": { "ags": "01001" }, "geometry": { "type": "Polygon", "coordinates": [ [ [ 9.412664108151111, 54.822640907923159 ], [ 9.43669717841313, 54.788744092960236 ], [ 9.467334501740847, 54.823632318054109 ], [ 9.505431081144945, 54.81020748704762 ], [ 9.506660203902198, 54.772937916932129 ], [ 9.474710042489869, 54.772379223109745 ], [ 9.461813126398205, 54.753176445152434 ], [ 9.379014518246226, 54.753200215887823 ], [ 9.357220592142854, 54.779481944135895 ], [ 9.405471190716057, 54.795324640051248 ], [ 9.412664108151111, 54.822640907923159 ] ] ] } },
{ "type": "Feature", "properties": { "ags": "01002" }, "geometry": { "type": "Polygon", "coordinates": [ [ [ 10.16915818643089, 54.431376708384128 ], [ 10.192688163008917, 54.39034391915488 ], [ 10.139535752167784, 54.368479064855897 ], [ 10.157702750632152, 54.338370045106068 ], [ 10.136224915362861, 54.317587681628858 ], [ 10.132533569488009, 54.311254902593248 ], [ 10.180178711945103, 54.347381951673505 ], [ 10.218688827409462, 54.324506723360649 ], [ 10.190233430125566, 54.314756656098425 ], [ 10.201182308758739, 54.266417107893403 ], [ 10.152128827643399, 54.25082830074718 ], [ 10.094555298466085, 54.263128065204171 ], [ 10.094913377746835, 54.287014088141618 ], [ 10.047661927111909, 54.298642208574392 ], [ 10.052870289607753, 54.334328121242045 ], [ 10.092817586344214, 54.328454097149312 ], [ 10.09720393965898, 54.350528654133633 ], [ 10.032632256571853, 54.349335773639474 ], [ 10.072768157867122, 54.371915432991422 ], [ 10.119075566370173, 54.369568056053666 ], [ 10.134478671905194, 54.413426526435764 ], [ 10.16915818643089, 54.431376708384128 ] ] ] } },
{ "type": "Feature", "properties": { "ags": "01003" }, "geometry": { "type": "Polygon", "coordinates": [ [ [ 10.878836861044922, 53.98594747347218 ], [ 10.882767843092109, 53.95879206108966 ], [ 10.909410815853278, 53.947600206767149 ], [ 10.895097607876997, 53.92454817794718 ], [ 10.961601488549825, 53.914204908539084 ], [ 10.96706460991912, 53.907204863950966 ], [ 10.911023570504812, 53.897952454980299 ], [ 10.911293636342148, 53.915225583147823 ], [ 10.882571899398666, 53.924497446617011 ], [ 10.747711196033762, 53.851510960148325 ], [ 10.762964297665148, 53.811152942798479 ], [ 10.745156204465195, 53.807955251111167 ], [ 10.732405461002616, 53.827425487279775 ], [ 10.717918477422563, 53.818490714308666 ], [ 10.740164446615024, 53.80553941384693 ], [ 10.71291119130297, 53.787972008877603 ], [ 10.647686824141287, 53.777932947259487 ], [ 10.667327916321291, 53.789524127815461 ], [ 10.656806965103913, 53.800219520226797 ], [ 10.632145415445283, 53.794705260272856 ], [ 10.652181363217171, 53.792364518136992 ], [ 10.639996022642757, 53.768239221961245 ], [ 10.604180508045758, 53.775578385809595 ], [ 10.5862964165986, 53.789642815741935 ], [ 10.604405051745116, 53.8059792407511 ], [ 10.577111731092739, 53.803943920408216 ], [ 10.554770989513285, 53.826852820876951 ], [ 10.62185341627705, 53.847341096384739 ], [ 10.591196060208194, 53.854446138508408 ], [ 10.56774583693411, 53.889953061032408 ], [ 10.588609191449457, 53.897287915814282 ], [ 10.646837433112077, 53.881396029058486 ], [ 10.704155308919896, 53.911941966012975 ], [ 10.818532388595957, 53.937294299482765 ], [ 10.840885988239632, 53.991893904345346 ], [ 10.878836861044922, 53.98594747347218 ] ], [ [ 10.645514865462911, 53.790656609418114 ], [ 10.638814425671974, 53.787654714219968 ], [ 10.645795071404097, 53.788248628406791 ], [ 10.645514865462911, 53.790656609418114 ] ] ] } },
{ "type": "Feature", "properties": { "ags": "01004" }, "geometry": { "type": "Polygon", "coordinates": [ [ [ 9.995446121704328, 54.149719261370315 ], [ 10.036242447801982, 54.12738931848196 ], [ 10.02286281829632, 54.06005728814899 ], [ 10.05831822803872, 54.051597481632797 ], [ 9.948347172967713, 54.017490288040555 ], [ 9.95705796542666, 54.049086801193496 ], [ 9.928437972221786, 54.052686538246157 ], [ 9.925680892626451, 54.094796717506398 ], [ 9.995446121704328, 54.149719261370315 ] ] ] } },
{ "type": "Feature", "properties": { "ags": "01051" }, "geometry": { "type": "Polygon", "coordinates": [ [ [ 9.07776981717771, 54.362490685563976 ], [ 9.090849276985951, 54.370206086554283 ], [ 9.133092215150539, 54.350063087092323 ], [ 9.161521097665833, 54.317322168703491 ], [ 9.173881037266547, 54.334416472217775 ], [ 9.195736622789974, 54.331735442725723 ], [ 9.193286794844221, 54.315788384610158 ], [ 9.22645761883761, 54.323249851262858 ], [ 9.220088195545539, 54.346263493258668 ], [ 9.261961521253662, 54.343449706429254 ], [ 9.277905434289218, 54.324873763292302 ], [ 9.259714401602666, 54.305765860323284 ], [ 9.287784898157883, 54.275264510296132 ], [ 9.361391986479978, 54.279791760308711 ], [ 9.37606284788127, 54.294081373001646 ], [ 9.444229498207541, 54.242506873579295 ], [ 9.426877654118126, 54.18878090287194 ], [ 9.442803163574697, 54.173819129757902 ], [ 9.304147644567603, 54.125590084833824 ], [ 9.296457934683962, 53.989835763988268 ], [ 9.209319281213151, 53.933688713958681 ], [ 9.214532198306289, 53.891859081442838 ], [ 9.181776273591437, 53.887489370235521 ], [ 8.970260419365177, 53.892196218873153 ], [ 8.90939474766969, 53.931708243863177 ], [ 8.832591822893081, 54.023929408997823 ], [ 8.804609112157962, 54.023929898581038 ], [ 8.880094343805476, 54.045928842300242 ], [ 8.958102368811826, 54.033994117955068 ], [ 8.979020423736699, 54.042821462076233 ], [ 8.985125079806, 54.060986663141328 ], [ 8.958660342428599, 54.063393007498718 ], [ 8.976614874512352, 54.071228384505432 ], [ 8.927766906327312, 54.13082131560315 ], [ 8.857865500908483, 54.119192576984091 ], [ 8.809161580961101, 54.189578908353333 ], [ 8.842738374800431, 54.263631259980485 ], [ 8.900745265399992, 54.263478837506035 ], [ 8.903954088922854, 54.28617038409331 ], [ 8.993830059945733, 54.333925332232006 ], [ 8.994403146899536, 54.372385458269925 ], [ 9.020770322111645, 54.37849898024168 ], [ 9.07776981717771, 54.362490685563976 ] ] ] } },
{ "type": "Feature", "properties": { "ags": "01053" }, "geometry": { "type": "MultiPolygon", "coordinates": [ [ [ [ 10.722269238502344, 53.82313562781966 ], [ 10.772348657361388, 53.797172064761881 ], [ 10.758032962073147, 53.747517469401025 ], [ 10.805916825757294, 53.739209829549424 ], [ 10.850943712321097, 53.700124929107574 ], [ 10.922141996839164, 53.699468972512001 ], [ 10.952826705063895, 53.64934328964496 ], [ 10.910398074296056, 53.571761121789493 ], [ 10.822819387931553, 53.574920166400361 ], [ 10.824333998583249, 53.513741231996974 ], [ 10.786431193445857, 53.510456593260841 ], [ 10.756012052582548, 53.483393583482311 ], [ 10.70166122787907, 53.478255416279389 ], [ 10.692973050001847, 53.455138095126323 ], [ 10.632308138974395, 53.454802927079228 ], [ 10.616903898613417, 53.384569590705524 ], [ 10.576063792381305, 53.360058262322866 ], [ 10.498919308303687, 53.374460073587443 ], [ 10.375433567088402, 53.424830377499298 ], [ 10.30795414684404, 53.433201102324034 ], [ 10.325959156777929, 53.449639538515044 ], [ 10.301026933012176, 53.443553770283607 ], [ 10.238366620800084, 53.483264110324185 ], [ 10.238934828656429, 53.504662544561747 ], [ 10.267277200325681, 53.506570437258169 ], [ 10.277874907795541, 53.527222068455522 ], [ 10.298516823273404, 53.521479477605659 ], [ 10.307143859167894, 53.551874699271522 ], [ 10.418378812934261, 53.602227709507481 ], [ 10.470424896554354, 53.596761045189524 ], [ 10.511861615742172, 53.612937630313624 ], [ 10.405014875172402, 53.669273904353332 ], [ 10.410439092734961, 53.702386448658238 ], [ 10.443177031248535, 53.700545987394612 ], [ 10.44582792848362, 53.723906713075415 ], [ 10.39703092868584, 53.737891270443988 ], [ 10.441836431320853, 53.740786338021685 ], [ 10.473887941749551, 53.767066662391336 ], [ 10.503501743420442, 53.753467554776648 ], [ 10.533887723519806, 53.762743488709972 ], [ 10.540472361906547, 53.791409710236969 ], [ 10.594980567711078, 53.813236562456083 ], [ 10.605501433371536, 53.794946362048655 ], [ 10.5862964165986, 53.789642815741935 ], [ 10.639176725312927, 53.768105383793674 ], [ 10.638384499802511, 53.78603810962219 ], [ 10.649279967143134, 53.786941836543768 ], [ 10.652181363217171, 53.792364518136992 ], [ 10.632145415445283, 53.794705260272856 ], [ 10.668109922569746, 53.791661210204836 ], [ 10.647686824141287, 53.777932947259487 ], [ 10.694048280000208, 53.783403200039558 ], [ 10.740164446615024, 53.80553941384693 ], [ 10.722269238502344, 53.82313562781966 ] ] ], [ [ [ 10.645795071404097, 53.788248628406791 ], [ 10.638289348154533, 53.789514943997652 ], [ 10.645514865462911, 53.790656609418114 ], [ 10.645795071404097, 53.788248628406791 ] ] ] ] } },
{ "type": "Feature", "properties": { "ags": "01054" }, "geometry": { "type": "MultiPolygon", "coordinates": [ [ [ [ 8.453338261100058, 55.048586764363485 ], [ 8.396235407111165, 55.046154655254163 ], [ 8.400539823748721, 55.034813932045253 ], [ 8.4367035871347, 55.039408799490616 ], [ 8.440028993511612, 55.015870221921659 ], [ 8.379902261782309, 54.996776098950484 ], [ 8.35282184066762, 54.967857031041163 ], [ 8.365349223457736, 54.905134204509402 ], [ 8.420055869710968, 54.878818328072597 ], [ 8.605939993039295, 54.887778936794085 ], [ 8.635144636674484, 54.894151739651527 ], [ 8.638003413031425, 54.911251854894971 ], [ 8.669675316038397, 54.911347510257272 ], [ 8.727995925540124, 54.892706712357857 ], [ 8.824017551415045, 54.906833043889911 ], [ 8.94793864756751, 54.902563364726682 ], [ 9.048239957216067, 54.871876551791729 ], [ 9.113357065668161, 54.873543720689931 ], [ 9.106190544863537, 54.830236071238808 ], [ 9.078010456663252, 54.816761422817393 ], [ 9.12019848959938, 54.788126109387299 ], [ 9.078256816272249, 54.756358216929733 ], [ 9.082518031168949, 54.710000859701324 ], [ 9.062382086128849, 54.700771364269414 ], [ 9.124489174749117, 54.690607350563866 ], [ 9.171744372826627, 54.69870444110753 ], [ 9.177581110861537, 54.669951916119722 ], [ 9.222578288906728, 54.648034994632546 ], [ 9.207372779498423, 54.631345978304275 ], [ 9.267392219309444, 54.602464372600487 ], [ 9.250081174702975, 54.578460596067949 ], [ 9.310876984097979, 54.559574892029168 ], [ 9.280737985878064, 54.515252936063945 ], [ 9.327241685213494, 54.454651196151254 ], [ 9.264033214686529, 54.399645226390454 ], [ 9.263927456475635, 54.372338280594597 ], [ 9.20798359690035, 54.385874447158152 ], [ 9.171761064703201, 54.316999692351047 ], [ 9.146630175293183, 54.31997360165289 ], [ 9.152198471673763, 54.336880058857922 ], [ 9.091811589498557, 54.36993847877001 ], [ 9.062796948694492, 54.363937313400712 ], [ 9.013261713864878, 54.378994258111668 ], [ 8.983239746095347, 54.36185253828026 ], [ 8.992898558229523, 54.332881427625459 ], [ 8.903954088922854, 54.28617038409331 ], [ 8.89697533785492, 54.26212847017721 ], [ 8.841302291404956, 54.266017406591082 ], [ 8.823258518898747, 54.291255213791921 ], [ 8.781259929290179, 54.280820769788185 ], [ 8.70646957038093, 54.293145366693267 ], [ 8.674358497733497, 54.278759804590649 ], [ 8.603182349140877, 54.313325060194877 ], [ 8.602516191107469, 54.340580703729827 ], [ 8.644000455781493, 54.337925422673628 ], [ 8.692130013027512, 54.356185643589065 ], [ 8.691042180321874, 54.373076221400375 ], [ 8.64936553265253, 54.379186921159068 ], [ 8.660693777857993, 54.395164796200028 ], [ 8.871238877802588, 54.404807116219409 ], [ 9.025472841069316, 54.472835040752841 ], [ 8.984598637637568, 54.524070168699566 ], [ 8.945454493248914, 54.512425544387177 ], [ 8.893399380598799, 54.460575588588078 ], [ 8.807015455255867, 54.470158959400948 ], [ 8.806437028834926, 54.498341542767591 ], [ 8.871453105254169, 54.528293016803531 ], [ 8.892967770529623, 54.59677687426629 ], [ 8.831946659326498, 54.652591062261948 ], [ 8.752831638431712, 54.681254035636854 ], [ 8.74109406255365, 54.716367682374504 ], [ 8.68620975304432, 54.730340821821905 ], [ 8.715450891600424, 54.737715952416153 ], [ 8.701673877287746, 54.77368828932682 ], [ 8.60776158906652, 54.84105469295681 ], [ 8.603369079775392, 54.885707807893617 ], [ 8.5101817883124, 54.881395036467914 ], [ 8.414381016636764, 54.847240708284623 ], [ 8.340561373544915, 54.880574570731156 ], [ 8.296057254181568, 54.842394758426892 ], [ 8.297863340993024, 54.740165801131681 ], [ 8.278555583841362, 54.752208179671428 ], [ 8.301906304494059, 54.918227954471774 ], [ 8.395944825955191, 55.051983730776456 ], [ 8.453338261100058, 55.048586764363485 ] ] ], [ [ [ 8.360345561340889, 54.869635658959851 ], [ 8.367108614933242, 54.868546183508982 ], [ 8.365561965598779, 54.867425178514331 ], [ 8.3620640610637, 54.867294831137919 ], [ 8.360345561340889, 54.869635658959851 ] ] ], [ [ [ 8.344835227153132, 54.875720432742462 ], [ 8.34681453575041, 54.87470835820006 ], [ 8.345437849873466, 54.873798386774453 ], [ 8.344835227153132, 54.875720432742462 ] ] ] ] } },
{ "type": "Feature", "properties": { "ags": "01055" }, "geometry": { "type": "MultiPolygon", "coordinates": [ [ [ [ 11.112665426972544, 54.391941984115583 ], [ 11.125609498303096, 54.373613503605711 ], [ 11.058027849203212, 54.352392204866966 ], [ 11.075816634930758, 54.346678354432782 ], [ 11.093413117080257, 54.198667130334115 ], [ 10.955098331152522, 54.141083738571055 ], [ 10.877515196606176, 54.088017815798871 ], [ 10.823867673657896, 54.089049898850597 ], [ 10.813702012209589, 54.094022322883767 ], [ 10.815092306276933, 54.101741555930388 ], [ 10.809227396567939, 54.106655381383646 ], [ 10.75617443051979, 54.05544308715195 ], [ 10.784626432589356, 53.999321499314142 ], [ 10.850622456726372, 53.986066744675938 ], [ 10.830158004965162, 53.946537814687126 ], [ 10.637830986247534, 53.879555839323487 ], [ 10.543906612756885, 53.909824661924127 ], [ 10.553931323256025, 53.936316570107273 ], [ 10.515887308340567, 53.963016384021032 ], [ 10.530311397847608, 53.983492884435655 ], [ 10.448242832486125, 53.986647488281861 ], [ 10.501465226536496, 54.027220419184957 ], [ 10.540515074888987, 54.017171875178313 ], [ 10.56362748794824, 54.068230706955312 ], [ 10.454200618399144, 54.059975775997394 ], [ 10.417470905106926, 54.083245078224834 ], [ 10.422360788114675, 54.116163175606282 ], [ 10.437250003015242, 54.126454403487756 ], [ 10.480316595930741, 54.104375978766527 ], [ 10.495887287615554, 54.123443587031318 ], [ 10.538374430728959, 54.122665436459172 ], [ 10.482860146732737, 54.177272382805 ], [ 10.529062224656832, 54.188691388714282 ], [ 10.540552545756299, 54.227956927855651 ], [ 10.610363394739593, 54.234317403021123 ], [ 10.676523287921704, 54.191348855744067 ], [ 10.716335066572956, 54.214397227397562 ], [ 10.69877743412737, 54.23111055982983 ], [ 10.72909327222756, 54.26833253582587 ], [ 10.71375026531517, 54.305072501024803 ], [ 10.789502879810971, 54.312133408442868 ], [ 10.931205241539049, 54.381939967789165 ], [ 11.022070527320114, 54.380449561939002 ], [ 10.98006901735347, 54.375998774123666 ], [ 11.023741257674624, 54.367711673520176 ], [ 11.112665426972544, 54.391941984115583 ] ] ], [ [ [ 11.210255841444662, 54.415366708933263 ], [ 11.2070294506903, 54.415327833781511 ], [ 11.207762322374986, 54.416526053731424 ], [ 11.210255841444662, 54.415366708933263 ] ] ], [ [ [ 11.088575915833363, 54.43590693669951 ], [ 11.089401369365381, 54.437975806250094 ], [ 11.091347800296267, 54.438120449602451 ], [ 11.088575915833363, 54.43590693669951 ] ] ], [ [ [ 11.066274279563114, 54.535723781919501 ], [ 11.233378997073455, 54.501652938637292 ], [ 11.312662827907058, 54.402258423191874 ], [ 11.197467362014297, 54.406700664392588 ], [ 11.193891352085217, 54.413326579371805 ], [ 11.209180156493549, 54.413562184345182 ], [ 11.21107223379402, 54.414930480993526 ], [ 11.210508906896306, 54.417435012355966 ], [ 11.191016810623957, 54.421771996096027 ], [ 11.166109893614538, 54.412810397411853 ], [ 11.177587832369653, 54.402138034387384 ], [ 11.120965637836244, 54.40207527036295 ], [ 11.095144846290138, 54.409533599458868 ], [ 11.095116469614807, 54.445452704664156 ], [ 11.022860902728159, 54.443930697172803 ], [ 11.047145004412998, 54.428281641289388 ], [ 11.008926289527668, 54.441667608473324 ], [ 11.031162978733473, 54.511804321169549 ], [ 11.066274279563114, 54.535723781919501 ] ] ] ] } },
{ "type": "Feature", "properties": { "ags": "01056" }, "geometry": { "type": "MultiPolygon", "coordinates": [ [ [ [ 9.725210888467409, 53.558769293883053 ], [ 9.730104054201588, 53.557580911684553 ], [ 9.716279082638, 53.558517142020392 ], [ 9.725210888467409, 53.558769293883053 ] ] ], [ [ [ 9.69160650897239, 53.561578995398818 ], [ 9.697988998964915, 53.560967867704058 ], [ 9.699617984759865, 53.56002146248602 ], [ 9.69160650897239, 53.561578995398818 ] ] ], [ [ [ 9.549080533206787, 53.646950428655408 ], [ 9.556019041477812, 53.642309284814303 ], [ 9.557030231625644, 53.637723675639663 ], [ 9.549080533206787, 53.646950428655408 ] ] ], [ [ [ 9.545252540699469, 53.651641512566123 ], [ 9.552881326864483, 53.638662003592749 ], [ 9.56446870438616, 53.633357994877066 ], [ 9.558690053712496, 53.626141032283009 ], [ 9.535047722257508, 53.645359474577937 ], [ 9.542272625420946, 53.66499508016522 ], [ 9.545252540699469, 53.651641512566123 ] ] ], [ [ [ 9.526795848514084, 53.664430932582071 ], [ 9.509995468571596, 53.69393516181114 ], [ 9.496148355728465, 53.709686628524175 ], [ 9.519651889751028, 53.698774199203292 ], [ 9.526795848514084, 53.664430932582071 ] ] ], [ [ [ 9.751445145086633, 53.893038726521262 ], [ 9.824481467917582, 53.845772478986497 ], [ 9.821372871170333, 53.825937436522182 ], [ 9.844799585284365, 53.81710626673128 ], [ 9.849804367540751, 53.829647008214096 ], [ 9.88083836721702, 53.810903548567495 ], [ 9.867221344836016, 53.78173564854221 ], [ 9.89961748566178, 53.77335260041049 ], [ 9.891871160686206, 53.752444353704838 ], [ 9.94064396800392, 53.752000013759726 ], [ 9.971637321236791, 53.770059448999532 ], [ 9.984677223385804, 53.759989084253498 ], [ 9.941158270525582, 53.697708480037527 ], [ 9.945376214170667, 53.65292819144392 ], [ 9.905366421289138, 53.652194333895835 ], [ 9.889685195899817, 53.622326853210303 ], [ 9.824957924630928, 53.584527949996122 ], [ 9.763672582690454, 53.627495059913684 ], [ 9.734364927649008, 53.565215563513171 ], [ 9.672344654003558, 53.572027354332278 ], [ 9.555454737261377, 53.620733630738691 ], [ 9.566177991451029, 53.631714950367176 ], [ 9.574931655072515, 53.624076253525786 ], [ 9.579541122292392, 53.623587590149839 ], [ 9.517639352911013, 53.713861286115005 ], [ 9.583154141311303, 53.721730859363149 ], [ 9.564188050111056, 53.751465488440616 ], [ 9.645820847081776, 53.776267894117353 ], [ 9.676877642936198, 53.844864971935728 ], [ 9.655667508937169, 53.886442932866593 ], [ 9.751445145086633, 53.893038726521262 ] ] ] ] } },
{ "type": "Feature", "properties": { "ags": "01057" }, "geometry": { "type": "Polygon", "coordinates": [ [ [ 10.328207573350877, 54.435613813052711 ], [ 10.599607975282531, 54.363731303127636 ], [ 10.71375026531517, 54.305072501024803 ], [ 10.72909327222756, 54.26833253582587 ], [ 10.69877743412737, 54.23111055982983 ], [ 10.716335066572956, 54.214397227397562 ], [ 10.676523287921704, 54.191348855744067 ], [ 10.610363394739593, 54.234317403021123 ], [ 10.540552545756299, 54.227956927855651 ], [ 10.529062224656832, 54.188691388714282 ], [ 10.482860146732737, 54.177272382805 ], [ 10.538374430728959, 54.122665436459172 ], [ 10.495887287615554, 54.123443587031318 ], [ 10.480316595930741, 54.104375978766527 ], [ 10.437250003015242, 54.126454403487756 ], [ 10.419034553608864, 54.072082585967316 ], [ 10.373846211055453, 54.072835497818481 ], [ 10.354823583608114, 54.107715004372686 ], [ 10.240910791223918, 54.090826429181966 ], [ 10.159527613675616, 54.055387107535779 ], [ 10.025864908394036, 54.058707612012853 ], [ 10.025835507783729, 54.125924517243043 ], [ 10.115859944803486, 54.12943332230806 ], [ 10.130468329406469, 54.144604484228829 ], [ 10.129956067080856, 54.2311265329623 ], [ 10.097782183948627, 54.239531300052064 ], [ 10.135572306897389, 54.257651748053085 ], [ 10.183771118835917, 54.253131850082852 ], [ 10.2092812013175, 54.280120453010483 ], [ 10.189057419665113, 54.30977461215781 ], [ 10.217796463627078, 54.329407077351867 ], [ 10.201763607215311, 54.324302087598312 ], [ 10.204514210649764, 54.341145926651024 ], [ 10.174162085169998, 54.345745383882452 ], [ 10.178220817873909, 54.361143117301282 ], [ 10.226061065240625, 54.413905587349468 ], [ 10.328207573350877, 54.435613813052711 ] ] ] } },
{ "type": "Feature", "properties": { "ags": "01058" }, "geometry": { "type": "Polygon", "coordinates": [ [ [ 9.972215320107923, 54.646652490011355 ], [ 10.031169822290225, 54.636575219685618 ], [ 10.026625463714314, 54.550264583373263 ], [ 9.964664114934381, 54.502477650220627 ], [ 9.868951157726443, 54.473287443666912 ], [ 9.844316751226295, 54.476549679550459 ], [ 9.837000214772589, 54.475453217744288 ], [ 9.832853906657938, 54.473559249007117 ], [ 9.867551649440536, 54.448119750010079 ], [ 10.127937395537543, 54.485110209170884 ], [ 10.199299714044137, 54.455775117360652 ], [ 10.134478671905194, 54.413426526435764 ], [ 10.119075566370173, 54.369568056053666 ], [ 10.072768157867122, 54.371915432991422 ], [ 10.03310039541196, 54.352928923491596 ], [ 10.103649206951545, 54.341854373186671 ], [ 10.085713790926043, 54.325943791695401 ], [ 10.052870289607753, 54.334328121242045 ], [ 10.042066258336467, 54.312126648876934 ], [ 10.058049424887901, 54.288211240079626 ], [ 10.094913377746835, 54.287014088141618 ], [ 10.083736697599942, 54.268381529332785 ], [ 10.123566190085707, 54.258079985490362 ], [ 10.097245308848619, 54.238452309052242 ], [ 10.129956067080856, 54.2311265329623 ], [ 10.115859944803486, 54.12943332230806 ], [ 10.034851259875257, 54.128785160336882 ], [ 9.980322367363247, 54.147906204274669 ], [ 9.925680892626451, 54.094796717506398 ], [ 9.928437972221786, 54.052686538246157 ], [ 9.95705796542666, 54.049086801193496 ], [ 9.946075416764621, 54.022744418732863 ], [ 9.900428210795761, 54.009702904806673 ], [ 9.813773392618041, 54.022729738479292 ], [ 9.804509537114409, 54.050558288169306 ], [ 9.713093785347972, 54.042491096243467 ], [ 9.679374459387576, 54.063043442463758 ], [ 9.657412040714583, 54.046961651226958 ], [ 9.60496971002445, 54.048749375035761 ], [ 9.584656567158184, 54.086856088597273 ], [ 9.534854917796288, 54.099765631987282 ], [ 9.453434901572814, 54.087686046833618 ], [ 9.419422931137808, 54.062157099895195 ], [ 9.311084383169634, 54.063437027296189 ], [ 9.304147644567603, 54.125590084833824 ], [ 9.442803163574697, 54.173819129757902 ], [ 9.426877654118126, 54.18878090287194 ], [ 9.443461336445573, 54.245068800995696 ], [ 9.393510752108172, 54.288964932929915 ], [ 9.408381132843637, 54.341105485688765 ], [ 9.475798252396194, 54.33646377497427 ], [ 9.556189479936712, 54.357861678629234 ], [ 9.553497720132336, 54.428368784686263 ], [ 9.639251926412822, 54.453241353516994 ], [ 9.643386544296041, 54.481488624727376 ], [ 9.710510589977895, 54.493133182228185 ], [ 9.697021786427717, 54.518576344522884 ], [ 9.766579220990108, 54.526480873032206 ], [ 9.734756687599681, 54.527147295037246 ], [ 9.749153719737246, 54.546780891039511 ], [ 9.94299517125339, 54.636577845303137 ], [ 9.964726594958343, 54.625767308460652 ], [ 9.972215320107923, 54.646652490011355 ] ], [ [ 9.414183746229501, 54.074399301490523 ], [ 9.429147673753322, 54.079486465697123 ], [ 9.422903353876716, 54.084265159193137 ], [ 9.414183746229501, 54.074399301490523 ] ] ] } },
{ "type": "Feature", "properties": { "ags": "01059" }, "geometry": { "type": "MultiPolygon", "coordinates": [ [ [ [ 9.563878193051236, 54.510090585341104 ], [ 9.564366275539172, 54.506899703014184 ], [ 9.561378699456094, 54.508003425872033 ], [ 9.563878193051236, 54.510090585341104 ] ] ], [ [ [ 9.491949564852346, 54.822635672589463 ], [ 9.614178130852526, 54.876235799794664 ], [ 9.589751213584957, 54.85106829374854 ], [ 9.604433492497545, 54.830772724649222 ], [ 9.791877347445009, 54.79781001368135 ], [ 9.845578708504092, 54.756036404424748 ], [ 9.905374298557712, 54.763342886991907 ], [ 9.899697563674046, 54.772790011482165 ], [ 9.909238650170993, 54.799988281520363 ], [ 9.957233879454337, 54.779855809519326 ], [ 9.988994157251954, 54.718315221487941 ], [ 10.035282342223233, 54.689607957921233 ], [ 10.036726319463089, 54.682582786622639 ], [ 10.034195250044672, 54.672847794901998 ], [ 10.030243432200189, 54.690388072786078 ], [ 9.992955039827242, 54.681978803730473 ], [ 9.983343891611351, 54.700998329551084 ], [ 9.978042902348657, 54.682478927582643 ], [ 9.937902866224464, 54.673208858478304 ], [ 9.931476976365689, 54.628057623396707 ], [ 9.909070249468201, 54.634468008790684 ], [ 9.793319274404217, 54.573849584494525 ], [ 9.770109315020095, 54.580439104218577 ], [ 9.712181762995167, 54.520096863890323 ], [ 9.646576905861069, 54.523780010842238 ], [ 9.633889864244917, 54.513100243443837 ], [ 9.627073385595262, 54.531057433516629 ], [ 9.587381631212452, 54.510189714351597 ], [ 9.556717036841325, 54.512999862892542 ], [ 9.54521706907987, 54.509080147920656 ], [ 9.575191314328876, 54.50133114276106 ], [ 9.64246089415732, 54.510790020500821 ], [ 9.675124257631225, 54.496073367804506 ], [ 9.631769713102578, 54.473229012323841 ], [ 9.639251926412822, 54.453241353516994 ], [ 9.553497720132336, 54.428368784686263 ], [ 9.556189479936712, 54.357861678629234 ], [ 9.475798252396194, 54.33646377497427 ], [ 9.415825866252872, 54.346324026224032 ], [ 9.390841938491135, 54.324007666646196 ], [ 9.406100597077939, 54.296681165350577 ], [ 9.302702534137756, 54.27186931155093 ], [ 9.259714401602666, 54.305765860323284 ], [ 9.277905434289218, 54.324873763292302 ], [ 9.26479822300084, 54.342076748506202 ], [ 9.220088195545539, 54.346263493258668 ], [ 9.22645761883761, 54.323249851262858 ], [ 9.192092392941161, 54.315668206506999 ], [ 9.171351593224388, 54.344159959288945 ], [ 9.208428894843745, 54.363412331298377 ], [ 9.20798359690035, 54.385874447158152 ], [ 9.263927456475635, 54.372338280594597 ], [ 9.279365962518451, 54.41948556658933 ], [ 9.327013025690185, 54.447807505936595 ], [ 9.280737985878064, 54.515252936063945 ], [ 9.310876984097979, 54.559574892029168 ], [ 9.250081174702975, 54.578460596067949 ], [ 9.267392219309444, 54.602464372600487 ], [ 9.207372779498423, 54.631345978304275 ], [ 9.222578288906728, 54.648034994632546 ], [ 9.177581110861537, 54.669951916119722 ], [ 9.171744372826627, 54.69870444110753 ], [ 9.124489174749117, 54.690607350563866 ], [ 9.062382086128849, 54.700771364269414 ], [ 9.082518031168949, 54.710000859701324 ], [ 9.078256816272249, 54.756358216929733 ], [ 9.12019848959938, 54.788126109387299 ], [ 9.078010456663252, 54.816761422817393 ], [ 9.106190544863537, 54.830236071238808 ], [ 9.113357065668161, 54.873543720689931 ], [ 9.240138464252086, 54.849983793502808 ], [ 9.25008113925918, 54.809715278543131 ], [ 9.294776513775346, 54.801872601136196 ], [ 9.343610061133109, 54.800247991517601 ], [ 9.382680668164392, 54.839201449149726 ], [ 9.411130804052281, 54.842297014333582 ], [ 9.405471190716057, 54.795324640051248 ], [ 9.357220592142854, 54.779481944135895 ], [ 9.379014518246226, 54.753200215887823 ], [ 9.453087744236269, 54.752117653418267 ], [ 9.474710042489869, 54.772379223109745 ], [ 9.506660203902198, 54.772937916932129 ], [ 9.491949564852346, 54.822635672589463 ] ] ], [ [ [ 9.959804305430991, 54.675515723365315 ], [ 9.988463642661065, 54.663903666431295 ], [ 10.003352581330306, 54.673899643235934 ], [ 10.010294392635204, 54.661525552713414 ], [ 10.035222744741167, 54.670416333881406 ], [ 10.014303006044207, 54.660190540389621 ], [ 10.03448521530804, 54.657645034435809 ], [ 10.031169822290225, 54.636575219685618 ], [ 9.970170956712181, 54.647008229833638 ], [ 9.97091039744612, 54.63231851369607 ], [ 9.954114231851049, 54.629428959671074 ], [ 9.936665924537394, 54.650462978326175 ], [ 9.959804305430991, 54.675515723365315 ] ] ] ] } },
{ "type": "Feature", "properties": { "ags": "01060" }, "geometry": { "type": "Polygon", "coordinates": [ [ [ 10.354823583608114, 54.107715004372686 ], [ 10.373846211055453, 54.072835497818481 ], [ 10.419034553608864, 54.072082585967316 ], [ 10.417470905106926, 54.083245078224834 ], [ 10.484637468965412, 54.058407237738535 ], [ 10.505206538818458, 54.072585700889228 ], [ 10.56362748794824, 54.068230706955312 ], [ 10.540515074888987, 54.017171875178313 ], [ 10.501465226536496, 54.027220419184957 ], [ 10.448242832486125, 53.986647488281861 ], [ 10.530311397847608, 53.983492884435655 ], [ 10.515887308340567, 53.963016384021032 ], [ 10.550563036727135, 53.929360416888677 ], [ 10.505764823477586, 53.901145978654348 ], [ 10.429258173254201, 53.899455219614453 ], [ 10.443043798423782, 53.883787218099016 ], [ 10.398164507498146, 53.862396958793411 ], [ 10.353681853975871, 53.853421352609786 ], [ 10.330166352701763, 53.871817834485825 ], [ 10.318115395315706, 53.852954175974546 ], [ 10.287053509475788, 53.854126587070468 ], [ 10.239323941892476, 53.826995775514192 ], [ 10.263460159395153, 53.783706839862653 ], [ 10.218307763210785, 53.782507588905538 ], [ 10.194941917969595, 53.802728839554966 ], [ 10.143674456885416, 53.782540418050445 ], [ 10.127424517943531, 53.745720793032753 ], [ 10.108483035441832, 53.745249177740469 ], [ 10.108974928622388, 53.76982243416704 ], [ 10.042310249789566, 53.765425865807472 ], [ 10.027527699613902, 53.725692220070606 ], [ 10.073566464793988, 53.709223178348033 ], [ 10.069265381982293, 53.679450558708865 ], [ 9.998695505126912, 53.681467459183175 ], [ 9.988940705179777, 53.648560258327819 ], [ 9.948180663007621, 53.651224553544708 ], [ 9.934875513421581, 53.678973409237187 ], [ 9.984677223385804, 53.759989084253498 ], [ 9.971637321236791, 53.770059448999532 ], [ 9.94064396800392, 53.752000013759726 ], [ 9.891871160686206, 53.752444353704838 ], [ 9.89961748566178, 53.77335260041049 ], [ 9.867221344836016, 53.78173564854221 ], [ 9.88083836721702, 53.810903548567495 ], [ 9.849804367540751, 53.829647008214096 ], [ 9.844799585284365, 53.81710626673128 ], [ 9.821372871170333, 53.825937436522182 ], [ 9.824481467917582, 53.845772478986497 ], [ 9.763599414918961, 53.8731501651882 ], [ 9.757885408191219, 53.929117587353595 ], [ 9.814618174190388, 53.94430916955195 ], [ 9.77732054217692, 53.981349425494955 ], [ 9.80347710554685, 53.981947334969327 ], [ 9.823107106282892, 53.959419503861064 ], [ 9.825951364580536, 53.990056103625598 ], [ 9.864329511883446, 54.012030299646035 ], [ 9.999291227795874, 54.023986464562959 ], [ 10.055894676423071, 54.05712941450583 ], [ 10.159527613675616, 54.055387107535779 ], [ 10.240910791223918, 54.090826429181966 ], [ 10.354823583608114, 54.107715004372686 ] ] ] } },
{ "type": "Feature", "properties": { "ags": "01061" }, "geometry": { "type": "MultiPolygon", "coordinates": [ [ [ [ 9.496148355728465, 53.709686628524175 ], [ 9.496623872773872, 53.71118264283313 ], [ 9.500448690174952, 53.710519531618402 ], [ 9.496148355728465, 53.709686628524175 ] ] ], [ [ [ 9.415923829200713, 53.758141082087917 ], [ 9.406255685920856, 53.769482362792758 ], [ 9.389010215784316, 53.799859635765344 ], [ 9.41201778108943, 53.77134796213808 ], [ 9.415923829200713, 53.758141082087917 ] ] ], [ [ [ 9.53320799426217, 54.098599444619076 ], [ 9.584656567158184, 54.086856088597273 ], [ 9.60496971002445, 54.048749375035761 ], [ 9.657412040714583, 54.046961651226958 ], [ 9.679374459387576, 54.063043442463758 ], [ 9.713093785347972, 54.042491096243467 ], [ 9.804509537114409, 54.050558288169306 ], [ 9.813773392618041, 54.022729738479292 ], [ 9.864329511883446, 54.012030299646035 ], [ 9.825951364580536, 53.990056103625598 ], [ 9.829671053606257, 53.961449100467362 ], [ 9.77732054217692, 53.981349425494955 ], [ 9.814618174190388, 53.94430916955195 ], [ 9.757885408191219, 53.929117587353595 ], [ 9.751445145086633, 53.893038726521262 ], [ 9.645460662094681, 53.878881002584549 ], [ 9.676877642936198, 53.844864971935728 ], [ 9.645820847081776, 53.776267894117353 ], [ 9.564188050111056, 53.751465488440616 ], [ 9.583154141311303, 53.721730859363149 ], [ 9.517639352911013, 53.713861286115005 ], [ 9.42977244571653, 53.751214289207056 ], [ 9.399293701465517, 53.826078757353599 ], [ 9.295432899243179, 53.871528619996077 ], [ 9.198433534960801, 53.889431760936226 ], [ 9.214593059362139, 53.939133518547251 ], [ 9.296457934683962, 53.989835763988268 ], [ 9.305136711614875, 54.019500144472644 ], [ 9.285185857858369, 54.038467914654476 ], [ 9.311084383169634, 54.063437027296189 ], [ 9.419422931137808, 54.062157099895195 ], [ 9.453434901572814, 54.087686046833618 ], [ 9.53320799426217, 54.098599444619076 ] ] ], [ [ [ 9.422903353876716, 54.084265159193137 ], [ 9.418511658756071, 54.071122413140792 ], [ 9.416036959103428, 54.071756675481012 ], [ 9.422903353876716, 54.084265159193137 ] ] ] ] } },
{ "type": "Feature", "properties": { "ags": "01062" }, "geometry": { "type": "MultiPolygon", "coordinates": [ [ [ [ 10.071429870134619, 53.697023615940545 ], [ 10.069628136318087, 53.706244637685188 ], [ 10.079097455422364, 53.704156785058863 ], [ 10.071429870134619, 53.697023615940545 ] ] ], [ [ [ 10.541977284679193, 53.912726729307636 ], [ 10.583451457448705, 53.904271090756069 ], [ 10.564268876017536, 53.883307561713394 ], [ 10.62185341627705, 53.847341096384739 ], [ 10.55542507264845, 53.827750874146979 ], [ 10.58227985843841, 53.804648978188716 ], [ 10.540472361906547, 53.791409710236969 ], [ 10.533887723519806, 53.762743488709972 ], [ 10.503501743420442, 53.753467554776648 ], [ 10.473887941749551, 53.767066662391336 ], [ 10.441836431320853, 53.740786338021685 ], [ 10.396956583079024, 53.737289266113045 ], [ 10.44582792848362, 53.723906713075415 ], [ 10.443177031248535, 53.700545987394612 ], [ 10.410439092734961, 53.702386448658238 ], [ 10.405014875172402, 53.669273904353332 ], [ 10.450413383028897, 53.63471733477256 ], [ 10.498563945676187, 53.63036049953628 ], [ 10.508868951479178, 53.608903485524351 ], [ 10.470424896554354, 53.596761045189524 ], [ 10.418378812934261, 53.602227709507481 ], [ 10.307143859167894, 53.551874699271522 ], [ 10.298516823273404, 53.521479477605659 ], [ 10.273644750961376, 53.525758644682227 ], [ 10.267277200325681, 53.506570437258169 ], [ 10.226059605055724, 53.495459649889803 ], [ 10.210601310074619, 53.520046537734267 ], [ 10.163705021452305, 53.520349972411971 ], [ 10.14744232271384, 53.566321625798629 ], [ 10.161722830942965, 53.585698735759962 ], [ 10.201449728147622, 53.584075870899539 ], [ 10.188952193267044, 53.613014215374363 ], [ 10.221761273581137, 53.633722533579267 ], [ 10.18963501896854, 53.638156660802295 ], [ 10.196056384249109, 53.654703929384944 ], [ 10.140273003133888, 53.680126680868106 ], [ 10.193670978660528, 53.731015115675206 ], [ 10.162874102017943, 53.738086743891962 ], [ 10.121056100617707, 53.713395167714587 ], [ 10.08184212838689, 53.720420081270397 ], [ 10.070215155833223, 53.708142432080088 ], [ 10.033227340023263, 53.718718293876236 ], [ 10.022741461602349, 53.749530919480705 ], [ 10.043096178178976, 53.765671334070383 ], [ 10.095472742501629, 53.770399061745394 ], [ 10.108483035441832, 53.745249177740469 ], [ 10.127424517943531, 53.745720793032753 ], [ 10.143674456885416, 53.782540418050445 ], [ 10.194941917969595, 53.802728839554966 ], [ 10.218307763210785, 53.782507588905538 ], [ 10.263460159395153, 53.783706839862653 ], [ 10.239323941892476, 53.826995775514192 ], [ 10.289570729663591, 53.855163941416542 ], [ 10.318115395315706, 53.852954175974546 ], [ 10.32033899856256, 53.870052335494037 ], [ 10.356898133708025, 53.853353790726594 ], [ 10.432216326465948, 53.875221031357519 ], [ 10.429258173254201, 53.899455219614453 ], [ 10.541977284679193, 53.912726729307636 ] ] ] ] } },
{ "type": "Feature", "properties": { "ags": "02000" }, "geometry": { "type": "MultiPolygon", "coordinates": [ [ [ [ 9.740285964505002, 53.556891971551451 ], [ 9.779012103791572, 53.554610166755872 ], [ 9.783306057256601, 53.551122425552649 ], [ 9.740285964505002, 53.556891971551451 ] ] ], [ [ [ 9.730104054201588, 53.557580911684553 ], [ 9.730315195668354, 53.55801930887327 ], [ 9.732040374414954, 53.557471618309592 ], [ 9.730104054201588, 53.557580911684553 ] ] ], [ [ [ 10.190820019200544, 53.731367414026529 ], [ 10.140273003133888, 53.680126680868106 ], [ 10.196056384249109, 53.654703929384944 ], [ 10.18963501896854, 53.638156660802295 ], [ 10.221761273581137, 53.633722533579267 ], [ 10.188952193267044, 53.613014215374363 ], [ 10.201449728147622, 53.584075870899539 ], [ 10.152083349621529, 53.576830104558802 ], [ 10.152582686704783, 53.539792799250698 ], [ 10.164643036846007, 53.519939163713161 ], [ 10.210601310074619, 53.520046537734267 ], [ 10.301524989997622, 53.443258013766219 ], [ 10.325959156777929, 53.449639538515044 ], [ 10.318190260617856, 53.435330510205524 ], [ 10.231798130215511, 53.395077588741266 ], [ 10.167735069410345, 53.398502485609768 ], [ 10.051810703953745, 53.463918938300431 ], [ 9.98443287188667, 53.415413777837486 ], [ 9.949211968134094, 53.430949973286928 ], [ 9.906566144783387, 53.415790909078055 ], [ 9.921486178308843, 53.436550149594794 ], [ 9.901583510136698, 53.457322649864849 ], [ 9.862387476700663, 53.4298765908867 ], [ 9.799804376893382, 53.469637467432868 ], [ 9.802426170209021, 53.493251538515075 ], [ 9.763793944283094, 53.50810650423989 ], [ 9.765441704759125, 53.541114561211195 ], [ 9.816526367787205, 53.52934837165305 ], [ 9.826274450871624, 53.552559525490523 ], [ 9.734364927649008, 53.565215563513171 ], [ 9.76012595378146, 53.62448168401253 ], [ 9.828781927643902, 53.585290567734489 ], [ 9.889685195899817, 53.622326853210303 ], [ 9.905366421289138, 53.652194333895835 ], [ 9.984841957372815, 53.647312292313032 ], [ 9.998695505126912, 53.681467459183175 ], [ 10.069265381982293, 53.679450558708865 ], [ 10.08184212838689, 53.720420081270397 ], [ 10.121056100617707, 53.713395167714587 ], [ 10.162874102017943, 53.738086743891962 ], [ 10.190820019200544, 53.731367414026529 ] ] ] ] } },
{ "type": "Feature", "properties": { "ags": "03101" }, "geometry": { "type": "Polygon", "coordinates": [ [ [ 10.476550776513221, 52.352079981796905 ], [ 10.546319032774873, 52.348346796721863 ], [ 10.527603475862172, 52.327888105788126 ], [ 10.568925983335811, 52.351933353298996 ], [ 10.612976131217341, 52.348529030599273 ], [ 10.601645422362999, 52.337520441775737 ], [ 10.628877761755993, 52.326099387862172 ], [ 10.614074763735868, 52.31174248942456 ], [ 10.642989265547756, 52.295423837773065 ], [ 10.592294899969355, 52.251551720421936 ], [ 10.600339813790864, 52.226112356951305 ], [ 10.574821509929848, 52.222994629053964 ], [ 10.577565168181478, 52.204826883165801 ], [ 10.505107206346798, 52.18673493867994 ], [ 10.484463382275514, 52.208231177154815 ], [ 10.439666556143418, 52.203200442756106 ], [ 10.428348092684715, 52.245694760348009 ], [ 10.453009281872909, 52.256784348765045 ], [ 10.421459714591979, 52.2672921631872 ], [ 10.440652689218265, 52.285569254639164 ], [ 10.418364581216304, 52.285924937972787 ], [ 10.412413689518001, 52.318222216078929 ], [ 10.424067125150906, 52.330227669509007 ], [ 10.48511872227099, 52.320415355295061 ], [ 10.476550776513221, 52.352079981796905 ] ] ] } },
{ "type": "Feature", "properties": { "ags": "03102" }, "geometry": { "type": "Polygon", "coordinates": [ [ [ 10.347442182208118, 52.176123109213378 ], [ 10.430204001742695, 52.221531626127302 ], [ 10.439666556143418, 52.203200442756106 ], [ 10.484463382275514, 52.208231177154815 ], [ 10.50650305907665, 52.186992586705344 ], [ 10.440197227506182, 52.139868999950608 ], [ 10.429045752960624, 52.11192707705294 ], [ 10.485309825856973, 52.052303544546646 ], [ 10.437676366823984, 52.056229396542136 ], [ 10.404849310532439, 52.029256507696388 ], [ 10.32609310068357, 52.013030693764073 ], [ 10.329865954893563, 52.025404200213131 ], [ 10.289756568374964, 52.030890073442833 ], [ 10.28290388900156, 52.047108894243379 ], [ 10.33763362892763, 52.042856131367941 ], [ 10.333106958489381, 52.079746038022449 ], [ 10.303650683633354, 52.106769640301245 ], [ 10.253570678161095, 52.107512307058059 ], [ 10.23060936434439, 52.170530204230062 ], [ 10.315621672857684, 52.189695567895001 ], [ 10.319557802513936, 52.176666681282434 ], [ 10.347442182208118, 52.176123109213378 ] ] ] } },
{ "type": "Feature", "properties": { "ags": "03103" }, "geometry": { "type": "Polygon", "coordinates": [ [ [ 10.785359855966696, 52.494219607471194 ], [ 10.875248680282333, 52.474568944552878 ], [ 10.895378420054771, 52.418356774096004 ], [ 10.877253816998786, 52.41524469011717 ], [ 10.906861319161761, 52.413768618452103 ], [ 10.867842524520848, 52.386788258349981 ], [ 10.8801965906018, 52.373736231891812 ], [ 10.852045659634314, 52.364765545440939 ], [ 10.887108753490473, 52.345375354411765 ], [ 10.846469157298902, 52.315946204930889 ], [ 10.806368416075841, 52.329941602879749 ], [ 10.822258738799487, 52.345451571569953 ], [ 10.774773559395562, 52.338966775269121 ], [ 10.6704875026492, 52.379334110048234 ], [ 10.652462235079986, 52.41531516816837 ], [ 10.647242587832524, 52.444075014554542 ], [ 10.673865295887381, 52.462417376842531 ], [ 10.738397379456103, 52.443088713721764 ], [ 10.785359855966696, 52.494219607471194 ] ] ] } },
{ "type": "Feature", "properties": { "ags": "03151" }, "geometry": { "type": "Polygon", "coordinates": [ [ [ 10.55969608939097, 52.828471676571695 ], [ 10.593669378353756, 52.794637810835027 ], [ 10.669901372100812, 52.765063729739836 ], [ 10.75931438930405, 52.795830282028717 ], [ 10.796696774502719, 52.714326356336052 ], [ 10.829703151028509, 52.716135163887891 ], [ 10.921411938390007, 52.610437080669989 ], [ 10.976967998411856, 52.624141616377585 ], [ 10.937575735870164, 52.567399651874304 ], [ 11.008781743756503, 52.496747644288781 ], [ 10.949993653398794, 52.495605650450678 ], [ 10.905574884144512, 52.459730315442016 ], [ 10.781473211215976, 52.495080417096545 ], [ 10.738397379456103, 52.443088713721764 ], [ 10.673865295887381, 52.462417376842531 ], [ 10.647242587832524, 52.444075014554542 ], [ 10.671231790520499, 52.377966055219822 ], [ 10.622312633389223, 52.387420194830661 ], [ 10.604656698303932, 52.376036964176038 ], [ 10.617745088173491, 52.346148542106597 ], [ 10.568925983335811, 52.351933353298996 ], [ 10.538400651296142, 52.327932728572158 ], [ 10.546319032774873, 52.348346796721863 ], [ 10.476550776513221, 52.352079981796905 ], [ 10.48511872227099, 52.320415355295061 ], [ 10.441526294403523, 52.321437450508867 ], [ 10.401935396238121, 52.351769195569695 ], [ 10.424723502534682, 52.355365056837307 ], [ 10.425027233013559, 52.37889363612382 ], [ 10.38437908606809, 52.370680704171363 ], [ 10.358926226999515, 52.423933944167892 ], [ 10.283485874762748, 52.451710717292919 ], [ 10.303397308703635, 52.458721049606581 ], [ 10.272232471333178, 52.482840918448311 ], [ 10.288987975119944, 52.506333207165149 ], [ 10.259564412314585, 52.515954299121411 ], [ 10.306234706796861, 52.522522100398042 ], [ 10.351661627772272, 52.561159525013103 ], [ 10.383084250807673, 52.547072006001173 ], [ 10.378283208706714, 52.56051104314605 ], [ 10.410596827020603, 52.564123747261604 ], [ 10.381595541380735, 52.57301441008746 ], [ 10.417396835060071, 52.606596203698331 ], [ 10.379570234411885, 52.632662297765165 ], [ 10.405978555419075, 52.65753044508638 ], [ 10.362937455812506, 52.721998157425844 ], [ 10.403443817239777, 52.758763853839241 ], [ 10.395986000863996, 52.77537079491438 ], [ 10.444409846987407, 52.815763267563071 ], [ 10.55969608939097, 52.828471676571695 ] ] ] } },
{ "type": "Feature", "properties": { "ags": "03153" }, "geometry": { "type": "Polygon", "coordinates": [ [ [ 10.437676366823984, 52.056229396542136 ], [ 10.499008550669965, 52.021999611595916 ], [ 10.478902074582408, 52.005017633679472 ], [ 10.500742885343836, 51.979093467330721 ], [ 10.532928336271253, 51.970516589636091 ], [ 10.558475026408102, 52.006082197610667 ], [ 10.619941215749629, 51.957678619517097 ], [ 10.651303745510667, 51.957561076774738 ], [ 10.613260483240843, 51.939467872078126 ], [ 10.649322125792308, 51.889104933801235 ], [ 10.579100529358996, 51.84825725390747 ], [ 10.574202935878898, 51.810865672141148 ], [ 10.591200479577376, 51.768987650641783 ], [ 10.626096715006643, 51.759016894872182 ], [ 10.66866750673219, 51.709421733350581 ], [ 10.670507134831441, 51.666912680495805 ], [ 10.69868530988481, 51.639484330742555 ], [ 10.65089277027932, 51.642629798510335 ], [ 10.593370209197131, 51.679886740067325 ], [ 10.50429632182988, 51.663185202180479 ], [ 10.494485897882347, 51.692656344003922 ], [ 10.465960406646412, 51.69687601078617 ], [ 10.485270920275356, 51.703644149333293 ], [ 10.49401887524308, 51.766323861244864 ], [ 10.425777153355661, 51.771938488693621 ], [ 10.392742846964579, 51.789175805870428 ], [ 10.356714829529105, 51.766868362683923 ], [ 10.308128121957729, 51.76589665432865 ], [ 10.279373753031742, 51.775901623515843 ], [ 10.270160178299069, 51.813438755146166 ], [ 10.241113077560852, 51.833176552174649 ], [ 10.2197655381971, 51.817210252717615 ], [ 10.20266251060368, 51.826825459268491 ], [ 10.192706139615566, 51.811336457173432 ], [ 10.168420956475895, 51.813926948368156 ], [ 10.153714568560758, 51.793543314274231 ], [ 10.143007643320857, 51.830673076407479 ], [ 10.107995797101502, 51.835650583715115 ], [ 10.106180692323049, 51.9023928468105 ], [ 10.065643946283192, 51.924592121267167 ], [ 10.082573637229832, 51.958032478619437 ], [ 10.190638908939256, 51.955528939804957 ], [ 10.204089191113994, 52.007234344666678 ], [ 10.23041897561512, 52.003740690217533 ], [ 10.286168792833131, 52.033828701784081 ], [ 10.329865954893563, 52.025404200213131 ], [ 10.32609310068357, 52.013030693764073 ], [ 10.365773415209812, 52.015337863735795 ], [ 10.437676366823984, 52.056229396542136 ] ] ] } },
{ "type": "Feature", "properties": { "ags": "03154" }, "geometry": { "type": "Polygon", "coordinates": [ [ [ 10.934542609854034, 52.471794927809412 ], [ 11.015160052561269, 52.388106805153463 ], [ 11.074479825283602, 52.374403263934902 ], [ 11.05747447846103, 52.350333144722988 ], [ 10.983673924729279, 52.341686460854056 ], [ 11.036015160262155, 52.310396037398277 ], [ 11.013800796668221, 52.286649048314644 ], [ 11.08624411860608, 52.228633836813948 ], [ 11.0136465886435, 52.19955618948736 ], [ 11.01783535583329, 52.179327584192137 ], [ 11.060336961081132, 52.17238740707274 ], [ 11.044135171035773, 52.133665502698015 ], [ 10.942159787218248, 52.103090282678536 ], [ 10.970652820031441, 52.086264941097511 ], [ 10.964414597394926, 52.056643158750433 ], [ 10.80148916565896, 52.047996980186511 ], [ 10.793916684603325, 52.079699148454651 ], [ 10.842248807911469, 52.098405337318688 ], [ 10.835743760470381, 52.117312619714497 ], [ 10.870270976645491, 52.122841221132461 ], [ 10.885166266103262, 52.180071235789129 ], [ 10.845983950470243, 52.174380616600949 ], [ 10.813684518812057, 52.206345547010876 ], [ 10.783953465200854, 52.206491974378224 ], [ 10.724571872982509, 52.262824556730244 ], [ 10.732746117395463, 52.293163544003335 ], [ 10.715621677090466, 52.303256754448661 ], [ 10.642989265547756, 52.295423837773065 ], [ 10.620338436750783, 52.305467748692692 ], [ 10.604656698303932, 52.376036964176038 ], [ 10.622312633389223, 52.387420194830661 ], [ 10.688714040345863, 52.380179225127407 ], [ 10.774773559395562, 52.338966775269121 ], [ 10.822258738799487, 52.345451571569953 ], [ 10.806368416075841, 52.329941602879749 ], [ 10.846469157298902, 52.315946204930889 ], [ 10.887108753490473, 52.345375354411765 ], [ 10.852045659634314, 52.364765545440939 ], [ 10.8801965906018, 52.373736231891812 ], [ 10.867842524520848, 52.386788258349981 ], [ 10.906861319161761, 52.413768618452103 ], [ 10.877253816998786, 52.41524469011717 ], [ 10.895378420054771, 52.418356774096004 ], [ 10.877333073351334, 52.438602934082752 ], [ 10.890571078867291, 52.460119705299711 ], [ 10.934542609854034, 52.471794927809412 ] ] ] } },
{ "type": "Feature", "properties": { "ags": "03155" }, "geometry": { "type": "MultiPolygon", "coordinates": [ [ [ [ 9.672377670716811, 51.5684040099746 ], [ 9.636377648869452, 51.558933049823267 ], [ 9.626830883970271, 51.581976062041903 ], [ 9.672377670716811, 51.5684040099746 ] ] ], [ [ [ 10.033581006727388, 51.947798651708879 ], [ 10.106180692323049, 51.9023928468105 ], [ 10.107995797101502, 51.835650583715115 ], [ 10.143007643320857, 51.830673076407479 ], [ 10.138545115352601, 51.805705358773771 ], [ 10.155922204032729, 51.80224912494679 ], [ 10.1526826192993, 51.747213283557421 ], [ 10.113952530858032, 51.714444916995539 ], [ 10.139667853156626, 51.707822307069065 ], [ 10.162046911949687, 51.649298611190083 ], [ 10.119764777617561, 51.614695539113072 ], [ 9.951497711795041, 51.620988233119007 ], [ 9.940056878410525, 51.602072960711041 ], [ 9.835350571321797, 51.613284469621895 ], [ 9.81590291895969, 51.597282311803113 ], [ 9.797486867848068, 51.611607849762031 ], [ 9.743128577624866, 51.614499405111104 ], [ 9.68533080179861, 51.582016513001342 ], [ 9.637835474588403, 51.608804810609854 ], [ 9.625999283190223, 51.636913968184722 ], [ 9.570707597355112, 51.624719775059475 ], [ 9.543630864674082, 51.639866688446958 ], [ 9.516330175735984, 51.626191146376215 ], [ 9.491929532050394, 51.63472157999405 ], [ 9.49461278579011, 51.657362911724391 ], [ 9.41731750134422, 51.647269251967657 ], [ 9.43712828660547, 51.653530470582211 ], [ 9.423345240509015, 51.673119486076196 ], [ 9.440780786523645, 51.695741905252731 ], [ 9.557454860454525, 51.739913037166374 ], [ 9.579180507823985, 51.789786686914098 ], [ 9.682624961667246, 51.839667265135105 ], [ 9.705214974777361, 51.877532043575464 ], [ 9.784023923420246, 51.864458357332055 ], [ 9.872950919186039, 51.908565592085537 ], [ 9.893353457549825, 51.900555859944369 ], [ 9.944894761109131, 51.913022601548882 ], [ 9.969196360094591, 51.896906149734775 ], [ 10.013988208554494, 51.91300490573618 ], [ 9.994849971928858, 51.939218736201198 ], [ 10.033581006727388, 51.947798651708879 ] ] ] ] } },
{ "type": "Feature", "properties": { "ags": "03157" }, "geometry": { "type": "Polygon", "coordinates": [ [ [ 10.291911731120861, 52.447902286625187 ], [ 10.358926226999515, 52.423933944167892 ], [ 10.38437908606809, 52.370680704171363 ], [ 10.425027233013559, 52.37889363612382 ], [ 10.424723502534682, 52.355365056837307 ], [ 10.401935396238121, 52.351769195569695 ], [ 10.424067125150906, 52.330227669509007 ], [ 10.418364581216304, 52.285924937972787 ], [ 10.440652689218265, 52.285569254639164 ], [ 10.421459714591979, 52.2672921631872 ], [ 10.453009281872909, 52.256784348765045 ], [ 10.428348092684715, 52.245694760348009 ], [ 10.430204001742695, 52.221531626127302 ], [ 10.406755475345511, 52.222774833727129 ], [ 10.347442182208118, 52.176123109213378 ], [ 10.319557802513936, 52.176666681282434 ], [ 10.315621672857684, 52.189695567895001 ], [ 10.283922305184344, 52.174964699992422 ], [ 10.257475947030873, 52.183022957064182 ], [ 10.248864748979971, 52.213323088198315 ], [ 10.184248224326874, 52.234618383151151 ], [ 10.064711883190236, 52.222073814854561 ], [ 9.998498626455785, 52.230260403446749 ], [ 10.034120148796868, 52.291465256107216 ], [ 10.078418354499352, 52.303149963131517 ], [ 10.081470455991539, 52.33955728119431 ], [ 10.117638121150229, 52.321962544665077 ], [ 10.132530290037552, 52.328546929141673 ], [ 10.125637747453867, 52.354220539069935 ], [ 10.155521689343599, 52.362674004120358 ], [ 10.130701943481421, 52.393996526063866 ], [ 10.179891377636352, 52.396017214144855 ], [ 10.207656674334936, 52.429427053695953 ], [ 10.250088598435708, 52.419874778159688 ], [ 10.251954290001073, 52.436641094825163 ], [ 10.291911731120861, 52.447902286625187 ] ] ] } },
{ "type": "Feature", "properties": { "ags": "03158" }, "geometry": { "type": "MultiPolygon", "coordinates": [ [ [ [ 10.219176314274211, 52.178958605826239 ], [ 10.253570678161095, 52.107512307058059 ], [ 10.317627000715905, 52.100335808236906 ], [ 10.346193349714277, 52.052276080409264 ], [ 10.28290388900156, 52.047108894243379 ], [ 10.284248769361033, 52.026355523742303 ], [ 10.23041897561512, 52.003740690217533 ], [ 10.204089191113994, 52.007234344666678 ], [ 10.199481590777202, 52.080159429505869 ], [ 10.175169049221564, 52.109391530852299 ], [ 10.200077113456731, 52.119917055405786 ], [ 10.176263945516567, 52.138258381727653 ], [ 10.188986998408993, 52.164915623386449 ], [ 10.219176314274211, 52.178958605826239 ] ] ], [ [ [ 10.732746117395463, 52.293163544003335 ], [ 10.724571872982509, 52.262824556730244 ], [ 10.783953465200854, 52.206491974378224 ], [ 10.813684518812057, 52.206345547010876 ], [ 10.845983950470243, 52.174380616600949 ], [ 10.885166266103262, 52.180071235789129 ], [ 10.870270976645491, 52.122841221132461 ], [ 10.801639163968812, 52.089188583649531 ], [ 10.80148916565896, 52.047996980186511 ], [ 10.64788665640094, 52.041720814409665 ], [ 10.655491985771308, 52.024686616221466 ], [ 10.626019658848618, 52.008197846791809 ], [ 10.558475026408102, 52.006082197610667 ], [ 10.532928336271253, 51.970516589636091 ], [ 10.482984201616608, 51.991606905408091 ], [ 10.499008550669965, 52.021999611595916 ], [ 10.466979172377902, 52.043313417807916 ], [ 10.486964068909048, 52.061973936140234 ], [ 10.466610358534943, 52.059437794039205 ], [ 10.433995889135232, 52.132076527928035 ], [ 10.518323643058434, 52.193560744815166 ], [ 10.577565168181478, 52.204826883165801 ], [ 10.635635225912628, 52.29703032979593 ], [ 10.715621677090466, 52.303256754448661 ], [ 10.732746117395463, 52.293163544003335 ] ] ] ] } },
{ "type": "Feature", "properties": { "ags": "03159" }, "geometry": { "type": "Polygon", "coordinates": [ [ [ 10.241113077560852, 51.833176552174649 ], [ 10.270160178299069, 51.813438755146166 ], [ 10.279373753031742, 51.775901623515843 ], [ 10.308128121957729, 51.76589665432865 ], [ 10.356714829529105, 51.766868362683923 ], [ 10.392742846964579, 51.789175805870428 ], [ 10.498451862604396, 51.764135775022353 ], [ 10.485270920275356, 51.703644149333293 ], [ 10.465960406646412, 51.69687601078617 ], [ 10.494485897882347, 51.692656344003922 ], [ 10.50429632182988, 51.663185202180479 ], [ 10.593370209197131, 51.679886740067325 ], [ 10.65089277027932, 51.642629798510335 ], [ 10.669591444561776, 51.646258819474198 ], [ 10.682480919722432, 51.62891703077765 ], [ 10.640236798787223, 51.622005329400572 ], [ 10.649000507575128, 51.606514213098315 ], [ 10.633219017945789, 51.607274842181106 ], [ 10.638674695179667, 51.584116964408018 ], [ 10.666306959397444, 51.578098682905981 ], [ 10.66074487704806, 51.560752352204418 ], [ 10.604264264037052, 51.579575309926987 ], [ 10.518973760977579, 51.553763453416742 ], [ 10.444382462512793, 51.589656208865946 ], [ 10.37002339397365, 51.587536476017611 ], [ 10.37862432886917, 51.562706665660933 ], [ 10.342275477604586, 51.519497146373823 ], [ 10.235877849455413, 51.47142826851956 ], [ 10.201975121226399, 51.486519768792398 ], [ 10.174306043499756, 51.446256097644294 ], [ 10.140004544880988, 51.442614116092088 ], [ 10.150398774318894, 51.429424526059591 ], [ 10.080107992874064, 51.43456023289594 ], [ 10.069108088718858, 51.418438303564635 ], [ 10.058782046444055, 51.434892528937603 ], [ 10.046802957546124, 51.436673352866514 ], [ 10.037843719180358, 51.420004936907709 ], [ 10.009328774870456, 51.420603551158749 ], [ 9.928338772733943, 51.375298752338551 ], [ 9.906021117822625, 51.42113874829203 ], [ 9.878315341110145, 51.404476942998045 ], [ 9.85074307441576, 51.414413645857238 ], [ 9.865275915306912, 51.371612731416157 ], [ 9.840636600754804, 51.402641571695256 ], [ 9.79413666530994, 51.407159645294016 ], [ 9.801450106825806, 51.386914687020628 ], [ 9.702143786862168, 51.364571793636131 ], [ 9.738247707014422, 51.319428767482094 ], [ 9.772456280882416, 51.336290965155349 ], [ 9.768200360398653, 51.306726139793838 ], [ 9.732304393709596, 51.295231899680758 ], [ 9.669385916126471, 51.317710857194164 ], [ 9.628524068825302, 51.311902585311884 ], [ 9.633365915455373, 51.325854048243229 ], [ 9.568024929328613, 51.340001458448903 ], [ 9.548441127582796, 51.358955299572031 ], [ 9.576969687840249, 51.369629148261325 ], [ 9.564024983652157, 51.386963953476389 ], [ 9.643581790421898, 51.418260727176261 ], [ 9.62762052277923, 51.444208672752893 ], [ 9.643307637349425, 51.470038086922173 ], [ 9.585751023120569, 51.517317606186957 ], [ 9.62029717399624, 51.532513560777971 ], [ 9.609310282168861, 51.556905366923033 ], [ 9.64431043073775, 51.550740599864305 ], [ 9.684003674548393, 51.566532657707398 ], [ 9.687556082851064, 51.587855936994913 ], [ 9.732644880329721, 51.613579464959571 ], [ 9.797486867848068, 51.611607849762031 ], [ 9.81590291895969, 51.597282311803113 ], [ 9.835350571321797, 51.613284469621895 ], [ 9.940056878410525, 51.602072960711041 ], [ 9.951497711795041, 51.620988233119007 ], [ 10.119764777617561, 51.614695539113072 ], [ 10.162046911949687, 51.649298611190083 ], [ 10.116599104454048, 51.726958055550867 ], [ 10.1526826192993, 51.747213283557421 ], [ 10.168420956475895, 51.813926948368156 ], [ 10.192706139615566, 51.811336457173432 ], [ 10.20266251060368, 51.826825459268491 ], [ 10.2197655381971, 51.817210252717615 ], [ 10.241113077560852, 51.833176552174649 ] ] ] } },
{ "type": "Feature", "properties": { "ags": "03241" }, "geometry": { "type": "Polygon", "coordinates": [ [ [ 9.587638559473287, 52.677047270501305 ], [ 9.600112907495888, 52.64708790840259 ], [ 9.662447557823688, 52.633510821064213 ], [ 9.635105731360271, 52.625786762176517 ], [ 9.643790930693262, 52.605887438870603 ], [ 9.69889616640107, 52.600181630480577 ], [ 9.711641819240048, 52.63412910696853 ], [ 9.734623786045086, 52.638302579585293 ], [ 9.835406825286006, 52.605548974959135 ], [ 9.830883602417329, 52.595656785849485 ], [ 9.847645897092052, 52.607980746925762 ], [ 9.889019355907834, 52.603225422940611 ], [ 9.881074908568593, 52.589801247603162 ], [ 9.966737771195909, 52.590256580786367 ], [ 9.966858320066606, 52.578202765549428 ], [ 9.990399991127644, 52.578464636789398 ], [ 9.965342615313535, 52.553758328840999 ], [ 9.98737735315745, 52.536309120599327 ], [ 10.076820446299461, 52.537253189130922 ], [ 10.139395548846325, 52.497848845783409 ], [ 10.177794378492267, 52.513428106149426 ], [ 10.267358244948875, 52.488307734378843 ], [ 10.273742337213031, 52.510640059264375 ], [ 10.288987975119944, 52.506333207165149 ], [ 10.272232471333178, 52.482840918448311 ], [ 10.303397308703635, 52.458721049606581 ], [ 10.251954290001073, 52.436641094825163 ], [ 10.254200955412394, 52.421400300972806 ], [ 10.207656674334936, 52.429427053695953 ], [ 10.179891377636352, 52.396017214144855 ], [ 10.130701943481421, 52.393996526063866 ], [ 10.155521689343599, 52.362674004120358 ], [ 10.125637747453867, 52.354220539069935 ], [ 10.14064161211469, 52.34959869240005 ], [ 10.125741782275595, 52.322729191412748 ], [ 10.081470455991539, 52.33955728119431 ], [ 10.07362452489448, 52.298726419454148 ], [ 10.017923727575406, 52.279843997567681 ], [ 9.99636971171191, 52.283717485208449 ], [ 10.003527924539304, 52.29688447745626 ], [ 9.971916081282091, 52.293860679432541 ], [ 9.91277081830224, 52.28065692424326 ], [ 9.899751112639402, 52.261609934662069 ], [ 9.87233558897424, 52.270391742220916 ], [ 9.791398095821817, 52.251340245802339 ], [ 9.768962588052142, 52.231363674104131 ], [ 9.818020363058324, 52.228442097496121 ], [ 9.807916735344708, 52.192882660839622 ], [ 9.782123468256378, 52.191186974502848 ], [ 9.763820828858128, 52.169386083580335 ], [ 9.738337629269189, 52.198175661953471 ], [ 9.695699693236731, 52.197904039140511 ], [ 9.685576200104705, 52.189512917142018 ], [ 9.727796086712985, 52.169086913415292 ], [ 9.671476908977494, 52.128358463115028 ], [ 9.613585594595971, 52.135056851151468 ], [ 9.556397558293396, 52.167470403301273 ], [ 9.496638441814513, 52.166755523767073 ], [ 9.491543408174225, 52.208559052015431 ], [ 9.516411431423057, 52.212168341043416 ], [ 9.46391508303711, 52.255619475953559 ], [ 9.473384903074031, 52.266531974793892 ], [ 9.408243588341549, 52.298796296166323 ], [ 9.398477183692675, 52.333426453016081 ], [ 9.435148513897403, 52.364095727672506 ], [ 9.420243250106477, 52.393787891595423 ], [ 9.399927628197723, 52.406734682244036 ], [ 9.34963617770687, 52.382698464663385 ], [ 9.317850187958163, 52.390647673902272 ], [ 9.36865351885567, 52.435847195525191 ], [ 9.393435667804763, 52.43404503554855 ], [ 9.348048247483472, 52.446282759517359 ], [ 9.284874355142884, 52.438546886873695 ], [ 9.277886963199622, 52.461957877842977 ], [ 9.239132879685636, 52.469705858015132 ], [ 9.267445672904003, 52.476153517044814 ], [ 9.269114856535451, 52.507749686329312 ], [ 9.238198549686963, 52.529694087526728 ], [ 9.36853488889769, 52.560950391919398 ], [ 9.342562391445695, 52.602508415178761 ], [ 9.425286168348777, 52.617150780146908 ], [ 9.460371149936286, 52.640959261932188 ], [ 9.522865385396397, 52.623241825825311 ], [ 9.539578859676967, 52.671311271064944 ], [ 9.587638559473287, 52.677047270501305 ] ] ] } },
{ "type": "Feature", "properties": { "ags": "03251" }, "geometry": { "type": "Polygon", "coordinates": [ [ [ 8.771343095631773, 53.051581654974335 ], [ 8.82200542864387, 53.021266771637286 ], [ 8.86675611374325, 53.02211723569517 ], [ 8.861867115207756, 53.036177882455405 ], [ 8.867006164963271, 53.040832615441978 ], [ 8.893732516574204, 53.013996369383214 ], [ 8.9276701409457, 53.009601150196374 ], [ 8.903823874336876, 52.966893807926581 ], [ 8.952130555386368, 52.888908705674915 ], [ 8.965559721820483, 52.897815637201852 ], [ 8.981803719138247, 52.888527464974523 ], [ 9.004170902976437, 52.92700510684152 ], [ 9.061985130490644, 52.922861608401433 ], [ 9.079594534150322, 52.902125948081348 ], [ 9.115513308133615, 52.898704212267774 ], [ 9.109694010164919, 52.863141984589454 ], [ 9.034423434561074, 52.838654499565472 ], [ 9.060321307738526, 52.827027937567301 ], [ 9.036225079018681, 52.816884103345295 ], [ 9.066132103637898, 52.80725923966866 ], [ 9.04612859809458, 52.788637132744263 ], [ 9.065065635324862, 52.765896329322224 ], [ 9.047776828810351, 52.760936847306475 ], [ 9.051570251351821, 52.728790222900784 ], [ 9.007436189723268, 52.709930168172093 ], [ 9.029897713449875, 52.692333011198322 ], [ 9.018989851025575, 52.666055820801233 ], [ 8.932854809802846, 52.630846918288682 ], [ 8.883092846877403, 52.630809337054103 ], [ 8.870561801363156, 52.610397902062211 ], [ 8.901239427118252, 52.597744878938983 ], [ 8.900052806773527, 52.558779206002299 ], [ 8.855722245526916, 52.54864989029209 ], [ 8.85230467349635, 52.532243872348111 ], [ 8.839242597007454, 52.545794922338729 ], [ 8.813514377443383, 52.530455541622707 ], [ 8.773693706894713, 52.537845235966905 ], [ 8.76816660551415, 52.520858033064158 ], [ 8.74533945594705, 52.525769006835887 ], [ 8.703008886316846, 52.500438052551054 ], [ 8.652550123981461, 52.531443427672563 ], [ 8.556857516866819, 52.499095653096305 ], [ 8.508848530554122, 52.514693375858812 ], [ 8.458861052174308, 52.491672285211713 ], [ 8.430292172753036, 52.447725745267171 ], [ 8.297213681647852, 52.456497906943049 ], [ 8.311044358212259, 52.530973785623416 ], [ 8.349673070833056, 52.551722072969589 ], [ 8.343968356703424, 52.574814896766092 ], [ 8.311235476654018, 52.586278411370053 ], [ 8.293795223947054, 52.650476053994879 ], [ 8.310357543766926, 52.687074607798515 ], [ 8.471996249606331, 52.735547640875424 ], [ 8.458537220935421, 52.80075774687576 ], [ 8.517156338314296, 52.805356267679549 ], [ 8.546947049036547, 52.819264691703935 ], [ 8.53938005231171, 52.8311170801096 ], [ 8.633669988450718, 52.850910212433917 ], [ 8.644684915177963, 52.911748875263669 ], [ 8.694026935650294, 52.920149284013206 ], [ 8.688330937086866, 52.96675098983529 ], [ 8.654774688497609, 52.963158425794518 ], [ 8.642157552903878, 52.988144551252724 ], [ 8.690393472172605, 53.038951685353432 ], [ 8.734857621548128, 53.034693545767013 ], [ 8.771343095631773, 53.051581654974335 ] ] ] } },
{ "type": "Feature", "properties": { "ags": "03252" }, "geometry": { "type": "Polygon", "coordinates": [ [ [ 9.448309575630825, 52.274319910919452 ], [ 9.516411431423057, 52.212168341043416 ], [ 9.491543408174225, 52.208559052015431 ], [ 9.496638441814513, 52.166755523767073 ], [ 9.556397558293396, 52.167470403301273 ], [ 9.683965513679684, 52.104697775735936 ], [ 9.643168514071537, 52.054510178626579 ], [ 9.662546432558043, 52.046250570844613 ], [ 9.633764561506775, 51.986686682453687 ], [ 9.649942695079249, 51.966829394212809 ], [ 9.562859953580256, 52.044123487167525 ], [ 9.441501712874457, 51.982700550394725 ], [ 9.348369911225049, 51.974949267559722 ], [ 9.366014643032392, 51.94204439574316 ], [ 9.29426941770501, 51.919441458279145 ], [ 9.263087721800252, 51.946433574149594 ], [ 9.286323835391064, 51.957109741732225 ], [ 9.274375358994517, 51.973603596201329 ], [ 9.216921993295916, 51.9736242151642 ], [ 9.208896028589907, 51.959855290809486 ], [ 9.176231466392862, 51.980352692708699 ], [ 9.196793757233381, 51.996917100012951 ], [ 9.172169131020794, 52.047370550996085 ], [ 9.193280775201359, 52.070311339584912 ], [ 9.154688559066827, 52.091792137982516 ], [ 9.184786404029669, 52.120003730053767 ], [ 9.159663243985168, 52.140978566371174 ], [ 9.19475634100673, 52.142245541891597 ], [ 9.15510797129774, 52.181927419623541 ], [ 9.286066840752872, 52.220710905091096 ], [ 9.324700851007476, 52.21228336148009 ], [ 9.352671395400726, 52.229510696133929 ], [ 9.362319992521327, 52.219293985063594 ], [ 9.448309575630825, 52.274319910919452 ] ] ] } },
{ "type": "Feature", "properties": { "ags": "03254" }, "geometry": { "type": "Polygon", "coordinates": [ [ [ 9.971916081282091, 52.293860679432541 ], [ 10.03397291106136, 52.278439275463434 ], [ 9.999687255791359, 52.257823625017167 ], [ 9.998498626455785, 52.230260403446749 ], [ 10.064711883190236, 52.222073814854561 ], [ 10.184248224326874, 52.234618383151151 ], [ 10.248864748979971, 52.213323088198315 ], [ 10.263958467605701, 52.188497875678905 ], [ 10.235249794045476, 52.1699649274791 ], [ 10.203522166229838, 52.178821889836236 ], [ 10.176285523535537, 52.141208442308248 ], [ 10.200094766141371, 52.12426186815933 ], [ 10.175169049221564, 52.109391530852299 ], [ 10.199481590777202, 52.080159429505869 ], [ 10.206055968700534, 51.966910986528831 ], [ 10.190638908939256, 51.955528939804957 ], [ 10.087023052428183, 51.960314973193071 ], [ 10.065526201502799, 51.927360221084243 ], [ 10.033581006727388, 51.947798651708879 ], [ 10.004272894780405, 51.942614973142049 ], [ 9.992182142896231, 51.933609377160508 ], [ 10.013988208554494, 51.91300490573618 ], [ 9.969196360094591, 51.896906149734775 ], [ 9.944894761109131, 51.913022601548882 ], [ 9.92553698565238, 51.903368908584774 ], [ 9.862218073878958, 51.917915869189834 ], [ 9.758726133926027, 51.983154821132523 ], [ 9.714755171878535, 51.98282725669003 ], [ 9.687141353810281, 51.955223906646687 ], [ 9.647810844197293, 51.964799106467325 ], [ 9.633764561506775, 51.986686682453687 ], [ 9.662546432558043, 52.046250570844613 ], [ 9.643168514071537, 52.054510178626579 ], [ 9.68460372658194, 52.103145867709721 ], [ 9.628811924670496, 52.131133024162828 ], [ 9.673596960271627, 52.12895684930794 ], [ 9.719836272416577, 52.157332938290672 ], [ 9.695699693236731, 52.197904039140511 ], [ 9.738337629269189, 52.198175661953471 ], [ 9.763820828858128, 52.169386083580335 ], [ 9.782123468256378, 52.191186974502848 ], [ 9.802608511084983, 52.18784182366776 ], [ 9.818020363058324, 52.228442097496121 ], [ 9.768962588052142, 52.231363674104131 ], [ 9.791398095821817, 52.251340245802339 ], [ 9.87233558897424, 52.270391742220916 ], [ 9.899751112639402, 52.261609934662069 ], [ 9.91277081830224, 52.28065692424326 ], [ 9.971916081282091, 52.293860679432541 ] ] ] } },
{ "type": "Feature", "properties": { "ags": "03255" }, "geometry": { "type": "Polygon", "coordinates": [ [ [ 9.57553720059086, 52.03829861950954 ], [ 9.646755001603918, 51.964413721415674 ], [ 9.687141353810281, 51.955223906646687 ], [ 9.714755171878535, 51.98282725669003 ], [ 9.758726133926027, 51.983154821132523 ], [ 9.775023801318357, 51.963357030033542 ], [ 9.881318705939139, 51.914706396915037 ], [ 9.894811228004341, 51.900942798004415 ], [ 9.872950919186039, 51.908565592085537 ], [ 9.784023923420246, 51.864458357332055 ], [ 9.705214974777361, 51.877532043575464 ], [ 9.682624961667246, 51.839667265135105 ], [ 9.579180507823985, 51.789786686914098 ], [ 9.557454860454525, 51.739913037166374 ], [ 9.440780786523645, 51.695741905252731 ], [ 9.423345240509015, 51.673119486076196 ], [ 9.43712828660547, 51.653530470582211 ], [ 9.382290536380204, 51.646646272131782 ], [ 9.401646120509154, 51.702438727701448 ], [ 9.375365201206385, 51.743614017261976 ], [ 9.448156882119887, 51.794799409755441 ], [ 9.4273299719916, 51.810491914245674 ], [ 9.433149499750529, 51.840278044879817 ], [ 9.461435979814533, 51.857703116944265 ], [ 9.362865542659579, 51.86487896442285 ], [ 9.334699755271986, 51.853610740528019 ], [ 9.323343736187647, 51.855060962064648 ], [ 9.345152584427677, 51.896339877705188 ], [ 9.307945159831513, 51.931112809725619 ], [ 9.366014643032392, 51.94204439574316 ], [ 9.348369911225049, 51.974949267559722 ], [ 9.441501712874457, 51.982700550394725 ], [ 9.493462295941328, 52.018332125040232 ], [ 9.538829630315337, 52.022217699376384 ], [ 9.531439962870358, 52.037242326392366 ], [ 9.57553720059086, 52.03829861950954 ] ] ] } },
{ "type": "Feature", "properties": { "ags": "03256" }, "geometry": { "type": "Polygon", "coordinates": [ [ [ 9.169720607362134, 52.901427914004891 ], [ 9.211452252609227, 52.873067153169018 ], [ 9.181696921113197, 52.855996477320481 ], [ 9.220507058691084, 52.847251681063888 ], [ 9.193870432291115, 52.814888443712405 ], [ 9.241807496018957, 52.821266917801573 ], [ 9.250956899825132, 52.803071051289244 ], [ 9.306963084465872, 52.811610859553241 ], [ 9.30439538800527, 52.774518064543805 ], [ 9.324209976085026, 52.772951211682489 ], [ 9.350347345895671, 52.725751504740835 ], [ 9.331934875801791, 52.71499619378838 ], [ 9.369568161922794, 52.736093168899039 ], [ 9.480909533007036, 52.727060753073864 ], [ 9.481194211941766, 52.704993993136007 ], [ 9.506834526624655, 52.704228586326067 ], [ 9.503935363743329, 52.67905292923772 ], [ 9.534658550342819, 52.660066429795911 ], [ 9.533564822669314, 52.631108415623629 ], [ 9.516878630297994, 52.622927683171795 ], [ 9.460371149936286, 52.640959261932188 ], [ 9.425286168348777, 52.617150780146908 ], [ 9.342562391445695, 52.602508415178761 ], [ 9.36853488889769, 52.560950391919398 ], [ 9.238198549686963, 52.529694087526728 ], [ 9.269114856535451, 52.507749686329312 ], [ 9.267445672904003, 52.476153517044814 ], [ 9.239132879685636, 52.469705858015132 ], [ 9.277886963199622, 52.461957877842977 ], [ 9.278558845658083, 52.440236823832777 ], [ 9.223175822526413, 52.43391408054169 ], [ 9.199073142281378, 52.414423272315652 ], [ 9.125252411847368, 52.411993355445475 ], [ 9.094530000241459, 52.442823936292932 ], [ 9.132609286423232, 52.483432229055744 ], [ 9.053080557576349, 52.500393092481914 ], [ 8.937577150582362, 52.402100706584733 ], [ 8.892460430039288, 52.405709423262323 ], [ 8.855101140935256, 52.389234122904838 ], [ 8.715236303012158, 52.392568794251872 ], [ 8.703008886316846, 52.500438052551054 ], [ 8.74533945594705, 52.525769006835887 ], [ 8.76816660551415, 52.520858033064158 ], [ 8.773693706894713, 52.537845235966905 ], [ 8.813514377443383, 52.530455541622707 ], [ 8.839242597007454, 52.545794922338729 ], [ 8.85230467349635, 52.532243872348111 ], [ 8.855722245526916, 52.54864989029209 ], [ 8.893670244823504, 52.552947705426263 ], [ 8.901239427118252, 52.597744878938983 ], [ 8.872860475566096, 52.622443520033677 ], [ 8.932854809802846, 52.630846918288682 ], [ 8.986024530328056, 52.658194616965837 ], [ 9.004394011499665, 52.651874549422566 ], [ 9.029939052235983, 52.692028931800557 ], [ 9.007436189723268, 52.709930168172093 ], [ 9.058047427769123, 52.739782754798703 ], [ 9.04612859809458, 52.788637132744263 ], [ 9.067428680552554, 52.803857305022177 ], [ 9.038162348375208, 52.814389478878759 ], [ 9.060321307738526, 52.827027937567301 ], [ 9.035917884593216, 52.841583343066262 ], [ 9.109694010164919, 52.863141984589454 ], [ 9.115997191024782, 52.896952679076257 ], [ 9.169720607362134, 52.901427914004891 ] ] ] } },
{ "type": "Feature", "properties": { "ags": "03257" }, "geometry": { "type": "Polygon", "coordinates": [ [ [ 9.283964659619368, 52.440075721515292 ], [ 9.349698743262135, 52.446208608177614 ], [ 9.393435667804763, 52.43404503554855 ], [ 9.36865351885567, 52.435847195525191 ], [ 9.317739503640682, 52.390943403014177 ], [ 9.34963617770687, 52.382698464663385 ], [ 9.410764146583439, 52.404818054220186 ], [ 9.435148513897403, 52.364095727672506 ], [ 9.398477183692675, 52.333426453016081 ], [ 9.408243588341549, 52.298796296166323 ], [ 9.448309575630825, 52.274319910919452 ], [ 9.367765475211447, 52.220836346848401 ], [ 9.286066840752872, 52.220710905091096 ], [ 9.217351522687322, 52.193196860615217 ], [ 9.161424356207609, 52.189032949887128 ], [ 9.19475634100673, 52.142245541891597 ], [ 9.161944869110659, 52.14557271709598 ], [ 9.184655589569459, 52.11916098669802 ], [ 9.134648346816997, 52.094281430081224 ], [ 9.159335103175117, 52.119840226315901 ], [ 9.144705220590874, 52.134910350146384 ], [ 9.099140411717643, 52.133021404845678 ], [ 9.063024031750773, 52.148468618798994 ], [ 9.011015900803027, 52.135770004320349 ], [ 9.02160318119196, 52.171999039495574 ], [ 8.985833623818298, 52.194598593256217 ], [ 9.045349209490217, 52.18377344711142 ], [ 9.035759914637932, 52.224525071322994 ], [ 9.076615815508303, 52.233437167600691 ], [ 8.974870268145146, 52.262555318525976 ], [ 8.963536742655029, 52.279026974748703 ], [ 9.027357220467064, 52.345610946509588 ], [ 9.057924826210817, 52.339577402027501 ], [ 9.085110545952151, 52.355858401801214 ], [ 9.125252411847368, 52.411993355445475 ], [ 9.199073142281378, 52.414423272315652 ], [ 9.223175822526413, 52.43391408054169 ], [ 9.278558845658083, 52.440236823832777 ], [ 9.272908440170202, 52.454741077897793 ], [ 9.283964659619368, 52.440075721515292 ] ] ] } },
{ "type": "Feature", "properties": { "ags": "03351" }, "geometry": { "type": "Polygon", "coordinates": [ [ [ 10.190625173713807, 52.923216131788777 ], [ 10.237127039256377, 52.936299142482135 ], [ 10.28296270107853, 52.877483930320444 ], [ 10.31134315377431, 52.874378670037224 ], [ 10.318555015913049, 52.837065823750756 ], [ 10.364705806048242, 52.839877225262605 ], [ 10.41350339439353, 52.805540349722762 ], [ 10.444409846987407, 52.815763267563071 ], [ 10.362937455812506, 52.721998157425844 ], [ 10.405978555419075, 52.65753044508638 ], [ 10.379570234411885, 52.632662297765165 ], [ 10.417396835060071, 52.606596203698331 ], [ 10.381595541380735, 52.57301441008746 ], [ 10.410596827020603, 52.564123747261604 ], [ 10.378283208706714, 52.56051104314605 ], [ 10.383084250807673, 52.547072006001173 ], [ 10.351661627772272, 52.561159525013103 ], [ 10.306234706796861, 52.522522100398042 ], [ 10.260112291992401, 52.518248536563135 ], [ 10.267358244948875, 52.488307734378843 ], [ 10.177794378492267, 52.513428106149426 ], [ 10.135291963367449, 52.498744774645658 ], [ 10.076820446299461, 52.537253189130922 ], [ 9.98737735315745, 52.536309120599327 ], [ 9.965342615313535, 52.553758328840999 ], [ 9.990399991127644, 52.578464636789398 ], [ 9.966858320066606, 52.578202765549428 ], [ 9.966737771195909, 52.590256580786367 ], [ 9.881074908568593, 52.589801247603162 ], [ 9.889019355907834, 52.603225422940611 ], [ 9.847645897092052, 52.607980746925762 ], [ 9.830883602417329, 52.595656785849485 ], [ 9.835406825286006, 52.605548974959135 ], [ 9.734623786045086, 52.638302579585293 ], [ 9.728184910398841, 52.709274032173106 ], [ 9.760906439421934, 52.715353347636935 ], [ 9.751679132472379, 52.732282573952126 ], [ 9.831518104191675, 52.746264223018677 ], [ 9.815634987623012, 52.781935530264626 ], [ 9.832318639707742, 52.830120124148671 ], [ 9.858283452235581, 52.841008870659678 ], [ 9.838722755512066, 52.872482741937873 ], [ 9.863716485798646, 52.900409096680157 ], [ 9.944737952623614, 52.891652748252987 ], [ 9.975069777682988, 52.866893108432727 ], [ 10.070119866812949, 52.906119202637207 ], [ 10.119253263254841, 52.898394408456078 ], [ 10.163032674492394, 52.937033558293585 ], [ 10.190625173713807, 52.923216131788777 ] ] ] } },
{ "type": "Feature", "properties": { "ags": "03352" }, "geometry": { "type": "Polygon", "coordinates": [ [ [ 8.686045765952773, 53.889025198530668 ], [ 8.785588527753399, 53.834408842950403 ], [ 8.907024936281699, 53.828561501778097 ], [ 8.98835831498381, 53.839954907329528 ], [ 9.065635889987886, 53.805457208870855 ], [ 9.120380399864477, 53.810107568147785 ], [ 9.22185405623024, 53.755212551813223 ], [ 9.261682044892275, 53.768097040382123 ], [ 9.298580249970327, 53.729636039569463 ], [ 9.207477368614956, 53.681200200805584 ], [ 9.275166268511951, 53.672354198368318 ], [ 9.279681025916627, 53.645484524148593 ], [ 9.152179374868435, 53.606355368763424 ], [ 9.115631611209878, 53.555129230980903 ], [ 9.060379823202146, 53.572244604620487 ], [ 9.02684333465791, 53.55498593134169 ], [ 8.979164646980411, 53.557100742883456 ], [ 8.986049997142027, 53.539138032476608 ], [ 8.965468597636345, 53.530129655567897 ], [ 8.906755896290122, 53.526428431191221 ], [ 8.896575503824595, 53.516912908861102 ], [ 8.961714331869503, 53.506795655467513 ], [ 8.956484846917132, 53.472565247661706 ], [ 8.973030593131373, 53.469418731689274 ], [ 8.907259128983313, 53.438434997275792 ], [ 8.954220603931706, 53.411557928532481 ], [ 8.910710325412856, 53.380000165864409 ], [ 8.868106991192944, 53.395721692897354 ], [ 8.788853683295361, 53.389026204075137 ], [ 8.736181507713896, 53.361564441343383 ], [ 8.771735239220172, 53.322253279716733 ], [ 8.721697239773256, 53.314661218073852 ], [ 8.728424323017853, 53.30119213861326 ], [ 8.676152282210317, 53.296949523622672 ], [ 8.660872249930049, 53.281821533137233 ], [ 8.563208643360362, 53.297913562516335 ], [ 8.521892687172906, 53.284550102177413 ], [ 8.503391476091982, 53.293538197123652 ], [ 8.51829406102968, 53.321086785039824 ], [ 8.492651891657662, 53.472419759077638 ], [ 8.605904617497481, 53.484233786335565 ], [ 8.650555156815464, 53.510781665287119 ], [ 8.646354348286403, 53.555545671815779 ], [ 8.616802852111647, 53.574370035889793 ], [ 8.65063238645469, 53.602565220164088 ], [ 8.592283299906862, 53.592932612003601 ], [ 8.520410363078438, 53.606204878083766 ], [ 8.48395334343679, 53.655912765846104 ], [ 8.483350548256853, 53.694784070771618 ], [ 8.56606034342061, 53.845957611361662 ], [ 8.614913869974352, 53.882118222918386 ], [ 8.686045765952773, 53.889025198530668 ] ], [ [ 8.653535034509394, 53.610050818001163 ], [ 8.653641785836667, 53.602870870827147 ], [ 8.660884273692821, 53.607086435816349 ], [ 8.653535034509394, 53.610050818001163 ] ] ] } },
{ "type": "Feature", "properties": { "ags": "03353" }, "geometry": { "type": "MultiPolygon", "coordinates": [ [ [ [ 10.254986457523797, 53.299908518185532 ], [ 10.249017063338384, 53.296957445542397 ], [ 10.253077266276232, 53.300587764304439 ], [ 10.254986457523797, 53.299908518185532 ] ] ], [ [ [ 9.768861068261261, 53.50527891014076 ], [ 9.802426170209021, 53.493251538515075 ], [ 9.799804376893382, 53.469637467432868 ], [ 9.862387476700663, 53.4298765908867 ], [ 9.904411287677066, 53.456794221971016 ], [ 9.916487327249715, 53.414067878629162 ], [ 9.949211968134094, 53.430949973286928 ], [ 9.98443287188667, 53.415413777837486 ], [ 10.051810703953745, 53.463918938300431 ], [ 10.173460941282697, 53.396900140438504 ], [ 10.236567867917184, 53.395753689550162 ], [ 10.308868894349372, 53.433222482381069 ], [ 10.375433567088402, 53.424830377499298 ], [ 10.471014756654501, 53.380195126053628 ], [ 10.440273200391337, 53.355114292832553 ], [ 10.364252132323029, 53.370975985322687 ], [ 10.366033458154895, 53.360186109832433 ], [ 10.323355664808917, 53.359640310465736 ], [ 10.325628125261403, 53.334874975376572 ], [ 10.265650100173994, 53.333772835027943 ], [ 10.256432489978099, 53.314766005514549 ], [ 10.227449339500163, 53.314650991312291 ], [ 10.211720051451362, 53.293671529252485 ], [ 10.257860355129488, 53.290207372902579 ], [ 10.240362585297605, 53.27136691807187 ], [ 10.257835931908122, 53.260701040313251 ], [ 10.195218319355497, 53.238238952872081 ], [ 10.23577639977273, 53.193324713466865 ], [ 10.111663568187829, 53.170385311693948 ], [ 10.100175496793604, 53.137260081403916 ], [ 10.075396258047705, 53.129005463591291 ], [ 10.048692468981745, 53.150669034337774 ], [ 9.996885299451201, 53.159345894365913 ], [ 9.984600036821424, 53.179336425838699 ], [ 9.913181726749347, 53.173909131887839 ], [ 9.851410512686796, 53.210174843363575 ], [ 9.799063762077582, 53.186954018139936 ], [ 9.601649653929389, 53.240155975407106 ], [ 9.603653664690613, 53.29481510146416 ], [ 9.561455496053721, 53.341209531299668 ], [ 9.618443492506623, 53.366995743827921 ], [ 9.651840354195489, 53.409777293393773 ], [ 9.78342689553595, 53.440461455138269 ], [ 9.77190517364234, 53.480826156004156 ], [ 9.73807248838679, 53.490965463081196 ], [ 9.768861068261261, 53.50527891014076 ] ] ], [ [ [ 10.306403536835125, 53.329119558870211 ], [ 10.302240736134561, 53.331144960210793 ], [ 10.307288866631323, 53.330335117269072 ], [ 10.306403536835125, 53.329119558870211 ] ] ] ] } },
{ "type": "Feature", "properties": { "ags": "03354" }, "geometry": { "type": "Polygon", "coordinates": [ [ [ 10.862362664006318, 53.250067144147103 ], [ 11.084083345482973, 53.138848484759272 ], [ 11.142723546536505, 53.16857645518639 ], [ 11.186574741876999, 53.135387211617221 ], [ 11.237939837707309, 53.140046751523933 ], [ 11.33886715255165, 53.055098939564971 ], [ 11.448379406287213, 53.078381580228637 ], [ 11.507496841344452, 53.048105364660977 ], [ 11.548103729179013, 53.052393360580155 ], [ 11.597784507327965, 53.035926369066189 ], [ 11.556416553619931, 52.998665802233333 ], [ 11.512490564572982, 53.007444926364691 ], [ 11.505026759943588, 52.941032666756627 ], [ 11.295410670670504, 52.874906896162543 ], [ 11.290662086206904, 52.889125660790491 ], [ 11.243951251259775, 52.878686974095451 ], [ 11.220645292823153, 52.897666354220931 ], [ 11.155257872345031, 52.906210566505194 ], [ 11.107088147356858, 52.896130163836325 ], [ 11.098675786009862, 52.912876686999979 ], [ 11.039049488142947, 52.913399287238484 ], [ 10.998050068639774, 52.910365505909674 ], [ 10.939633519320294, 52.853335509538091 ], [ 10.884683580396125, 52.84579634046532 ], [ 10.804067654133588, 52.866915959644821 ], [ 10.827064294102366, 52.881445284772347 ], [ 10.804568616905614, 52.897408147031342 ], [ 10.842968236779878, 52.93203888983011 ], [ 10.862404545997773, 52.929115201363523 ], [ 10.872834551584933, 52.960690285930113 ], [ 10.841074005585115, 52.979626695564491 ], [ 10.892681828459635, 52.998176358914762 ], [ 10.890487231980812, 53.017667730505032 ], [ 10.839962123643325, 53.04447360819114 ], [ 10.833255790691846, 53.077025197986842 ], [ 10.767816396950293, 53.097259402708467 ], [ 10.776395753462854, 53.113999351323486 ], [ 10.750508844275751, 53.121243226447987 ], [ 10.800092023761021, 53.145730225110917 ], [ 10.907782124471456, 53.14918018811538 ], [ 10.893945434786101, 53.196743968106595 ], [ 10.866296696888353, 53.195625478015046 ], [ 10.862362664006318, 53.250067144147103 ] ] ] } },
{ "type": "Feature", "properties": { "ags": "03355" }, "geometry": { "type": "Polygon", "coordinates": [ [ [ 10.572654551382758, 53.36071639685543 ], [ 10.700692789979996, 53.370022806271628 ], [ 10.759653773420316, 53.329987156350917 ], [ 10.835805651314731, 53.304969544774686 ], [ 10.919361341518421, 53.348419644941835 ], [ 10.988000625337653, 53.333426507568959 ], [ 11.009455964300081, 53.281479224276879 ], [ 11.074424618131825, 53.225203766619224 ], [ 11.136703674052946, 53.191842278601463 ], [ 11.191603904879724, 53.182557558884383 ], [ 11.189082436454578, 53.165619544120887 ], [ 11.171861638595374, 53.1566442009334 ], [ 11.135934084277967, 53.167668082680706 ], [ 11.084083345482973, 53.138848484759272 ], [ 10.862362664006318, 53.250067144147103 ], [ 10.866296696888353, 53.195625478015046 ], [ 10.893945434786101, 53.196743968106595 ], [ 10.907782124471456, 53.14918018811538 ], [ 10.800092023761021, 53.145730225110917 ], [ 10.772036221637094, 53.122198629153765 ], [ 10.744631040287127, 53.122963053469455 ], [ 10.715067065964947, 53.145031682932213 ], [ 10.632479697572863, 53.159128683887708 ], [ 10.658529095876537, 53.189532244419567 ], [ 10.54262101923808, 53.173430013141385 ], [ 10.509027094886049, 53.203872319223983 ], [ 10.444484397353962, 53.172687772377003 ], [ 10.450264543742012, 53.160600286462504 ], [ 10.396994295833855, 53.150391888297882 ], [ 10.389344674904697, 53.113564197406454 ], [ 10.329214551237916, 53.114119040998339 ], [ 10.313949028692532, 53.088663454172739 ], [ 10.276124119336474, 53.095908059059113 ], [ 10.211787747506316, 53.067733747987873 ], [ 10.176476314061766, 53.07507370076285 ], [ 10.145756208848811, 53.047147847801845 ], [ 10.042604011093355, 53.052061308742019 ], [ 10.045636404172111, 53.06947690585659 ], [ 10.077040961338929, 53.065907856254462 ], [ 10.063825274964906, 53.07218271306548 ], [ 10.117580053308632, 53.105557127701509 ], [ 10.075396258047705, 53.129005463591291 ], [ 10.100175496793604, 53.137260081403916 ], [ 10.110123786064674, 53.169450221140288 ], [ 10.23577639977273, 53.193324713466865 ], [ 10.195218319355497, 53.238238952872081 ], [ 10.257835931908122, 53.260701040313251 ], [ 10.240362585297605, 53.27136691807187 ], [ 10.257860355129488, 53.290207372902579 ], [ 10.211720051451362, 53.293671529252485 ], [ 10.228794591581197, 53.315438709161043 ], [ 10.256432489978099, 53.314766005514549 ], [ 10.265650100173994, 53.333772835027943 ], [ 10.325628125261403, 53.334874975376572 ], [ 10.323355664808917, 53.359640310465736 ], [ 10.366033458154895, 53.360186109832433 ], [ 10.364252132323029, 53.370975985322687 ], [ 10.440273200391337, 53.355114292832553 ], [ 10.469183840805595, 53.385844206567818 ], [ 10.572654551382758, 53.36071639685543 ] ], [ [ 10.253077266276232, 53.300587764304439 ], [ 10.250671286618058, 53.296250780207735 ], [ 10.254986457523797, 53.299908518185532 ], [ 10.253077266276232, 53.300587764304439 ] ], [ [ 10.307288866631323, 53.330335117269072 ], [ 10.301105068508191, 53.329956771020051 ], [ 10.306403536835125, 53.329119558870211 ], [ 10.307288866631323, 53.330335117269072 ] ] ] } },
{ "type": "Feature", "properties": { "ags": "03356" }, "geometry": { "type": "Polygon", "coordinates": [ [ [ 8.877492736388863, 53.392246957616301 ], [ 8.941578404493955, 53.365473204566534 ], [ 8.940632327108814, 53.342142816308488 ], [ 8.997450138316701, 53.322939455328537 ], [ 8.989130022993159, 53.307699007613785 ], [ 9.012530859830388, 53.300523493199933 ], [ 8.991865897203061, 53.269885968571302 ], [ 9.025764447515936, 53.247230201206158 ], [ 9.028930634846544, 53.196348270029013 ], [ 9.071452822670626, 53.151297745164648 ], [ 9.057861784680597, 53.133777383972806 ], [ 8.984185253581076, 53.126070929861342 ], [ 8.940009362962119, 53.152110213513332 ], [ 8.912143303182672, 53.132618799131336 ], [ 8.864023195687531, 53.131723514704653 ], [ 8.829227338393421, 53.164376276428754 ], [ 8.775395749072343, 53.158684022832475 ], [ 8.699357718719805, 53.185479430604694 ], [ 8.663828356189885, 53.176243842811346 ], [ 8.627994029454905, 53.198372352406388 ], [ 8.593251436140617, 53.183633717571588 ], [ 8.581097701593524, 53.198707246357522 ], [ 8.599039075808664, 53.212546229000182 ], [ 8.55369891086446, 53.207805800266215 ], [ 8.517333844988421, 53.228496505692014 ], [ 8.485330523344263, 53.227120159708399 ], [ 8.499987433635908, 53.366847989394223 ], [ 8.51829406102968, 53.321086785039824 ], [ 8.503391476091982, 53.293538197123652 ], [ 8.660872249930049, 53.281821533137233 ], [ 8.676152282210317, 53.296949523622672 ], [ 8.728424323017853, 53.30119213861326 ], [ 8.721697239773256, 53.314661218073852 ], [ 8.771407195156858, 53.321430566158973 ], [ 8.736181507713896, 53.361564441343383 ], [ 8.788853683295361, 53.389026204075137 ], [ 8.877492736388863, 53.392246957616301 ] ], [ [ 8.611903032153652, 53.197442335470967 ], [ 8.616397735956133, 53.197026039027044 ], [ 8.613037882288678, 53.198565780526501 ], [ 8.611903032153652, 53.197442335470967 ] ] ] } },
{ "type": "Feature", "properties": { "ags": "03357" }, "geometry": { "type": "Polygon", "coordinates": [ [ [ 9.13877555126345, 53.593827060694444 ], [ 9.154343216395807, 53.586616713188796 ], [ 9.185543887534203, 53.531523976930856 ], [ 9.273032345569545, 53.547114648812411 ], [ 9.261992133099792, 53.53357762914662 ], [ 9.282859558566402, 53.52326247960805 ], [ 9.22601814969452, 53.497016407846665 ], [ 9.237968286161587, 53.468417482686768 ], [ 9.270614280920055, 53.459921899056717 ], [ 9.285756609617248, 53.471513060081151 ], [ 9.307747257093837, 53.453308717469767 ], [ 9.328506746211193, 53.463128390286009 ], [ 9.341499258453405, 53.410591333891759 ], [ 9.374185611810901, 53.407844900778315 ], [ 9.356844013827187, 53.389729736207649 ], [ 9.392240108581028, 53.368140497865284 ], [ 9.444404930404291, 53.345280921886321 ], [ 9.476212558818132, 53.350191118068324 ], [ 9.511906183559839, 53.385925622579634 ], [ 9.573275143788885, 53.369719426076067 ], [ 9.551258232407232, 53.343989442877579 ], [ 9.601590930335588, 53.29964726087244 ], [ 9.601649653929389, 53.240155975407106 ], [ 9.682599811765815, 53.219482036406497 ], [ 9.717734923472216, 53.179006369184378 ], [ 9.758394677883482, 53.16784629930747 ], [ 9.672298854911269, 53.161147724096637 ], [ 9.673459176501556, 53.13671690961209 ], [ 9.645852879122673, 53.144135541153346 ], [ 9.632017679276865, 53.12859595446325 ], [ 9.646200989811259, 53.089803131005269 ], [ 9.607947430593798, 53.054470361714145 ], [ 9.614842862906254, 53.038889097376284 ], [ 9.674418129876555, 53.021055049885646 ], [ 9.654193891417659, 52.996371551483605 ], [ 9.678455793982003, 52.981091956270802 ], [ 9.603899243991153, 52.955181873176834 ], [ 9.585259799434015, 52.925046782173652 ], [ 9.561123983675476, 52.924906033368465 ], [ 9.535742935845546, 52.951239294507211 ], [ 9.454722840150877, 52.917411135223034 ], [ 9.444298671160265, 52.94876286069033 ], [ 9.463926743650868, 52.969260607241296 ], [ 9.437318621586066, 53.00281400742724 ], [ 9.373147945031311, 52.982332234092112 ], [ 9.336813627726757, 52.987099299086928 ], [ 9.3404319077931, 53.014765094649221 ], [ 9.325578419589402, 53.007070907187575 ], [ 9.290736523814816, 53.027769315249714 ], [ 9.18778751188724, 53.048067651129763 ], [ 9.152819067690016, 53.100431921068648 ], [ 9.1703545438957, 53.099980664990014 ], [ 9.193689004252525, 53.147477085521828 ], [ 9.166156954747182, 53.163910754809834 ], [ 9.195709613042554, 53.169827241753765 ], [ 9.182460827288086, 53.183029564965203 ], [ 9.109296154004598, 53.14414420072508 ], [ 9.071452822670626, 53.151297745164648 ], [ 9.035603878535751, 53.184273365356859 ], [ 9.025764447515936, 53.247230201206158 ], [ 8.991369291470653, 53.272127321198433 ], [ 9.012530859830388, 53.300523493199933 ], [ 8.901947801224205, 53.384489080517092 ], [ 8.952036905688646, 53.407518378693538 ], [ 8.907259128983313, 53.438434997275792 ], [ 8.966410875481092, 53.455386442007203 ], [ 8.965634096634595, 53.501181812799317 ], [ 8.896492524326632, 53.517532014813817 ], [ 8.93266083803513, 53.536386360511351 ], [ 8.966931511742631, 53.530570271754726 ], [ 8.979164646980411, 53.557100742883456 ], [ 9.02684333465791, 53.55498593134169 ], [ 9.052478106780072, 53.571108218532828 ], [ 9.115631611209878, 53.555129230980903 ], [ 9.13877555126345, 53.593827060694444 ] ] ] } },
{ "type": "Feature", "properties": { "ags": "03358" }, "geometry": { "type": "Polygon", "coordinates": [ [ [ 9.682599811765815, 53.219482036406497 ], [ 9.799063762077582, 53.186954018139936 ], [ 9.851410512686796, 53.210174843363575 ], [ 9.913181726749347, 53.173909131887839 ], [ 9.984600036821424, 53.179336425838699 ], [ 9.996885299451201, 53.159345894365913 ], [ 10.048692468981745, 53.150669034337774 ], [ 10.117580053308632, 53.105557127701509 ], [ 10.063825274964906, 53.07218271306548 ], [ 10.077040961338929, 53.065907856254462 ], [ 10.036090050402755, 53.062062580229401 ], [ 10.069276359482785, 53.043001815201805 ], [ 10.145756208848811, 53.047147847801845 ], [ 10.150755125438124, 53.03641206471098 ], [ 10.15803973708995, 53.063536962488264 ], [ 10.198692230730591, 53.078771253231444 ], [ 10.218308830172566, 53.024215913531791 ], [ 10.156650320826111, 53.027338750405363 ], [ 10.15893176413025, 53.013761568794429 ], [ 10.216092013164696, 53.00759721056729 ], [ 10.237127039256377, 52.936299142482135 ], [ 10.190884299510797, 52.922740876994624 ], [ 10.163032674492394, 52.937033558293585 ], [ 10.119253263254841, 52.898394408456078 ], [ 10.070119866812949, 52.906119202637207 ], [ 9.975069777682988, 52.866893108432727 ], [ 9.944737952623614, 52.891652748252987 ], [ 9.863716485798646, 52.900409096680157 ], [ 9.838722755512066, 52.872482741937873 ], [ 9.858283452235581, 52.841008870659678 ], [ 9.832318639707742, 52.830120124148671 ], [ 9.815634987623012, 52.781935530264626 ], [ 9.831518104191675, 52.746264223018677 ], [ 9.751679132472379, 52.732282573952126 ], [ 9.760906439421934, 52.715353347636935 ], [ 9.725826829065698, 52.70651792030592 ], [ 9.745698113029936, 52.651441575414211 ], [ 9.711641819240048, 52.63412910696853 ], [ 9.703300293370861, 52.602033979083551 ], [ 9.676640706649891, 52.599690147728069 ], [ 9.643790930693262, 52.605887438870603 ], [ 9.635105731360271, 52.625786762176517 ], [ 9.662447557823688, 52.633510821064213 ], [ 9.600112907495888, 52.64708790840259 ], [ 9.591513268118929, 52.675862922910476 ], [ 9.524986276911172, 52.660322095992406 ], [ 9.480909533007036, 52.727060753073864 ], [ 9.369568161922794, 52.736093168899039 ], [ 9.331934875801791, 52.71499619378838 ], [ 9.350347345895671, 52.725751504740835 ], [ 9.317166620265374, 52.759438671778277 ], [ 9.348838928821795, 52.777827074519429 ], [ 9.340397228804521, 52.801396157938264 ], [ 9.360894118542847, 52.802858246503696 ], [ 9.330354558928631, 52.816883232580942 ], [ 9.390328329682735, 52.832711653452847 ], [ 9.375230108244644, 52.849925225252044 ], [ 9.41795292949076, 52.901444578130182 ], [ 9.512526442740906, 52.94881594034463 ], [ 9.540803302560516, 52.950910389856482 ], [ 9.561123983675476, 52.924906033368465 ], [ 9.585259799434015, 52.925046782173652 ], [ 9.603899243991153, 52.955181873176834 ], [ 9.678455793982003, 52.981091956270802 ], [ 9.654193891417659, 52.996371551483605 ], [ 9.674418129876555, 53.021055049885646 ], [ 9.614842862906254, 53.038889097376284 ], [ 9.607947430593798, 53.054470361714145 ], [ 9.643142497662703, 53.080838885189934 ], [ 9.62532976989884, 53.115178811396333 ], [ 9.642376989328195, 53.142196454349879 ], [ 9.673459176501556, 53.13671690961209 ], [ 9.672298854911269, 53.161147724096637 ], [ 9.758328185379717, 53.165817524360804 ], [ 9.717734923472216, 53.179006369184378 ], [ 9.682599811765815, 53.219482036406497 ] ] ] } },
{ "type": "Feature", "properties": { "ags": "03359" }, "geometry": { "type": "MultiPolygon", "coordinates": [ [ [ [ 9.773577413350329, 53.550060770618721 ], [ 9.773117271377831, 53.550685925282032 ], [ 9.773735265756507, 53.550903311302761 ], [ 9.773577413350329, 53.550060770618721 ] ] ], [ [ [ 9.663241085924836, 53.56420742647714 ], [ 9.702779642148998, 53.558976982174613 ], [ 9.774388786087622, 53.554323058516921 ], [ 9.774232561661993, 53.553582555166372 ], [ 9.677454938599327, 53.556528375617503 ], [ 9.663241085924836, 53.56420742647714 ] ] ], [ [ [ 9.608150181541982, 53.584075504155805 ], [ 9.58904822902457, 53.589821073127226 ], [ 9.572165658173621, 53.602097828260199 ], [ 9.590165893005461, 53.595617402991579 ], [ 9.608150181541982, 53.584075504155805 ] ] ], [ [ [ 9.14934079531149, 53.864366801499635 ], [ 9.276974089887462, 53.856659953712679 ], [ 9.417460896221115, 53.725214100574831 ], [ 9.49290205933568, 53.67810451953023 ], [ 9.540974922090779, 53.612480865965729 ], [ 9.590493534451078, 53.585672149099189 ], [ 9.684951074305134, 53.547852358307338 ], [ 9.772076477489122, 53.543386116894084 ], [ 9.765255220966065, 53.494823017130201 ], [ 9.73807248838679, 53.490965463081196 ], [ 9.77190517364234, 53.480826156004156 ], [ 9.78342689553595, 53.440461455138269 ], [ 9.651840354195489, 53.409777293393773 ], [ 9.618443492506623, 53.366995743827921 ], [ 9.561754626782418, 53.337041302180602 ], [ 9.573275143788885, 53.369719426076067 ], [ 9.51695831989645, 53.38610604007436 ], [ 9.450454559736754, 53.345432907865501 ], [ 9.392240108581028, 53.368140497865284 ], [ 9.356844013827187, 53.389729736207649 ], [ 9.374185611810901, 53.407844900778315 ], [ 9.341499258453405, 53.410591333891759 ], [ 9.328506746211193, 53.463128390286009 ], [ 9.307747257093837, 53.453308717469767 ], [ 9.285756609617248, 53.471513060081151 ], [ 9.270614280920055, 53.459921899056717 ], [ 9.237968286161587, 53.468417482686768 ], [ 9.22601814969452, 53.497016407846665 ], [ 9.282859558566402, 53.52326247960805 ], [ 9.261992133099792, 53.53357762914662 ], [ 9.273032345569545, 53.547114648812411 ], [ 9.185543887534203, 53.531523976930856 ], [ 9.159207061240402, 53.555556196417008 ], [ 9.152179374868435, 53.606355368763424 ], [ 9.279681025916627, 53.645484524148593 ], [ 9.275166268511951, 53.672354198368318 ], [ 9.2078158781546, 53.681940780682602 ], [ 9.298580249970327, 53.729636039569463 ], [ 9.261682044892275, 53.768097040382123 ], [ 9.22185405623024, 53.755212551813223 ], [ 9.120380399864477, 53.810107568147785 ], [ 9.102227897484868, 53.800476228630451 ], [ 9.038715451122668, 53.814229588976957 ], [ 9.020831372765707, 53.842597957901454 ], [ 9.14934079531149, 53.864366801499635 ] ] ], [ [ [ 9.52604945982085, 53.663795037918938 ], [ 9.519747366823445, 53.674319873533861 ], [ 9.526375468771889, 53.663536081998799 ], [ 9.52604945982085, 53.663795037918938 ] ] ], [ [ [ 9.440689427170637, 53.719509391293755 ], [ 9.476620586249583, 53.705062056413624 ], [ 9.476239453684038, 53.69820744020786 ], [ 9.440689427170637, 53.719509391293755 ] ] ], [ [ [ 9.023298396395965, 53.832029700030141 ], [ 9.023507654162261, 53.83315613662775 ], [ 9.025081266280136, 53.830790069470979 ], [ 9.023298396395965, 53.832029700030141 ] ] ] ] } },
{ "type": "Feature", "properties": { "ags": "03360" }, "geometry": { "type": "MultiPolygon", "coordinates": [ [ [ [ 10.509027094886049, 53.203872319223983 ], [ 10.537774521147643, 53.174060810265772 ], [ 10.580866130675313, 53.170502022541505 ], [ 10.60678337479861, 53.191549232445773 ], [ 10.658529095876537, 53.189532244419567 ], [ 10.632479697572863, 53.159128683887708 ], [ 10.715067065964947, 53.145031682932213 ], [ 10.755098083410754, 53.111210879070136 ], [ 10.776395753462854, 53.113999351323486 ], [ 10.767816396950293, 53.097259402708467 ], [ 10.833255790691846, 53.077025197986842 ], [ 10.839962123643325, 53.04447360819114 ], [ 10.890487231980812, 53.017667730505032 ], [ 10.892681828459635, 52.998176358914762 ], [ 10.841074005585115, 52.979626695564491 ], [ 10.853379632639237, 52.960506444389928 ], [ 10.8734698481639, 52.963745904470393 ], [ 10.862404545997773, 52.929115201363523 ], [ 10.842968236779878, 52.93203888983011 ], [ 10.804568616905614, 52.897408147031342 ], [ 10.827064294102366, 52.881445284772347 ], [ 10.804067654133588, 52.866915959644821 ], [ 10.840005752232072, 52.850401871403136 ], [ 10.766691502514901, 52.842192358974195 ], [ 10.75931438930405, 52.795830282028717 ], [ 10.669901372100812, 52.765063729739836 ], [ 10.593669378353756, 52.794637810835027 ], [ 10.552463690488951, 52.832397917707752 ], [ 10.41350339439353, 52.805540349722762 ], [ 10.364705806048242, 52.839877225262605 ], [ 10.318555015913049, 52.837065823750756 ], [ 10.31134315377431, 52.874378670037224 ], [ 10.28296270107853, 52.877483930320444 ], [ 10.231847970388506, 52.938597707824499 ], [ 10.216092013164696, 53.00759721056729 ], [ 10.15893176413025, 53.013761568794429 ], [ 10.156650320826111, 53.027338750405363 ], [ 10.218308830172566, 53.024215913531791 ], [ 10.21187184539753, 53.076338830978521 ], [ 10.276124119336474, 53.095908059059113 ], [ 10.313949028692532, 53.088663454172739 ], [ 10.329214551237916, 53.114119040998339 ], [ 10.389344674904697, 53.113564197406454 ], [ 10.396994295833855, 53.150391888297882 ], [ 10.450264543742012, 53.160600286462504 ], [ 10.444484397353962, 53.172687772377003 ], [ 10.509027094886049, 53.203872319223983 ] ] ], [ [ [ 10.165614296512764, 53.041968010712004 ], [ 10.145756208848811, 53.047147847801845 ], [ 10.153631759426929, 53.056771932065566 ], [ 10.165614296512764, 53.041968010712004 ] ] ], [ [ [ 10.202564215046269, 53.064604413001469 ], [ 10.201681508533866, 53.069366674670327 ], [ 10.20478140789667, 53.065562679750101 ], [ 10.202564215046269, 53.064604413001469 ] ] ] ] } },
{ "type": "Feature", "properties": { "ags": "03361" }, "geometry": { "type": "Polygon", "coordinates": [ [ [ 9.177949473348244, 53.17975348815007 ], [ 9.195709613042554, 53.169827241753765 ], [ 9.166156954747182, 53.163910754809834 ], [ 9.193689004252525, 53.147477085521828 ], [ 9.15333739322269, 53.097127128982592 ], [ 9.204359962415934, 53.036024389062099 ], [ 9.285349017874342, 53.029147123753795 ], [ 9.325578419589402, 53.007070907187575 ], [ 9.3404319077931, 53.014765094649221 ], [ 9.336813627726757, 52.987099299086928 ], [ 9.373147945031311, 52.982332234092112 ], [ 9.437318621586066, 53.00281400742724 ], [ 9.457697103921346, 52.989113249787458 ], [ 9.454722840150877, 52.917411135223034 ], [ 9.377951177759416, 52.85435234364698 ], [ 9.390328329682735, 52.832711653452847 ], [ 9.330354558928631, 52.816883232580942 ], [ 9.360946328920523, 52.803137493626942 ], [ 9.340397228804521, 52.801396157938264 ], [ 9.34913492804179, 52.778519858766998 ], [ 9.328418355697679, 52.768066914693783 ], [ 9.30439538800527, 52.774518064543805 ], [ 9.293070133932316, 52.817517407027246 ], [ 9.250956899825132, 52.803071051289244 ], [ 9.241807496018957, 52.821266917801573 ], [ 9.193870432291115, 52.814888443712405 ], [ 9.220507058691084, 52.847251681063888 ], [ 9.181696921113197, 52.855996477320481 ], [ 9.211452252609227, 52.873067153169018 ], [ 9.166782926954571, 52.909534075887358 ], [ 9.16225668881086, 52.893972598414877 ], [ 9.115997191024782, 52.896952679076257 ], [ 9.079594534150322, 52.902125948081348 ], [ 9.061985130490644, 52.922861608401433 ], [ 9.004170902976437, 52.92700510684152 ], [ 8.981803719138247, 52.888527464974523 ], [ 8.965559721820483, 52.897815637201852 ], [ 8.952130555386368, 52.888908705674915 ], [ 8.905882195228289, 52.959205440350587 ], [ 8.932846506030291, 52.991687121548338 ], [ 8.915827047289008, 53.011021378110797 ], [ 8.980267133730729, 53.046747056892841 ], [ 8.961377207418137, 53.085218112641179 ], [ 8.990780355992122, 53.096626164208999 ], [ 8.947017837123928, 53.116100808745358 ], [ 8.982529133473399, 53.130339031910658 ], [ 9.036846685661208, 53.125076364149635 ], [ 9.065905779946041, 53.152176829095382 ], [ 9.109296154004598, 53.14414420072508 ], [ 9.177949473348244, 53.17975348815007 ] ] ] } },
{ "type": "Feature", "properties": { "ags": "03401" }, "geometry": { "type": "Polygon", "coordinates": [ [ [ 8.650835880427945, 53.10918081933464 ], [ 8.709154809619639, 53.075908334281223 ], [ 8.711423918503225, 53.044630248464678 ], [ 8.65716110158907, 53.008994650924649 ], [ 8.627612229595449, 53.018876955035317 ], [ 8.59126375401558, 52.986433505668522 ], [ 8.57931509716164, 53.002891627049678 ], [ 8.607561132874233, 53.031058720352419 ], [ 8.58302443863024, 53.050197765221199 ], [ 8.632678320502869, 53.075238136346037 ], [ 8.650835880427945, 53.10918081933464 ] ] ] } },
{ "type": "Feature", "properties": { "ags": "03402" }, "geometry": { "type": "Polygon", "coordinates": [ [ [ 7.275439465471046, 53.405613369971029 ], [ 7.281043250260825, 53.377837651747008 ], [ 7.311398712348442, 53.365303002119859 ], [ 7.30207758674492, 53.323638013699316 ], [ 7.028705462786512, 53.336336983338093 ], [ 6.99944664020463, 53.359887619896952 ], [ 7.012874791390159, 53.37863505376076 ], [ 7.057668133412347, 53.353171991427701 ], [ 7.140989888909639, 53.397560760476715 ], [ 7.177278752907306, 53.387229660094746 ], [ 7.275439465471046, 53.405613369971029 ] ] ] } },
{ "type": "Feature", "properties": { "ags": "03403" }, "geometry": { "type": "Polygon", "coordinates": [ [ [ 8.203578839695183, 53.205156596097495 ], [ 8.300448312267056, 53.191764894373087 ], [ 8.312263983145826, 53.153047525381062 ], [ 8.279834713077816, 53.098189734429425 ], [ 8.223005464400096, 53.082348973372014 ], [ 8.195429047876354, 53.091886419819964 ], [ 8.200562798870193, 53.114170390725469 ], [ 8.128091048105063, 53.107838093618319 ], [ 8.161447367036851, 53.176849224817772 ], [ 8.203578839695183, 53.205156596097495 ] ] ] } },
{ "type": "Feature", "properties": { "ags": "03404" }, "geometry": { "type": "Polygon", "coordinates": [ [ [ 8.027192659722676, 52.318668430683985 ], [ 8.097985452912274, 52.320464876792173 ], [ 8.119401059815559, 52.29047917590124 ], [ 8.150044144045003, 52.299796344648783 ], [ 8.179886028190436, 52.288603903004855 ], [ 8.167131661555901, 52.270739356403922 ], [ 8.121348372414744, 52.260483772517794 ], [ 8.134036117728289, 52.235040778750822 ], [ 8.116959206466641, 52.221542277804879 ], [ 8.081579567141397, 52.239967851331649 ], [ 8.034365810938816, 52.224186932898988 ], [ 7.957664654379324, 52.251121097598691 ], [ 7.964002360232556, 52.274369202027962 ], [ 7.930761564726061, 52.286422084650347 ], [ 7.930647518119413, 52.302301092017871 ], [ 7.987240443922166, 52.303583746527202 ], [ 7.964625385932971, 52.324858316308855 ], [ 8.009855533099932, 52.33876595058716 ], [ 8.027192659722676, 52.318668430683985 ] ] ] } },
{ "type": "Feature", "properties": { "ags": "03405" }, "geometry": { "type": "Polygon", "coordinates": [ [ [ 8.091290755459545, 53.638109000174978 ], [ 8.123346058904124, 53.598608916797623 ], [ 8.148863794091854, 53.601832305387802 ], [ 8.166289330908111, 53.526770103544621 ], [ 8.078202911750015, 53.501793346149192 ], [ 8.030111689659641, 53.538585119132868 ], [ 8.041611647341481, 53.552667048807749 ], [ 8.022169090746734, 53.562340724283146 ], [ 8.042999674521637, 53.571964415734172 ], [ 7.993635222658602, 53.603588563852973 ], [ 8.036847096235961, 53.628391619586928 ], [ 8.091290755459545, 53.638109000174978 ] ] ] } },
{ "type": "Feature", "properties": { "ags": "03451" }, "geometry": { "type": "Polygon", "coordinates": [ [ [ 7.88560759061775, 53.351966584149686 ], [ 7.963976615193146, 53.327203661545916 ], [ 7.970524862354931, 53.304697524673188 ], [ 8.030154910311889, 53.310363643701578 ], [ 8.063503374228128, 53.342026783706139 ], [ 8.125906181869905, 53.330076192791175 ], [ 8.173922984926159, 53.354041210711166 ], [ 8.169256873394175, 53.321761322791325 ], [ 8.208356692165676, 53.303227750080559 ], [ 8.252046486907712, 53.306616554212994 ], [ 8.279023089689248, 53.282218209382165 ], [ 8.280023037514871, 53.23480659647749 ], [ 8.296195632041352, 53.238905297443296 ], [ 8.304316240298354, 53.222975099970284 ], [ 8.303905639402382, 53.189084252203173 ], [ 8.200499714362898, 53.203884768652813 ], [ 8.161447367036851, 53.176849224817772 ], [ 8.128091048105063, 53.107838093618319 ], [ 8.070024963931216, 53.089913738355705 ], [ 8.050830266810566, 53.059624063513269 ], [ 7.965779146525295, 53.075696600949001 ], [ 7.901627798962989, 53.119474585935208 ], [ 7.885133989646844, 53.109660194582098 ], [ 7.839517942989629, 53.141347445002232 ], [ 7.853785017266773, 53.16367303977092 ], [ 7.721196028893135, 53.177193103843685 ], [ 7.699216765643918, 53.208354399143815 ], [ 7.702118815637783, 53.222839528856554 ], [ 7.850141258391789, 53.294008543594451 ], [ 7.88560759061775, 53.351966584149686 ] ] ] } },
{ "type": "Feature", "properties": { "ags": "03452" }, "geometry": { "type": "Polygon", "coordinates": [ [ [ 7.358029211528865, 53.686821676285888 ], [ 7.554981945824693, 53.673905257639774 ], [ 7.488331572147487, 53.650031060023935 ], [ 7.5093955246769, 53.623366756064812 ], [ 7.421098094451486, 53.617601719256825 ], [ 7.412109366563192, 53.542111048437292 ], [ 7.429238372182933, 53.532762388831379 ], [ 7.649225820915576, 53.561369074205309 ], [ 7.677234230348997, 53.462939924111559 ], [ 7.750976118721137, 53.464994707342782 ], [ 7.735349320665708, 53.440597828723 ], [ 7.782218635377899, 53.443062448800411 ], [ 7.770061802462675, 53.407634178955817 ], [ 7.814218730055138, 53.408719927496449 ], [ 7.815484534422229, 53.37545534626733 ], [ 7.597028772362012, 53.332281088648351 ], [ 7.597162149726143, 53.344128038229897 ], [ 7.515405766973348, 53.353285978978008 ], [ 7.486524346156506, 53.370406258394802 ], [ 7.37481694304248, 53.348333508222268 ], [ 7.35019276985802, 53.354208218357982 ], [ 7.351931060488356, 53.375707035216479 ], [ 7.347472843127939, 53.358591247944275 ], [ 7.32871688980465, 53.367543076050914 ], [ 7.307320011053132, 53.350159591913744 ], [ 7.267580144487057, 53.408699420427425 ], [ 7.227382150770281, 53.391956387230536 ], [ 7.211753109257591, 53.402514419457233 ], [ 7.203713118729932, 53.389902583232598 ], [ 7.140989888909639, 53.397560760476715 ], [ 7.101117692945113, 53.387045348703793 ], [ 7.057668133412347, 53.353171991427701 ], [ 7.012874791390159, 53.37863505376076 ], [ 6.99944664020463, 53.359887619896952 ], [ 7.024107546093723, 53.482371449018331 ], [ 7.04868844699779, 53.508071890395875 ], [ 7.036982443859387, 53.538670060962225 ], [ 7.085946356484845, 53.521425833472577 ], [ 7.129998987880267, 53.532359981178523 ], [ 7.087064984124364, 53.57146719879767 ], [ 7.156507429969397, 53.629263947579808 ], [ 7.243064732926729, 53.668539160345169 ], [ 7.358029211528865, 53.686821676285888 ] ] ] } },
{ "type": "Feature", "properties": { "ags": "03453" }, "geometry": { "type": "Polygon", "coordinates": [ [ [ 7.658656743678505, 53.181387522647611 ], [ 7.853785017266773, 53.16367303977092 ], [ 7.839517942989629, 53.141347445002232 ], [ 7.885133989646844, 53.109660194582098 ], [ 7.901627798962989, 53.119474585935208 ], [ 7.965779146525295, 53.075696600949001 ], [ 8.015268281959758, 53.07397082819962 ], [ 8.082285491571426, 53.036686172973369 ], [ 8.124249046075418, 52.999608505059442 ], [ 8.12159057941879, 52.928071784715911 ], [ 8.156694644899558, 52.924731411501469 ], [ 8.156198043964851, 52.905134782104192 ], [ 8.222906056790565, 52.871585916674036 ], [ 8.258848573814236, 52.874195044227307 ], [ 8.239591380192287, 52.799088871129364 ], [ 8.204607056085223, 52.789328632796611 ], [ 8.199486424238732, 52.76154986559083 ], [ 8.110985390726061, 52.77158355303262 ], [ 8.103507045276988, 52.752275117497945 ], [ 8.061174482067106, 52.756328982893514 ], [ 8.046188033191088, 52.7151813928105 ], [ 8.074336491021105, 52.69998667636478 ], [ 8.026631641344968, 52.70296127510781 ], [ 8.018152352142909, 52.683912277947805 ], [ 7.944762394256303, 52.693189415689503 ], [ 7.918007912803062, 52.679890337151846 ], [ 7.855138153292768, 52.709339207233818 ], [ 7.76372911188606, 52.677436389301299 ], [ 7.689614961294026, 52.678920243217462 ], [ 7.635240587696458, 52.725968911030442 ], [ 7.71494599120457, 52.766754053244981 ], [ 7.68180356443371, 52.797077223405729 ], [ 7.712894279231216, 52.850563357965996 ], [ 7.784112959505377, 52.873006121202323 ], [ 7.832056270136275, 52.920530082799907 ], [ 7.740916109519221, 52.945144094493365 ], [ 7.716177738811425, 52.968241681404685 ], [ 7.713083590365322, 53.015265883211868 ], [ 7.611879955301041, 53.057707364602436 ], [ 7.658656743678505, 53.181387522647611 ] ], [ [ 7.790444244948421, 52.692188119326318 ], [ 7.795178383407901, 52.694889005851124 ], [ 7.79332192729713, 52.695133162031908 ], [ 7.790444244948421, 52.692188119326318 ] ] ] } },
{ "type": "Feature", "properties": { "ags": "03454" }, "geometry": { "type": "Polygon", "coordinates": [ [ [ 7.202794359075974, 53.113281650351958 ], [ 7.483157968955408, 53.086230505546361 ], [ 7.545124078812028, 53.033676169695347 ], [ 7.608093028365237, 53.059251678308883 ], [ 7.713083590365322, 53.015265883211868 ], [ 7.716177738811425, 52.968241681404685 ], [ 7.740916109519221, 52.945144094493365 ], [ 7.832056270136275, 52.920530082799907 ], [ 7.784112959505377, 52.873006121202323 ], [ 7.712894279231216, 52.850563357965996 ], [ 7.68180356443371, 52.797077223405729 ], [ 7.71494599120457, 52.766754053244981 ], [ 7.637472336170113, 52.731465128999496 ], [ 7.694647602288233, 52.663128586931848 ], [ 7.607753467113688, 52.616478093302227 ], [ 7.611873797527139, 52.477512253597048 ], [ 7.564310992770586, 52.432312212848977 ], [ 7.602719467405382, 52.421030691337599 ], [ 7.582104209990756, 52.376403903165944 ], [ 7.505271950027654, 52.361055307231553 ], [ 7.437776484473146, 52.333356518559981 ], [ 7.427224312826789, 52.314012515618515 ], [ 7.317481059005861, 52.280272244079626 ], [ 7.256227019261225, 52.340287261412826 ], [ 7.212660406207713, 52.446570802752277 ], [ 7.275155248422393, 52.469335692031287 ], [ 7.279127203090745, 52.496140504435921 ], [ 7.258023954015049, 52.507830307734096 ], [ 7.284659239508985, 52.51772055525327 ], [ 7.257808383817889, 52.542348660979009 ], [ 7.193312340189927, 52.537574819501373 ], [ 7.109383053112252, 52.602421172514447 ], [ 7.108990311574167, 52.589267462725623 ], [ 7.068539369287525, 52.605034676134714 ], [ 7.0453458866011, 52.597118300915469 ], [ 7.033347101646752, 52.618391268641524 ], [ 6.995277601910577, 52.606289103350747 ], [ 7.006229648581206, 52.638763091442357 ], [ 7.041866613233458, 52.632680502110674 ], [ 7.055577136604525, 52.643369889562983 ], [ 7.08732385626979, 52.849928586484516 ], [ 7.181569824187942, 52.941303849026419 ], [ 7.217281327011284, 53.00698383340022 ], [ 7.202794359075974, 53.113281650351958 ] ] ] } },
{ "type": "Feature", "properties": { "ags": "03455" }, "geometry": { "type": "Polygon", "coordinates": [ [ [ 7.914739709028863, 53.717678135027555 ], [ 8.032130326742985, 53.705277525409137 ], [ 8.035706617155974, 53.649684437043256 ], [ 8.091290755459545, 53.638109000174978 ], [ 8.036847096235961, 53.628391619586928 ], [ 7.99393906057807, 53.60150198095721 ], [ 8.042999674521637, 53.571964415734172 ], [ 8.022526577725268, 53.556603694452228 ], [ 8.041611647341481, 53.552667048807749 ], [ 8.030111689659641, 53.538585119132868 ], [ 8.078424311130782, 53.459788628050546 ], [ 8.100302501224284, 53.445445329499314 ], [ 8.152210777021645, 53.447976612188917 ], [ 8.207268460647175, 53.395494876502227 ], [ 8.202196502272335, 53.366143099115142 ], [ 8.151234924583319, 53.338033868257838 ], [ 8.125906181869905, 53.330076192791175 ], [ 8.063503374228128, 53.342026783706139 ], [ 8.030154910311889, 53.310363643701578 ], [ 7.970524862354931, 53.304697524673188 ], [ 7.959946124949715, 53.329839185405937 ], [ 7.88560759061775, 53.351966584149686 ], [ 7.8586715249085, 53.398644095523174 ], [ 7.967231256267859, 53.443887604912483 ], [ 7.975172668992689, 53.461090329124261 ], [ 7.928841085040359, 53.481658444153013 ], [ 7.936899902274397, 53.510896468090813 ], [ 7.88737668184041, 53.516475004693071 ], [ 7.821226547366224, 53.500839250054767 ], [ 7.81553035931244, 53.519472870317323 ], [ 7.860370479116405, 53.610876846181476 ], [ 7.82026107426494, 53.631547569919661 ], [ 7.841513165171627, 53.646294218403902 ], [ 7.811680041475962, 53.711488700849237 ], [ 7.914739709028863, 53.717678135027555 ] ] ] } },
{ "type": "Feature", "properties": { "ags": "03456" }, "geometry": { "type": "Polygon", "coordinates": [ [ [ 6.786010903472732, 52.652420523050203 ], [ 7.002191443245835, 52.641831153464956 ], [ 6.995277601910577, 52.606289103350747 ], [ 7.033347101646752, 52.618391268641524 ], [ 7.0453458866011, 52.597118300915469 ], [ 7.068539369287525, 52.605034676134714 ], [ 7.108990311574167, 52.589267462725623 ], [ 7.109383053112252, 52.602421172514447 ], [ 7.193312340189927, 52.537574819501373 ], [ 7.257808383817889, 52.542348660979009 ], [ 7.284659239508985, 52.51772055525327 ], [ 7.258023954015049, 52.507830307734096 ], [ 7.279127203090745, 52.496140504435921 ], [ 7.275155248422393, 52.469335692031287 ], [ 7.212660406207713, 52.446570802752277 ], [ 7.256227019261225, 52.340287261412826 ], [ 7.317481059005861, 52.280272244079626 ], [ 7.297889793114357, 52.2639751237596 ], [ 7.153168307079443, 52.26651253805381 ], [ 7.0658684366328, 52.241258979824941 ], [ 7.026305099554892, 52.287444124057203 ], [ 7.072191566956625, 52.373412437686994 ], [ 6.991802702782496, 52.467452566310136 ], [ 6.941683815726269, 52.43548963192913 ], [ 6.852613059169308, 52.449942954168584 ], [ 6.854307604620229, 52.459598744476708 ], [ 6.753103464804769, 52.463796971958523 ], [ 6.697720003684531, 52.486345212624165 ], [ 6.705367224198089, 52.520264317506218 ], [ 6.680868310706342, 52.553336397550126 ], [ 6.766621548740616, 52.561512581438279 ], [ 6.718713000269322, 52.588684276446749 ], [ 6.710081175418719, 52.627842643000356 ], [ 6.786010903472732, 52.652420523050203 ] ] ] } },
{ "type": "Feature", "properties": { "ags": "03457" }, "geometry": { "type": "Polygon", "coordinates": [ [ [ 7.353569402608262, 53.375515115221475 ], [ 7.35019276985802, 53.354208218357982 ], [ 7.37481694304248, 53.348333508222268 ], [ 7.486524346156506, 53.370406258394802 ], [ 7.515405766973348, 53.353285978978008 ], [ 7.597162149726143, 53.344128038229897 ], [ 7.597028772362012, 53.332281088648351 ], [ 7.626170112787025, 53.334477737702997 ], [ 7.6193018849176, 53.346101019862445 ], [ 7.66319665209001, 53.340033759629733 ], [ 7.871523082769155, 53.37587517940424 ], [ 7.88560759061775, 53.351966584149686 ], [ 7.850141258391789, 53.294008543594451 ], [ 7.702118815637783, 53.222839528856554 ], [ 7.719023102319336, 53.178888764728086 ], [ 7.647776955563971, 53.182681552623734 ], [ 7.611879955301041, 53.057707364602436 ], [ 7.563587701076022, 53.036578405553982 ], [ 7.524593537512509, 53.043361366056089 ], [ 7.483157968955408, 53.086230505546361 ], [ 7.182865369906813, 53.121709032741954 ], [ 7.190463814630594, 53.161761765455651 ], [ 7.227045346776621, 53.17992265755575 ], [ 7.207959576846739, 53.188484379188111 ], [ 7.208935218746599, 53.243064701104487 ], [ 7.245585669931115, 53.319319135600431 ], [ 7.306931093959209, 53.317422156146115 ], [ 7.304832803160831, 53.350007736311241 ], [ 7.32871688980465, 53.367543076050914 ], [ 7.347472843127939, 53.358591247944275 ], [ 7.353569402608262, 53.375515115221475 ] ] ] } },
{ "type": "Feature", "properties": { "ags": "03458" }, "geometry": { "type": "Polygon", "coordinates": [ [ [ 8.385876998183528, 53.165609900804718 ], [ 8.401677704855754, 53.120889629761898 ], [ 8.461484753445708, 53.140357143686721 ], [ 8.505284082673139, 53.120190613243054 ], [ 8.496153441130522, 53.130304231480451 ], [ 8.570786338836108, 53.113787306487843 ], [ 8.579139134513568, 53.123143015302723 ], [ 8.635673293738087, 53.09927558328998 ], [ 8.632678320502869, 53.075238136346037 ], [ 8.58302443863024, 53.050197765221199 ], [ 8.607561132874233, 53.031058720352419 ], [ 8.578331077362051, 53.000142272910303 ], [ 8.59126375401558, 52.986433505668522 ], [ 8.627612229595449, 53.018876955035317 ], [ 8.659560166920647, 53.008704246737089 ], [ 8.652670629675784, 52.9648201727816 ], [ 8.688330937086866, 52.96675098983529 ], [ 8.694026935650294, 52.920149284013206 ], [ 8.644684915177963, 52.911748875263669 ], [ 8.633669988450718, 52.850910212433917 ], [ 8.53938005231171, 52.8311170801096 ], [ 8.546947049036547, 52.819264691703935 ], [ 8.484317470167243, 52.798330019723416 ], [ 8.459277472892149, 52.801055781904616 ], [ 8.473043413046438, 52.822843980259044 ], [ 8.396688404741703, 52.825355171515405 ], [ 8.406384770682003, 52.848556451314487 ], [ 8.356076663603806, 52.852474042281372 ], [ 8.332077001192731, 52.884257555593649 ], [ 8.230812331656029, 52.86946504185957 ], [ 8.156198043964851, 52.905134782104192 ], [ 8.156694644899558, 52.924731411501469 ], [ 8.12159057941879, 52.928071784715911 ], [ 8.124249046075418, 52.999608505059442 ], [ 8.05085758684009, 53.058590251395088 ], [ 8.070024963931216, 53.089913738355705 ], [ 8.12339317650232, 53.107389694256184 ], [ 8.200562798870193, 53.114170390725469 ], [ 8.195429047876354, 53.091886419819964 ], [ 8.223005464400096, 53.082348973372014 ], [ 8.275434040380068, 53.095672467715765 ], [ 8.322305015121971, 53.161787816135821 ], [ 8.385876998183528, 53.165609900804718 ] ] ] } },
{ "type": "Feature", "properties": { "ags": "03459" }, "geometry": { "type": "MultiPolygon", "coordinates": [ [ [ [ 7.855138153292768, 52.709339207233818 ], [ 7.918007912803062, 52.679890337151846 ], [ 7.972535542821275, 52.696535156177795 ], [ 8.019482112988589, 52.683426734161692 ], [ 8.087695443847254, 52.62361442691504 ], [ 8.07221001416452, 52.597163560061176 ], [ 8.04135782431997, 52.589520511068777 ], [ 8.036881692738007, 52.532486072069766 ], [ 8.013967293895668, 52.532734123106593 ], [ 8.063580614880763, 52.50298438563086 ], [ 8.060989078230486, 52.44380703547511 ], [ 8.159197286295967, 52.432940416581701 ], [ 8.202845910413352, 52.479876667442213 ], [ 8.306786030670271, 52.499812810439579 ], [ 8.313627030904781, 52.406026660569268 ], [ 8.439410365062328, 52.362712571085979 ], [ 8.472149143543962, 52.315364095118632 ], [ 8.468063210719038, 52.247113666579629 ], [ 8.442391793031041, 52.213306815755672 ], [ 8.460188310110427, 52.195954636835538 ], [ 8.517437323835834, 52.184950449313 ], [ 8.412881585866376, 52.137605644429904 ], [ 8.404937058822179, 52.11148888754348 ], [ 8.266731884713765, 52.13228120250858 ], [ 8.192494536982618, 52.072619337002529 ], [ 8.151526689257668, 52.076364420412531 ], [ 8.096448167728548, 52.057145182145653 ], [ 8.032748466850354, 52.068440934820892 ], [ 7.981101712838448, 52.03551001613102 ], [ 7.91692127084343, 52.051637212794802 ], [ 7.885159165632709, 52.083302457928838 ], [ 7.97176916519548, 52.1159830144586 ], [ 8.007796128719072, 52.115333145097225 ], [ 7.997386119210522, 52.154479987979769 ], [ 8.025188639593258, 52.163509512904959 ], [ 7.908109126568448, 52.189863446085255 ], [ 7.926467035537042, 52.26371452693877 ], [ 7.960030049695579, 52.276143824802055 ], [ 7.957664654379324, 52.251121097598691 ], [ 7.989005757555288, 52.237135180736921 ], [ 8.036260439297527, 52.223936897793912 ], [ 8.081579567141397, 52.239967851331649 ], [ 8.111370588387434, 52.220590276000912 ], [ 8.133693019951465, 52.2333902769914 ], [ 8.121348372414744, 52.260483772517794 ], [ 8.180514162622766, 52.28490697051614 ], [ 8.150044144045003, 52.299796344648783 ], [ 8.119401059815559, 52.29047917590124 ], [ 8.097985452912274, 52.320464876792173 ], [ 8.020051385787992, 52.319285884672276 ], [ 8.009855533099932, 52.33876595058716 ], [ 7.960065232888582, 52.32590291996145 ], [ 7.936669993157876, 52.364977256797495 ], [ 7.891770367911166, 52.380512981152798 ], [ 7.807088758088664, 52.37142702917528 ], [ 7.713825101574862, 52.401002378753937 ], [ 7.688382442417763, 52.453672654465365 ], [ 7.608976112210172, 52.473990651122655 ], [ 7.611580371185899, 52.622641275267625 ], [ 7.694647602288233, 52.663128586931848 ], [ 7.687850090878738, 52.678987038254839 ], [ 7.76372911188606, 52.677436389301299 ], [ 7.855138153292768, 52.709339207233818 ] ] ], [ [ [ 7.795178383407901, 52.694889005851124 ], [ 7.790444244948421, 52.692188119326318 ], [ 7.79332192729713, 52.695133162031908 ], [ 7.795178383407901, 52.694889005851124 ] ] ] ] } },
{ "type": "Feature", "properties": { "ags": "03460" }, "geometry": { "type": "Polygon", "coordinates": [ [ [ 8.33398025732988, 52.880420587562142 ], [ 8.356076663603806, 52.852474042281372 ], [ 8.406384770682003, 52.848556451314487 ], [ 8.396688404741703, 52.825355171515405 ], [ 8.473043413046438, 52.822843980259044 ], [ 8.450053369007149, 52.786377499062937 ], [ 8.471996249606331, 52.735547640875424 ], [ 8.310357543766926, 52.687074607798515 ], [ 8.293795223947054, 52.650476053994879 ], [ 8.311235476654018, 52.586278411370053 ], [ 8.343968356703424, 52.574814896766092 ], [ 8.349673070833056, 52.551722072969589 ], [ 8.313524041129966, 52.535348354952113 ], [ 8.308323942176528, 52.499112065672236 ], [ 8.202845910413352, 52.479876667442213 ], [ 8.159197286295967, 52.432940416581701 ], [ 8.060989078230486, 52.44380703547511 ], [ 8.063580614880763, 52.50298438563086 ], [ 8.013967293895668, 52.532734123106593 ], [ 8.036881692738007, 52.532486072069766 ], [ 8.04135782431997, 52.589520511068777 ], [ 8.07221001416452, 52.597163560061176 ], [ 8.087695443847254, 52.62361442691504 ], [ 8.018152352142909, 52.683912277947805 ], [ 8.026631641344968, 52.70296127510781 ], [ 8.077752010852256, 52.702220519798217 ], [ 8.046188033191088, 52.7151813928105 ], [ 8.061174482067106, 52.756328982893514 ], [ 8.103507045276988, 52.752275117497945 ], [ 8.110985390726061, 52.77158355303262 ], [ 8.199486424238732, 52.76154986559083 ], [ 8.204607056085223, 52.789328632796611 ], [ 8.239591380192287, 52.799088871129364 ], [ 8.258848573814236, 52.874195044227307 ], [ 8.33398025732988, 52.880420587562142 ] ] ] } },
{ "type": "Feature", "properties": { "ags": "03461" }, "geometry": { "type": "Polygon", "coordinates": [ [ [ 8.315291132927833, 53.615420111281644 ], [ 8.396519379434128, 53.56960112448774 ], [ 8.46446538398993, 53.552469669681621 ], [ 8.517614478290696, 53.558300706254947 ], [ 8.55165682052033, 53.536280300926585 ], [ 8.552684233571073, 53.516175644227587 ], [ 8.492654023845105, 53.475122886931175 ], [ 8.481735119263954, 53.226449543054976 ], [ 8.533268465982566, 53.187346932479116 ], [ 8.620785826033865, 53.166614519350482 ], [ 8.657680503844583, 53.118491927340258 ], [ 8.635673293738087, 53.09927558328998 ], [ 8.579139134513568, 53.123143015302723 ], [ 8.570786338836108, 53.113787306487843 ], [ 8.496153441130522, 53.130304231480451 ], [ 8.505284082673139, 53.120190613243054 ], [ 8.461484753445708, 53.140357143686721 ], [ 8.401677704855754, 53.120889629761898 ], [ 8.38336404809265, 53.172148888282372 ], [ 8.309301266951426, 53.153363187989179 ], [ 8.292445305068089, 53.180236153464364 ], [ 8.314619896737208, 53.196155294657665 ], [ 8.296195632041352, 53.238905297443296 ], [ 8.280023037514871, 53.23480659647749 ], [ 8.277658816990677, 53.284576368805638 ], [ 8.252046486907712, 53.306616554212994 ], [ 8.208356692165676, 53.303227750080559 ], [ 8.169256873394175, 53.321761322791325 ], [ 8.166596691203079, 53.344829458355321 ], [ 8.203912841990752, 53.368670286398626 ], [ 8.195555007220781, 53.409171706024708 ], [ 8.259853558026265, 53.401511588480197 ], [ 8.313474499987521, 53.455984689168396 ], [ 8.309414833676586, 53.522820446316977 ], [ 8.226915999013082, 53.520083711630654 ], [ 8.251516423072093, 53.592543548634495 ], [ 8.315291132927833, 53.615420111281644 ] ] ] } },
{ "type": "Feature", "properties": { "ags": "03462" }, "geometry": { "type": "Polygon", "coordinates": [ [ [ 7.80753764761611, 53.707080232331975 ], [ 7.841513165171627, 53.646294218403902 ], [ 7.82026107426494, 53.631547569919661 ], [ 7.860267723407669, 53.613329215010474 ], [ 7.821226547366224, 53.500839250054767 ], [ 7.88737668184041, 53.516475004693071 ], [ 7.935825310064218, 53.511215805716482 ], [ 7.928841085040359, 53.481658444153013 ], [ 7.975172668992689, 53.461090329124261 ], [ 7.967231256267859, 53.443887604912483 ], [ 7.8586715249085, 53.398644095523174 ], [ 7.871523082769155, 53.37587517940424 ], [ 7.833932294974456, 53.362888811383485 ], [ 7.814218730055138, 53.408719927496449 ], [ 7.770061802462675, 53.407634178955817 ], [ 7.782218635377899, 53.443062448800411 ], [ 7.735349320665708, 53.440597828723 ], [ 7.750976118721137, 53.464994707342782 ], [ 7.677234230348997, 53.462939924111559 ], [ 7.649225820915576, 53.561369074205309 ], [ 7.429238372182933, 53.532762388831379 ], [ 7.407816827703671, 53.583850937514761 ], [ 7.426986943188323, 53.621399465836198 ], [ 7.510138664535432, 53.623780407160922 ], [ 7.488331572147487, 53.650031060023935 ], [ 7.509804027249577, 53.664472138592963 ], [ 7.703838767468301, 53.703517954150101 ], [ 7.80753764761611, 53.707080232331975 ] ] ] } },
{ "type": "Feature", "properties": { "ags": "04011" }, "geometry": { "type": "MultiPolygon", "coordinates": [ [ [ [ 8.481735119263954, 53.226449543054976 ], [ 8.55369891086446, 53.207805800266215 ], [ 8.599039075808664, 53.212546229000182 ], [ 8.581097701593524, 53.198707246357522 ], [ 8.593251436140617, 53.183633717571588 ], [ 8.627994029454905, 53.198372352406388 ], [ 8.663828356189885, 53.176243842811346 ], [ 8.699357718719805, 53.185479430604694 ], [ 8.775395749072343, 53.158684022832475 ], [ 8.829227338393421, 53.164376276428754 ], [ 8.864023195687531, 53.131723514704653 ], [ 8.912143303182672, 53.132618799131336 ], [ 8.94508291251319, 53.152012990451453 ], [ 8.984185253581076, 53.126070929861342 ], [ 8.947017837123928, 53.116100808745358 ], [ 8.990780355992122, 53.096626164208999 ], [ 8.961377207418137, 53.085218112641179 ], [ 8.980267133730729, 53.046747056892841 ], [ 8.915827047289008, 53.011021378110797 ], [ 8.867006164963271, 53.040832615441978 ], [ 8.86675611374325, 53.02211723569517 ], [ 8.82200542864387, 53.021266771637286 ], [ 8.770704765147785, 53.053406972187354 ], [ 8.731491653947961, 53.034932532190247 ], [ 8.709154809619639, 53.075908334281223 ], [ 8.666494272629965, 53.091558799619968 ], [ 8.620785826033865, 53.166614519350482 ], [ 8.504711920207896, 53.200786053012216 ], [ 8.481735119263954, 53.226449543054976 ] ] ], [ [ [ 8.615217568840501, 53.195910918468684 ], [ 8.613037882288678, 53.198565780526501 ], [ 8.616397735956133, 53.197026039027044 ], [ 8.615217568840501, 53.195910918468684 ] ] ], [ [ [ 8.523293738722039, 53.591565236891192 ], [ 8.57737612750733, 53.578041194237663 ], [ 8.564361568875483, 53.549791919419462 ], [ 8.523293738722039, 53.591565236891192 ] ] ] ] } },
{ "type": "Feature", "properties": { "ags": "04012" }, "geometry": { "type": "MultiPolygon", "coordinates": [ [ [ [ 8.509366806432771, 53.603127329781913 ], [ 8.592283299906862, 53.592932612003601 ], [ 8.65063238645469, 53.602565220164088 ], [ 8.616802852111647, 53.574370035889793 ], [ 8.646354348286403, 53.555545671815779 ], [ 8.650555156815464, 53.510781665287119 ], [ 8.605904617497481, 53.484233786335565 ], [ 8.492651891657662, 53.472419759077638 ], [ 8.514608914421022, 53.501413490871336 ], [ 8.560907612444414, 53.509332752806408 ], [ 8.57625285351677, 53.536406745453235 ], [ 8.577359942694555, 53.578409476550661 ], [ 8.509366806432771, 53.603127329781913 ] ] ], [ [ [ 8.643769176963801, 53.605473386612076 ], [ 8.660884273692821, 53.607086435816349 ], [ 8.657717086871854, 53.602985611277028 ], [ 8.643769176963801, 53.605473386612076 ] ] ] ] } },
{ "type": "Feature", "properties": { "ags": "05111" }, "geometry": { "type": "Polygon", "coordinates": [ [ [ 6.752939468374929, 51.349882715416094 ], [ 6.809586834599258, 51.343111430245173 ], [ 6.799827072351145, 51.278997842256118 ], [ 6.894264857254988, 51.264845811221832 ], [ 6.939965353607652, 51.27284652250637 ], [ 6.930942950242566, 51.238225761111039 ], [ 6.87102728952228, 51.241557398660447 ], [ 6.872582824695538, 51.219936623611694 ], [ 6.922208762845871, 51.193956124418193 ], [ 6.891857677641725, 51.158396661449025 ], [ 6.923452075180508, 51.142379238729092 ], [ 6.910556912371449, 51.126985387152665 ], [ 6.856049418776725, 51.126188720923707 ], [ 6.847485116144608, 51.162837252669256 ], [ 6.798878461826403, 51.144533634619371 ], [ 6.790806278381783, 51.182474245026654 ], [ 6.7390947045932, 51.182815039313333 ], [ 6.724062775846481, 51.225832710992201 ], [ 6.69268451115056, 51.224959954261827 ], [ 6.727296209468305, 51.256819615703385 ], [ 6.702350273651934, 51.271985861691277 ], [ 6.734208913244029, 51.309986929915496 ], [ 6.714855683703933, 51.333198590358592 ], [ 6.752939468374929, 51.349882715416094 ] ] ] } },
{ "type": "Feature", "properties": { "ags": "05112" }, "geometry": { "type": "Polygon", "coordinates": [ [ [ 6.686522552063139, 51.560220016717892 ], [ 6.78402000590521, 51.533232731045054 ], [ 6.777319915462323, 51.522725013879757 ], [ 6.820058612256936, 51.506935412244147 ], [ 6.80493092191621, 51.447297242586878 ], [ 6.830459998861354, 51.352269874365078 ], [ 6.74154867226858, 51.350022831919077 ], [ 6.714855683703933, 51.333198590358592 ], [ 6.659180156073289, 51.349400087535507 ], [ 6.675297633693071, 51.388800567027737 ], [ 6.637082178842679, 51.385782972217783 ], [ 6.625616443906518, 51.411055264912434 ], [ 6.629614080756974, 51.420205268692946 ], [ 6.655225529956724, 51.408766804642198 ], [ 6.668848311935895, 51.410031716387429 ], [ 6.677941335352051, 51.449993979838524 ], [ 6.628996157688796, 51.503618300590347 ], [ 6.696739743255298, 51.518933994655328 ], [ 6.676587068514903, 51.542586680330714 ], [ 6.686522552063139, 51.560220016717892 ] ] ] } },
{ "type": "Feature", "properties": { "ags": "05113" }, "geometry": { "type": "Polygon", "coordinates": [ [ [ 6.998652078385041, 51.533700701975143 ], [ 7.1139369694845, 51.471686328091629 ], [ 7.136841787418992, 51.423215119705837 ], [ 7.108443196471185, 51.406663957496008 ], [ 7.119557487919904, 51.37801748567496 ], [ 6.927158301070613, 51.347412790596344 ], [ 6.90374372761686, 51.367426380682438 ], [ 6.941100109893394, 51.388320556565262 ], [ 6.958734521669913, 51.440095525719777 ], [ 6.919573076639293, 51.450114481513296 ], [ 6.894508077482611, 51.477226659197392 ], [ 6.92034683931165, 51.49661618220798 ], [ 6.988291148601604, 51.508722789828546 ], [ 6.998652078385041, 51.533700701975143 ] ] ] } },
{ "type": "Feature", "properties": { "ags": "05114" }, "geometry": { "type": "Polygon", "coordinates": [ [ [ 6.547894985731027, 51.400131983690613 ], [ 6.656343048489068, 51.381138648926495 ], [ 6.675297633693071, 51.388800567027737 ], [ 6.654397845652596, 51.355631038508804 ], [ 6.706166072445264, 51.336693432762267 ], [ 6.699396876039513, 51.327034408402618 ], [ 6.622487360978035, 51.308677608635307 ], [ 6.621654477229582, 51.291090543247734 ], [ 6.500112922750569, 51.28881490270637 ], [ 6.488729378287641, 51.303202688033863 ], [ 6.51191369595048, 51.310184003181128 ], [ 6.514545430620058, 51.334906113417581 ], [ 6.486875875430099, 51.347015993526497 ], [ 6.479188330761809, 51.39254662877547 ], [ 6.547894985731027, 51.400131983690613 ] ] ] } },
{ "type": "Feature", "properties": { "ags": "05116" }, "geometry": { "type": "Polygon", "coordinates": [ [ [ 6.458012029414596, 51.247849163100973 ], [ 6.520118961205697, 51.230398152648469 ], [ 6.510767536661779, 51.219935459554144 ], [ 6.489091668010223, 51.227590550099819 ], [ 6.479924936408, 51.176348018047577 ], [ 6.515850705446453, 51.183453126828041 ], [ 6.537117808560184, 51.145134611354052 ], [ 6.472640781664414, 51.141694308237867 ], [ 6.479571945965112, 51.112738451379634 ], [ 6.445644539275234, 51.111925074121643 ], [ 6.444560681862759, 51.088702153425729 ], [ 6.360387275254035, 51.095540444466842 ], [ 6.354422269156752, 51.12656364852873 ], [ 6.301908530778096, 51.152487569056809 ], [ 6.291135663304763, 51.175551313160497 ], [ 6.318487119803938, 51.181775753695938 ], [ 6.330487454374936, 51.224487025144434 ], [ 6.414351047618119, 51.219336218090739 ], [ 6.458012029414596, 51.247849163100973 ] ] ] } },
{ "type": "Feature", "properties": { "ags": "05117" }, "geometry": { "type": "Polygon", "coordinates": [ [ [ 6.901199995406665, 51.471171404019692 ], [ 6.958734521669913, 51.440095525719777 ], [ 6.944377013130596, 51.393788184012244 ], [ 6.907327101114094, 51.368416176406257 ], [ 6.845813849150239, 51.364171178577003 ], [ 6.830973634205577, 51.351241000376653 ], [ 6.80493092191621, 51.447297242586878 ], [ 6.901199995406665, 51.471171404019692 ] ] ] } },
{ "type": "Feature", "properties": { "ags": "05119" }, "geometry": { "type": "Polygon", "coordinates": [ [ [ 6.856596926839218, 51.568058628324799 ], [ 6.893927312205931, 51.516363939955752 ], [ 6.930682076469396, 51.499217859141638 ], [ 6.896108605098555, 51.468970852771541 ], [ 6.82720380488707, 51.448913918012202 ], [ 6.808978010512504, 51.455965893985223 ], [ 6.820058612256936, 51.506935412244147 ], [ 6.777319915462323, 51.522725013879757 ], [ 6.781860386155911, 51.544361478663987 ], [ 6.814407039220365, 51.574126374908595 ], [ 6.856596926839218, 51.568058628324799 ] ] ] } },
{ "type": "Feature", "properties": { "ags": "05120" }, "geometry": { "type": "Polygon", "coordinates": [ [ [ 7.238905455403662, 51.223866717192394 ], [ 7.305397019584099, 51.195450864005103 ], [ 7.293543607537686, 51.146718425948826 ], [ 7.219800083208262, 51.160841118586447 ], [ 7.141024397656063, 51.143776599290931 ], [ 7.142183120384925, 51.190698151504506 ], [ 7.165457815934083, 51.210962104826137 ], [ 7.238905455403662, 51.223866717192394 ] ] ] } },
{ "type": "Feature", "properties": { "ags": "05122" }, "geometry": { "type": "Polygon", "coordinates": [ [ [ 7.083153811273196, 51.220413008891668 ], [ 7.107061174245713, 51.211849834458619 ], [ 7.138479120923783, 51.145108414544659 ], [ 7.166350230744866, 51.153940881359389 ], [ 7.173929644642123, 51.127485956551347 ], [ 7.143978374299029, 51.115319522311182 ], [ 7.082760570499828, 51.138174406867513 ], [ 7.074525918908778, 51.126131912057716 ], [ 7.035121030993948, 51.131774959030508 ], [ 6.997724140399773, 51.117975881004242 ], [ 6.996055961884622, 51.144210550434842 ], [ 6.951093808983209, 51.146978612792019 ], [ 6.955680361544795, 51.157945092084361 ], [ 7.083153811273196, 51.220413008891668 ] ] ] } },
{ "type": "Feature", "properties": { "ags": "05124" }, "geometry": { "type": "Polygon", "coordinates": [ [ [ 7.263718693051164, 51.317089540340248 ], [ 7.267153593520557, 51.257314448833711 ], [ 7.304736036245662, 51.25242925081168 ], [ 7.313570202737964, 51.234028549321657 ], [ 7.295806434948983, 51.205391937684062 ], [ 7.245250941307422, 51.224998006581913 ], [ 7.174871660839276, 51.213841893617612 ], [ 7.13608377516742, 51.166375020871115 ], [ 7.104591998328213, 51.215200745453267 ], [ 7.035868543379765, 51.215410707394241 ], [ 7.051835795922001, 51.232432228155467 ], [ 7.014970076153172, 51.2446939326353 ], [ 7.064602705541769, 51.259986525446614 ], [ 7.105912237407814, 51.301954918469619 ], [ 7.1672878074765, 51.312902330278021 ], [ 7.169904387821716, 51.297961874483981 ], [ 7.195732922277455, 51.294992853150013 ], [ 7.263718693051164, 51.317089540340248 ] ] ] } },
{ "type": "Feature", "properties": { "ags": "05154" }, "geometry": { "type": "Polygon", "coordinates": [ [ [ 6.159324705405229, 51.903751558179401 ], [ 6.208474231681377, 51.869540132340568 ], [ 6.278189551027635, 51.874306842512503 ], [ 6.306560847688336, 51.849215438229521 ], [ 6.356677026480204, 51.847819455611877 ], [ 6.42689501017631, 51.818972581428234 ], [ 6.422972422796693, 51.80556488333437 ], [ 6.490211817863652, 51.81137710954323 ], [ 6.534572296354565, 51.764789587596553 ], [ 6.482762388679871, 51.752655107260416 ], [ 6.489111952499197, 51.720409956107268 ], [ 6.460632733476071, 51.701874877093069 ], [ 6.411397975060909, 51.715622400088591 ], [ 6.421946607660377, 51.743484495692499 ], [ 6.402525944213631, 51.755139016871446 ], [ 6.4112641695306, 51.741232777031072 ], [ 6.354985265124829, 51.699683386090655 ], [ 6.380128732630387, 51.684902709177386 ], [ 6.354186378881691, 51.645421733037679 ], [ 6.292895966583726, 51.637803515622878 ], [ 6.334349929870212, 51.611265511119456 ], [ 6.323303330727422, 51.601405232000417 ], [ 6.374124369265299, 51.589174299414772 ], [ 6.377390788017528, 51.566086490060599 ], [ 6.498746946631777, 51.567061454788146 ], [ 6.464339229550217, 51.551138826303678 ], [ 6.487119662284965, 51.538393104284992 ], [ 6.480393054331237, 51.521693602259234 ], [ 6.448349813640959, 51.529300319488833 ], [ 6.44857015018283, 51.519629830409841 ], [ 6.507271289580984, 51.46807295111266 ], [ 6.516643359200896, 51.424997749389888 ], [ 6.461678561065573, 51.405947789498057 ], [ 6.398173034615101, 51.413147852411903 ], [ 6.357713366649086, 51.376906503574013 ], [ 6.267324975474589, 51.355072058293253 ], [ 6.224405154731449, 51.364978860700454 ], [ 6.226378866438745, 51.399656934509892 ], [ 6.205219800955694, 51.399518305758789 ], [ 6.212084663366192, 51.513378405187517 ], [ 6.091235346460032, 51.605909309372848 ], [ 6.118240237768532, 51.656086218022253 ], [ 6.036867532709893, 51.672830222647498 ], [ 6.02623121802161, 51.708729585620105 ], [ 6.044985345395103, 51.716979529519925 ], [ 5.952442212893594, 51.742409535252698 ], [ 5.990531851958247, 51.783187680373437 ], [ 5.94502957034297, 51.823656343154894 ], [ 6.035009645562544, 51.842865230564954 ], [ 6.063382485321977, 51.865443933220028 ], [ 6.166407642698188, 51.840834717683734 ], [ 6.137219098517586, 51.88563066669564 ], [ 6.103341257337361, 51.892616972683278 ], [ 6.159324705405229, 51.903751558179401 ] ] ] } },
{ "type": "Feature", "properties": { "ags": "05158" }, "geometry": { "type": "Polygon", "coordinates": [ [ [ 7.13013167354856, 51.381495496528892 ], [ 7.159378424443306, 51.365117329533383 ], [ 7.145377633448241, 51.339754714250731 ], [ 7.1672878074765, 51.312902330278021 ], [ 7.105912237407814, 51.301954918469619 ], [ 7.064602705541769, 51.259986525446614 ], [ 7.017027961515343, 51.247088034158971 ], [ 7.051835795922001, 51.232432228155467 ], [ 7.046946934816993, 51.20746074254815 ], [ 6.955471197567163, 51.157497371505926 ], [ 6.951093808983209, 51.146978612792019 ], [ 6.99812383720004, 51.13959770426024 ], [ 6.989510918574185, 51.075034347611876 ], [ 6.862784604765326, 51.073010520685123 ], [ 6.854510268759255, 51.086341817892489 ], [ 6.883558361658842, 51.105111562029556 ], [ 6.857370402400001, 51.13132542852599 ], [ 6.898999549956181, 51.124476583141053 ], [ 6.92514533371229, 51.136518456385716 ], [ 6.891857677641725, 51.158396661449025 ], [ 6.922208762845871, 51.193956124418193 ], [ 6.872582824695538, 51.219936623611694 ], [ 6.87102728952228, 51.241557398660447 ], [ 6.930942950242566, 51.238225761111039 ], [ 6.939965353607652, 51.27284652250637 ], [ 6.894264857254988, 51.264845811221832 ], [ 6.799827072351145, 51.278997842256118 ], [ 6.817538972670867, 51.320953134965748 ], [ 6.805202859887124, 51.348802213422495 ], [ 6.89202314810059, 51.371257654041877 ], [ 6.927158301070613, 51.347412790596344 ], [ 6.964558675974771, 51.347604853417913 ], [ 7.13013167354856, 51.381495496528892 ] ] ] } },
{ "type": "Feature", "properties": { "ags": "05162" }, "geometry": { "type": "Polygon", "coordinates": [ [ [ 6.730504839991966, 51.32345309591701 ], [ 6.702194294946393, 51.273325178850172 ], [ 6.727296209468305, 51.256819615703385 ], [ 6.69268451115056, 51.224959954261827 ], [ 6.724062775846481, 51.225832710992201 ], [ 6.7390947045932, 51.182815039313333 ], [ 6.790806278381783, 51.182474245026654 ], [ 6.798878461826403, 51.144533634619371 ], [ 6.855073482719185, 51.159993388116128 ], [ 6.84909351441346, 51.134303800372201 ], [ 6.880612579176237, 51.099214221842765 ], [ 6.822986484868765, 51.073864692734624 ], [ 6.813204040770861, 51.04610823553589 ], [ 6.787360592446763, 51.068809856019293 ], [ 6.753209559921739, 51.066059806536607 ], [ 6.761715970332658, 51.042522121205486 ], [ 6.743503703920809, 51.046296874896285 ], [ 6.715383549559706, 51.015088820423365 ], [ 6.637322545322374, 51.026774657396153 ], [ 6.579025669804604, 51.018083005347108 ], [ 6.548683445624834, 51.026302153601783 ], [ 6.557251372800563, 51.04940071060976 ], [ 6.534745251054529, 51.059275295634414 ], [ 6.480495445699249, 51.034178764060258 ], [ 6.459211012076507, 51.043073007271545 ], [ 6.477169230476313, 51.056112983457517 ], [ 6.445222034159429, 51.065485756941683 ], [ 6.437293901555538, 51.10513769568778 ], [ 6.4778118514764, 51.11092070390211 ], [ 6.478930980897602, 51.145160315996478 ], [ 6.537117808560184, 51.145134611354052 ], [ 6.515850705446453, 51.183453126828041 ], [ 6.479924936408, 51.176348018047577 ], [ 6.489091668010223, 51.227590550099819 ], [ 6.530327833997723, 51.222500619705585 ], [ 6.625992318472968, 51.250286103656499 ], [ 6.585504268180835, 51.286827857683647 ], [ 6.706166072445264, 51.336693432762267 ], [ 6.730504839991966, 51.32345309591701 ] ] ] } },
{ "type": "Feature", "properties": { "ags": "05166" }, "geometry": { "type": "Polygon", "coordinates": [ [ [ 6.518610953320607, 51.424577901066648 ], [ 6.536152282874877, 51.405349354640002 ], [ 6.479188330761809, 51.39254662877547 ], [ 6.486875875430099, 51.347015993526497 ], [ 6.514545430620058, 51.334906113417581 ], [ 6.490002985711225, 51.300462076340146 ], [ 6.500112922750569, 51.28881490270637 ], [ 6.585326240604441, 51.287575820818269 ], [ 6.625992318472968, 51.250286103656499 ], [ 6.530327833997723, 51.222500619705585 ], [ 6.458012029414596, 51.247849163100973 ], [ 6.414351047618119, 51.219336218090739 ], [ 6.330487454374936, 51.224487025144434 ], [ 6.318487119803938, 51.181775753695938 ], [ 6.291135663304763, 51.175551313160497 ], [ 6.2506725362144, 51.189919901421149 ], [ 6.209772968188066, 51.16631698842486 ], [ 6.165018324083916, 51.194360642240547 ], [ 6.082306251477592, 51.171638423349954 ], [ 6.072656925657244, 51.242587302600079 ], [ 6.124480766925578, 51.274584890090026 ], [ 6.168622606471375, 51.332949246667098 ], [ 6.227640038903916, 51.365799640886692 ], [ 6.267324975474589, 51.355072058293253 ], [ 6.357713366649086, 51.376906503574013 ], [ 6.398173034615101, 51.413147852411903 ], [ 6.461678561065573, 51.405947789498057 ], [ 6.470211726975358, 51.419035465475503 ], [ 6.518610953320607, 51.424577901066648 ] ] ] } },
{ "type": "Feature", "properties": { "ags": "05170" }, "geometry": { "type": "Polygon", "coordinates": [ [ [ 6.522154560656377, 51.812682899045043 ], [ 6.568752651355464, 51.789811414995995 ], [ 6.592756604328978, 51.802260832206258 ], [ 6.722513281393494, 51.768412713303256 ], [ 6.758289082099914, 51.776331226485922 ], [ 6.772969588622179, 51.746141980426977 ], [ 6.818689239272538, 51.742733884243165 ], [ 6.827102800128315, 51.72978315906073 ], [ 6.910861303273069, 51.746098536397128 ], [ 6.940518348528974, 51.715460570541261 ], [ 6.900768255207638, 51.675061913254901 ], [ 6.902276103072201, 51.635684557761486 ], [ 6.867745171743525, 51.631147004047108 ], [ 6.850791352522024, 51.60923261397366 ], [ 6.866163716769772, 51.59669485523289 ], [ 6.814407039220365, 51.574126374908595 ], [ 6.78402000590521, 51.533232731045054 ], [ 6.686522552063139, 51.560220016717892 ], [ 6.67659355460114, 51.538181676465442 ], [ 6.696739743255298, 51.518933994655328 ], [ 6.628996157688796, 51.503618300590347 ], [ 6.677938828550086, 51.452101962943061 ], [ 6.668848311935895, 51.410031716387429 ], [ 6.629614080756974, 51.420205268692946 ], [ 6.635738709890241, 51.392964862559403 ], [ 6.559045314047252, 51.389866219932664 ], [ 6.515562219149106, 51.425997235796963 ], [ 6.507271289580984, 51.46807295111266 ], [ 6.44857015018283, 51.519629830409841 ], [ 6.448349813640959, 51.529300319488833 ], [ 6.480393054331237, 51.521693602259234 ], [ 6.487119662284965, 51.538393104284992 ], [ 6.464339229550217, 51.551138826303678 ], [ 6.498746946631777, 51.567061454788146 ], [ 6.377390788017528, 51.566086490060599 ], [ 6.374124369265299, 51.589174299414772 ], [ 6.323303330727422, 51.601405232000417 ], [ 6.334349929870212, 51.611265511119456 ], [ 6.292895966583726, 51.637803515622878 ], [ 6.354186378881691, 51.645421733037679 ], [ 6.380128732630387, 51.684902709177386 ], [ 6.354985265124829, 51.699683386090655 ], [ 6.4112641695306, 51.741232777031072 ], [ 6.402525944213631, 51.755139016871446 ], [ 6.421946607660377, 51.743484495692499 ], [ 6.415015884750134, 51.713092273020983 ], [ 6.460632733476071, 51.701874877093069 ], [ 6.489111952499197, 51.720409956107268 ], [ 6.482762388679871, 51.752655107260416 ], [ 6.534572296354565, 51.764789587596553 ], [ 6.490211817863652, 51.81137710954323 ], [ 6.522154560656377, 51.812682899045043 ] ] ] } },
{ "type": "Feature", "properties": { "ags": "05314" }, "geometry": { "type": "Polygon", "coordinates": [ [ [ 7.132213394126821, 50.771854437835152 ], [ 7.209106229667486, 50.736931027105122 ], [ 7.168237685628735, 50.703489643195553 ], [ 7.210871864109227, 50.649543624139255 ], [ 7.128048492506876, 50.64726487527065 ], [ 7.10534156874721, 50.65969235993645 ], [ 7.056098286526821, 50.631866030157681 ], [ 7.024341991792083, 50.66200938129434 ], [ 7.044293390927471, 50.674276633283647 ], [ 7.023486323326665, 50.704724973829919 ], [ 7.036550904730118, 50.757648919826401 ], [ 7.132213394126821, 50.771854437835152 ] ] ] } },
{ "type": "Feature", "properties": { "ags": "05315" }, "geometry": { "type": "Polygon", "coordinates": [ [ [ 6.853487489021021, 51.084255940457439 ], [ 6.975462108632208, 51.010917208538622 ], [ 7.067905843627595, 51.01873997917982 ], [ 7.0675648003712, 50.990004972040403 ], [ 7.09989560151406, 50.980947854059167 ], [ 7.086278178805259, 50.957950374299145 ], [ 7.115999307317609, 50.94131810396344 ], [ 7.144457342929909, 50.946006600291362 ], [ 7.137555729616309, 50.883038257534473 ], [ 7.163497358973948, 50.869348458695313 ], [ 7.090617567387915, 50.83327427865099 ], [ 7.062354847045504, 50.829630032649391 ], [ 7.051048560850125, 50.850155685211007 ], [ 6.931213488479652, 50.837497484910628 ], [ 6.918886120962565, 50.891932526477177 ], [ 6.87942619271337, 50.909572927847599 ], [ 6.85695624892267, 50.904303336720794 ], [ 6.822461308276342, 50.927729436100165 ], [ 6.80881016456645, 50.948647647260522 ], [ 6.845046741065035, 50.988492817576031 ], [ 6.841979845279363, 51.024655840172748 ], [ 6.7982912856661, 51.036952892748602 ], [ 6.773632464269967, 51.064390012378922 ], [ 6.791437185148921, 51.067411176839528 ], [ 6.813204040770861, 51.04610823553589 ], [ 6.822986484868765, 51.073864692734624 ], [ 6.853487489021021, 51.084255940457439 ] ] ] } },
{ "type": "Feature", "properties": { "ags": "05316" }, "geometry": { "type": "Polygon", "coordinates": [ [ [ 7.011277361809033, 51.081803523192931 ], [ 7.074319487327079, 51.09695732587997 ], [ 7.0688794210617, 51.067784947943238 ], [ 7.115623138918349, 51.062772415047156 ], [ 7.094144157387592, 51.026823767284974 ], [ 7.067905843627595, 51.01873997917982 ], [ 6.975462108632208, 51.010917208538622 ], [ 6.963958205769572, 51.032467502517953 ], [ 6.898045049388871, 51.06488562225401 ], [ 6.921756769364794, 51.081785021656188 ], [ 6.974100852249974, 51.06841725004189 ], [ 6.990593574901053, 51.091597829524915 ], [ 7.011277361809033, 51.081803523192931 ] ] ] } },
{ "type": "Feature", "properties": { "ags": "05334" }, "geometry": { "type": "MultiPolygon", "coordinates": [ [ [ [ 6.20420621851959, 50.524270342913447 ], [ 6.190628081672236, 50.522628163443471 ], [ 6.192143637885516, 50.530895730161888 ], [ 6.20420621851959, 50.524270342913447 ] ] ], [ [ [ 6.225180521575122, 50.590457027061689 ], [ 6.224700420168443, 50.556666061943069 ], [ 6.209621224975705, 50.555088176094714 ], [ 6.196654860294389, 50.536165979526302 ], [ 6.178032319399706, 50.54160669976747 ], [ 6.174412223777418, 50.557514349770855 ], [ 6.225180521575122, 50.590457027061689 ] ] ], [ [ [ 6.166590342688476, 50.643687283060672 ], [ 6.190500066481119, 50.638892445209322 ], [ 6.218115786725019, 50.639509538244077 ], [ 6.224864335609325, 50.640921292642318 ], [ 6.231521954739359, 50.648035526943524 ], [ 6.271156751634265, 50.629334036451077 ], [ 6.194321000236822, 50.633906030149852 ], [ 6.181838384045685, 50.623759836648333 ], [ 6.166590342688476, 50.643687283060672 ] ] ], [ [ [ 6.189913203130406, 50.66330230913514 ], [ 6.183854755261907, 50.648864662427215 ], [ 6.166980125996752, 50.661020549149001 ], [ 6.189913203130406, 50.66330230913514 ] ] ], [ [ [ 6.215760962728771, 50.944024041847918 ], [ 6.228611302603635, 50.920816400792816 ], [ 6.199716571342296, 50.897941783889777 ], [ 6.2301649799944, 50.86345790872025 ], [ 6.242308073616032, 50.872835537116003 ], [ 6.267757870497349, 50.863339725226709 ], [ 6.306737880609234, 50.883380761750772 ], [ 6.340711251257139, 50.817176516492133 ], [ 6.298368603861485, 50.79203767475633 ], [ 6.314201750181887, 50.771864687718065 ], [ 6.353240628125258, 50.789120738092429 ], [ 6.365584801778967, 50.758689864018585 ], [ 6.342268472640922, 50.755262091965122 ], [ 6.312851124251757, 50.690453864592115 ], [ 6.284450863641294, 50.677555075611664 ], [ 6.334747273637195, 50.650825657785987 ], [ 6.376026438275051, 50.669104405147209 ], [ 6.382956494475064, 50.644028329092436 ], [ 6.410473318254389, 50.642123612785326 ], [ 6.381503766973991, 50.622958880391387 ], [ 6.387565829114724, 50.606876064838133 ], [ 6.419697450199749, 50.608616691738021 ], [ 6.365016196360702, 50.561920723345075 ], [ 6.369719583551224, 50.518418099806588 ], [ 6.31555583486713, 50.497042265003927 ], [ 6.226631719344254, 50.494368662344293 ], [ 6.207160033039759, 50.52427283068824 ], [ 6.196995434332, 50.531031949922266 ], [ 6.236760623397925, 50.566252805601948 ], [ 6.27398267333194, 50.628205592711794 ], [ 6.265598048257052, 50.642706022534085 ], [ 6.231505207437825, 50.649982550997926 ], [ 6.18766237785674, 50.641110109076443 ], [ 6.195538593009059, 50.662931103672399 ], [ 6.188022600983187, 50.665145314570765 ], [ 6.165281061266884, 50.662789814497849 ], [ 6.115293948541925, 50.722114021056271 ], [ 6.044563166283844, 50.728360220739106 ], [ 6.039029649427008, 50.718378110736211 ], [ 6.027798681291851, 50.773733599617344 ], [ 5.974861422642592, 50.79797295162691 ], [ 6.025050640363195, 50.814164497542933 ], [ 6.018875020794766, 50.846274426397969 ], [ 6.05483999556038, 50.857353499234051 ], [ 6.073980155454239, 50.846780258110968 ], [ 6.086947696306713, 50.913135109327953 ], [ 6.137836034469437, 50.898213631729057 ], [ 6.168061817384303, 50.942571852103349 ], [ 6.215760962728771, 50.944024041847918 ] ] ] ] } },
{ "type": "Feature", "properties": { "ags": "05358" }, "geometry": { "type": "Polygon", "coordinates": [ [ [ 6.454122478655602, 51.0466106323167 ], [ 6.480495445699249, 51.034178764060258 ], [ 6.453360166717313, 51.020983899780312 ], [ 6.473557238644521, 50.983904762099762 ], [ 6.499399455983937, 50.976890024657962 ], [ 6.484870516745782, 50.952150344051425 ], [ 6.50277540800123, 50.930934066638834 ], [ 6.524425512240676, 50.931703571809209 ], [ 6.519404870991471, 50.895804417982454 ], [ 6.552678634642217, 50.892749886958846 ], [ 6.561427998482505, 50.878002819136086 ], [ 6.548030869194418, 50.852900682347588 ], [ 6.597680151879972, 50.848013958018186 ], [ 6.624056872034474, 50.821997015482395 ], [ 6.677076458957185, 50.837464981458147 ], [ 6.715373251773834, 50.823129061022307 ], [ 6.71249129176718, 50.787650828682118 ], [ 6.678411286693499, 50.774107609600627 ], [ 6.70045264798779, 50.7313882741608 ], [ 6.677533191169451, 50.715044935489395 ], [ 6.62982985717399, 50.732111221581526 ], [ 6.590179481272949, 50.708611292182972 ], [ 6.601408194595959, 50.673220027754745 ], [ 6.566652605193778, 50.656312526436956 ], [ 6.576901133808738, 50.640226306169168 ], [ 6.549456819340693, 50.598869073243215 ], [ 6.422010398479291, 50.619714332335661 ], [ 6.413799971295121, 50.600769035417201 ], [ 6.389227270969078, 50.605510679257023 ], [ 6.381503766973991, 50.622958880391387 ], [ 6.410473318254389, 50.642123612785326 ], [ 6.382956494475064, 50.644028329092436 ], [ 6.376026438275051, 50.669104405147209 ], [ 6.334747273637195, 50.650825657785987 ], [ 6.288119656905457, 50.67298766994044 ], [ 6.342268472640922, 50.755262091965122 ], [ 6.365584801778967, 50.758689864018585 ], [ 6.353240628125258, 50.789120738092429 ], [ 6.314201750181887, 50.771864687718065 ], [ 6.298368603861485, 50.79203767475633 ], [ 6.340711251257139, 50.817176516492133 ], [ 6.336834157453342, 50.843974161719395 ], [ 6.306737880609234, 50.883380761750772 ], [ 6.267757870497349, 50.863339725226709 ], [ 6.242308073616032, 50.872835537116003 ], [ 6.2301649799944, 50.86345790872025 ], [ 6.199716571342296, 50.897941783889777 ], [ 6.229617203193597, 50.934989444799839 ], [ 6.194493987848812, 50.950133221928027 ], [ 6.194731441655204, 50.967483078128311 ], [ 6.271169548498889, 50.997549111870782 ], [ 6.28528957055871, 51.023353519046715 ], [ 6.361715472071671, 51.016555808828734 ], [ 6.372012862549727, 51.034070314244339 ], [ 6.454122478655602, 51.0466106323167 ] ] ] } },
{ "type": "Feature", "properties": { "ags": "05362" }, "geometry": { "type": "Polygon", "coordinates": [ [ [ 6.534745251054529, 51.059275295634414 ], [ 6.557251372800563, 51.04940071060976 ], [ 6.548683445624834, 51.026302153601783 ], [ 6.579025669804604, 51.018083005347108 ], [ 6.637322545322374, 51.026774657396153 ], [ 6.715383549559706, 51.015088820423365 ], [ 6.743503703920809, 51.046296874896285 ], [ 6.761715970332658, 51.042522121205486 ], [ 6.753209559921739, 51.066059806536607 ], [ 6.772886260378549, 51.065312094681829 ], [ 6.7982912856661, 51.036952892748602 ], [ 6.841979845279363, 51.024655840172748 ], [ 6.845046741065035, 50.988492817576031 ], [ 6.80881016456645, 50.948647647260522 ], [ 6.822461308276342, 50.927729436100165 ], [ 6.85695624892267, 50.904303336720794 ], [ 6.87942619271337, 50.909572927847599 ], [ 6.918886120962565, 50.891932526477177 ], [ 6.931213488479652, 50.837497484910628 ], [ 6.973903254180759, 50.84390110712944 ], [ 7.030181391540737, 50.800667691895249 ], [ 6.989806621051669, 50.792264447396363 ], [ 6.933826409005461, 50.805265655637903 ], [ 6.853756187121204, 50.789243405651291 ], [ 6.77597580710288, 50.71783108731514 ], [ 6.712994655600025, 50.731872939966401 ], [ 6.72409973570941, 50.745942313035805 ], [ 6.678411286693499, 50.774107609600627 ], [ 6.71249129176718, 50.787650828682118 ], [ 6.706284470109939, 50.835054189043909 ], [ 6.624056872034474, 50.821997015482395 ], [ 6.597680151879972, 50.848013958018186 ], [ 6.551303367068626, 50.85047402019687 ], [ 6.552678634642217, 50.892749886958846 ], [ 6.519404870991471, 50.895804417982454 ], [ 6.524425512240676, 50.931703571809209 ], [ 6.50277540800123, 50.930934066638834 ], [ 6.479693732703492, 50.959161903040957 ], [ 6.499399455983937, 50.976890024657962 ], [ 6.473557238644521, 50.983904762099762 ], [ 6.453228548680098, 51.02494417355944 ], [ 6.534745251054529, 51.059275295634414 ] ] ] } },
{ "type": "Feature", "properties": { "ags": "05366" }, "geometry": { "type": "Polygon", "coordinates": [ [ [ 6.869491939578558, 50.782693433356457 ], [ 6.915831923843742, 50.734131062597058 ], [ 6.857879071567611, 50.707539576597846 ], [ 6.875493393879275, 50.674631817915355 ], [ 6.857046028798041, 50.654074078073215 ], [ 6.915439233700013, 50.629330797939723 ], [ 6.914209548652426, 50.605702202409383 ], [ 6.883555171483136, 50.599140464348046 ], [ 6.890948703445126, 50.574498706063054 ], [ 6.934746954204433, 50.571036525498194 ], [ 6.931369913394549, 50.535565934898393 ], [ 6.882098443989948, 50.526949440605044 ], [ 6.907069078061488, 50.502642344361654 ], [ 6.901481603326829, 50.469091976925604 ], [ 6.858573833796744, 50.453265821356922 ], [ 6.800937204691625, 50.491319166199133 ], [ 6.744603261072873, 50.472630458955933 ], [ 6.766624284706871, 50.458643755470433 ], [ 6.745523503400401, 50.435929556699485 ], [ 6.78512297491494, 50.420633301475895 ], [ 6.769311744591538, 50.392747978239029 ], [ 6.800711449548729, 50.361781336212843 ], [ 6.699244643630658, 50.336097400345558 ], [ 6.667350810806357, 50.371967757892364 ], [ 6.649958652247639, 50.348167734417444 ], [ 6.623559010960767, 50.351626978717775 ], [ 6.627430003665126, 50.371917216026361 ], [ 6.603085713942799, 50.388222204695197 ], [ 6.451615286676082, 50.336424101635394 ], [ 6.461162140488182, 50.35902685976059 ], [ 6.420877815484809, 50.368903041261106 ], [ 6.413042933799396, 50.389485960869095 ], [ 6.385005839478441, 50.384186657592906 ], [ 6.424061862588894, 50.333826803300383 ], [ 6.405028255562891, 50.323308692577548 ], [ 6.398321002231298, 50.34566094496806 ], [ 6.342218727971098, 50.380005525486965 ], [ 6.369877124193897, 50.408930693698927 ], [ 6.374430397389046, 50.452269407108076 ], [ 6.34046379718391, 50.462203141565503 ], [ 6.351259021141244, 50.488267791414529 ], [ 6.31555583486713, 50.497042265003927 ], [ 6.369719583551224, 50.518418099806588 ], [ 6.365016196360702, 50.561920723345075 ], [ 6.390930120518427, 50.596127091848814 ], [ 6.416562705841708, 50.600587461103743 ], [ 6.422010398479291, 50.619714332335661 ], [ 6.552653222659327, 50.599744336278228 ], [ 6.566652605193778, 50.656312526436956 ], [ 6.601408194595959, 50.673220027754745 ], [ 6.588027894196279, 50.705171897238529 ], [ 6.62982985717399, 50.732111221581526 ], [ 6.679232973758628, 50.715238081582491 ], [ 6.696704120900537, 50.755762334181185 ], [ 6.72409973570941, 50.745942313035805 ], [ 6.712994655600025, 50.731872939966401 ], [ 6.77597580710288, 50.71783108731514 ], [ 6.844620697315381, 50.786037683582983 ], [ 6.869491939578558, 50.782693433356457 ] ] ] } },
{ "type": "Feature", "properties": { "ags": "05370" }, "geometry": { "type": "Polygon", "coordinates": [ [ [ 6.256842375623747, 51.187583522243877 ], [ 6.354422269156752, 51.12656364852873 ], [ 6.360387275254035, 51.095540444466842 ], [ 6.450640090267521, 51.090220713966112 ], [ 6.447259767635865, 51.062465840330432 ], [ 6.477169230476313, 51.056112983457517 ], [ 6.458421605205741, 51.042601050127757 ], [ 6.372012862549727, 51.034070314244339 ], [ 6.336955410315133, 51.013546451387278 ], [ 6.28528957055871, 51.023353519046715 ], [ 6.271169548498889, 50.997549111870782 ], [ 6.194731441655204, 50.967483078128311 ], [ 6.20246973004491, 50.952906820922401 ], [ 6.1600461011831, 50.936603601533456 ], [ 6.137836034469437, 50.898213631729057 ], [ 6.01816018450261, 50.934436769723689 ], [ 6.005263992469169, 50.956836376529338 ], [ 6.026435005435333, 50.98327404387399 ], [ 5.95515932130662, 50.988406005857193 ], [ 5.897198106975661, 50.974845394594048 ], [ 5.905518056841156, 51.002159676165903 ], [ 5.866250350498556, 51.051203759284725 ], [ 5.913170487918584, 51.066731135909919 ], [ 5.93811470393062, 51.035140721517159 ], [ 5.957887700975551, 51.034709982730483 ], [ 6.009891655792052, 51.091022440104112 ], [ 6.091868348284348, 51.134973966449081 ], [ 6.163406555863289, 51.148841368936175 ], [ 6.175415266767408, 51.158479772405393 ], [ 6.138811262808225, 51.173333123695734 ], [ 6.174811770116616, 51.184513340290586 ], [ 6.209772968188066, 51.16631698842486 ], [ 6.256842375623747, 51.187583522243877 ] ] ] } },
{ "type": "Feature", "properties": { "ags": "05374" }, "geometry": { "type": "Polygon", "coordinates": [ [ [ 7.306693513372807, 51.238875257190806 ], [ 7.389791319796307, 51.246596237527321 ], [ 7.403752657301581, 51.22143603016746 ], [ 7.429275673544154, 51.225333557404838 ], [ 7.420228268756268, 51.188638352275291 ], [ 7.441616766028591, 51.158188726700232 ], [ 7.477154630451508, 51.163240556219833 ], [ 7.472100710024405, 51.139626174564192 ], [ 7.504193116430256, 51.127947260730515 ], [ 7.496195174601724, 51.106051388150377 ], [ 7.582083347286067, 51.1065716678958 ], [ 7.626376692826446, 51.068523470090497 ], [ 7.691839819076671, 51.086503907071545 ], [ 7.71448262598596, 51.074003910093559 ], [ 7.70162827756905, 51.061760568986394 ], [ 7.73403731524979, 51.033277217110971 ], [ 7.725730271726499, 50.998050904567464 ], [ 7.748889870036749, 50.977769980667077 ], [ 7.780297111864984, 50.979959985998676 ], [ 7.792022808824449, 50.951203260152667 ], [ 7.776218914093681, 50.929036574180635 ], [ 7.735459231992552, 50.917765391310972 ], [ 7.760427260055414, 50.90039394665439 ], [ 7.76103001895836, 50.84450384998874 ], [ 7.729342105359269, 50.850522788920557 ], [ 7.669209912634283, 50.818622284210718 ], [ 7.647391655738171, 50.834887530249055 ], [ 7.620441015553635, 50.820265070532848 ], [ 7.573468131275184, 50.842528809592174 ], [ 7.528895342878086, 50.83140098456829 ], [ 7.490877632820916, 50.874221953948251 ], [ 7.462246567824282, 50.878726669432723 ], [ 7.479015491039469, 50.910596919927542 ], [ 7.444177063772996, 50.947476080836573 ], [ 7.38724201753133, 50.958943431957131 ], [ 7.355269427717344, 50.950996220465619 ], [ 7.331329539236139, 50.976984738948225 ], [ 7.284069646902959, 50.971150537894793 ], [ 7.253608335613033, 50.985534287593467 ], [ 7.281851816731955, 51.00456466201139 ], [ 7.280871991121407, 51.026899509324863 ], [ 7.313063671443497, 51.027836259270373 ], [ 7.34032282747848, 51.072132119942815 ], [ 7.316843218437244, 51.079526830256832 ], [ 7.299866880705023, 51.069065880565539 ], [ 7.274586544874532, 51.082734008210714 ], [ 7.298435721982246, 51.104644673946744 ], [ 7.274266279963716, 51.113584805455453 ], [ 7.268179447073168, 51.14565762941853 ], [ 7.297187519352423, 51.150981221123466 ], [ 7.306693513372807, 51.238875257190806 ] ] ] } },
{ "type": "Feature", "properties": { "ags": "05378" }, "geometry": { "type": "Polygon", "coordinates": [ [ [ 7.166350230744866, 51.153940881359389 ], [ 7.254305668757497, 51.157443899490588 ], [ 7.274266279963716, 51.113584805455453 ], [ 7.298435721982246, 51.104644673946744 ], [ 7.276481942435046, 51.080976197535335 ], [ 7.34032282747848, 51.072132119942815 ], [ 7.313063671443497, 51.027836259270373 ], [ 7.280871991121407, 51.026899509324863 ], [ 7.281371490427174, 51.003875937254769 ], [ 7.252578064122098, 50.986595302793695 ], [ 7.284069646902959, 50.971150537894793 ], [ 7.331329539236139, 50.976984738948225 ], [ 7.355269427717344, 50.950996220465619 ], [ 7.398479284699655, 50.949751763355671 ], [ 7.342983730754064, 50.911740559777101 ], [ 7.285710526912569, 50.908964006853637 ], [ 7.2489606169324, 50.928198444109455 ], [ 7.198402725780482, 50.875290756040798 ], [ 7.161282089005399, 50.867294284140783 ], [ 7.133217299043863, 50.902187779549401 ], [ 7.144457342929909, 50.946006600291362 ], [ 7.115999307317609, 50.94131810396344 ], [ 7.086278178805259, 50.957950374299145 ], [ 7.09989560151406, 50.980947854059167 ], [ 7.0675648003712, 50.990004972040403 ], [ 7.061873790381174, 51.013427985310294 ], [ 7.094144157387592, 51.026823767284974 ], [ 7.115623138918349, 51.062772415047156 ], [ 7.0688794210617, 51.067784947943238 ], [ 7.074319487327079, 51.09695732587997 ], [ 7.010449815210228, 51.081778769596795 ], [ 6.990384983404932, 51.103506288896632 ], [ 7.003922226251061, 51.122945557653757 ], [ 7.074525918908778, 51.126131912057716 ], [ 7.082760570499828, 51.138174406867513 ], [ 7.145300573255113, 51.115240439424781 ], [ 7.173929644642123, 51.127485956551347 ], [ 7.166350230744866, 51.153940881359389 ] ] ] } },
{ "type": "Feature", "properties": { "ags": "05382" }, "geometry": { "type": "Polygon", "coordinates": [ [ [ 7.406419358397097, 50.947621772102309 ], [ 7.461384682918615, 50.935688841480307 ], [ 7.479015491039469, 50.910596919927542 ], [ 7.462246567824282, 50.878726669432723 ], [ 7.490877632820916, 50.874221953948251 ], [ 7.528895342878086, 50.83140098456829 ], [ 7.573468131275184, 50.842528809592174 ], [ 7.620441015553635, 50.820265070532848 ], [ 7.647391655738171, 50.834887530249055 ], [ 7.679510539793002, 50.810046705647594 ], [ 7.675944869732052, 50.779327684504246 ], [ 7.599850871450224, 50.765841909905028 ], [ 7.583311314939461, 50.737908568617264 ], [ 7.551900377442275, 50.746343144975732 ], [ 7.432818252602714, 50.709885843171143 ], [ 7.374010755458514, 50.718218641696495 ], [ 7.358976516752477, 50.649493620391297 ], [ 7.214894111452447, 50.623367809713677 ], [ 7.168237685628735, 50.703489643195553 ], [ 7.196577745362216, 50.713056329725127 ], [ 7.203627600629085, 50.744582393715447 ], [ 7.125265297331278, 50.774435466237342 ], [ 7.101097054158072, 50.761659470042353 ], [ 7.0659949000884, 50.771107629163915 ], [ 7.036550904730118, 50.757648919826401 ], [ 7.023486323326665, 50.704724973829919 ], [ 7.044293390927471, 50.674276633283647 ], [ 7.026879245843242, 50.654951590534608 ], [ 7.056098286526821, 50.631866030157681 ], [ 7.10534156874721, 50.65969235993645 ], [ 7.128048492506876, 50.64726487527065 ], [ 7.181168377572571, 50.652288167072236 ], [ 7.18983890724214, 50.623895443798816 ], [ 7.1478515864965, 50.600293280070566 ], [ 7.115121104910466, 50.611786144932303 ], [ 7.093399822955568, 50.586035158964719 ], [ 7.049194475226532, 50.604340228912143 ], [ 6.972098291150383, 50.555907358821884 ], [ 6.927901086171691, 50.558618624207604 ], [ 6.927208678031251, 50.578433286019006 ], [ 6.890948703445126, 50.574498706063054 ], [ 6.883555171483136, 50.599140464348046 ], [ 6.914209548652426, 50.605702202409383 ], [ 6.915439233700013, 50.629330797939723 ], [ 6.859693928306398, 50.650463976448144 ], [ 6.875562568134892, 50.690651186296861 ], [ 6.854292878485867, 50.691886699590682 ], [ 6.859021371371343, 50.708899797321727 ], [ 6.915831923843742, 50.734131062597058 ], [ 6.860458451062341, 50.763402051825828 ], [ 6.870322904830317, 50.79066509185148 ], [ 6.933826409005461, 50.805265655637903 ], [ 6.989806621051669, 50.792264447396363 ], [ 7.030181391540737, 50.800667691895249 ], [ 7.02309132806591, 50.819593244085588 ], [ 6.982319557322292, 50.830626761144387 ], [ 6.984081152897232, 50.844128602526034 ], [ 7.051048560850125, 50.850155685211007 ], [ 7.062354847045504, 50.829630032649391 ], [ 7.083738417768099, 50.831270481378262 ], [ 7.198402725780482, 50.875290756040798 ], [ 7.2489606169324, 50.928198444109455 ], [ 7.275086208084113, 50.910984273754089 ], [ 7.337960413396805, 50.911036648452225 ], [ 7.406419358397097, 50.947621772102309 ] ] ] } },
{ "type": "Feature", "properties": { "ags": "05512" }, "geometry": { "type": "Polygon", "coordinates": [ [ [ 6.930847378410272, 51.644594756310433 ], [ 6.983596731430403, 51.625822516571333 ], [ 6.97972864611117, 51.605766691523861 ], [ 6.930080254007601, 51.585091942342963 ], [ 6.919513622534143, 51.563386032760292 ], [ 6.999280618163072, 51.532467454157029 ], [ 6.988291148601604, 51.508722789828546 ], [ 6.928184247792746, 51.49686791308546 ], [ 6.893927312205931, 51.516363939955752 ], [ 6.868544217374884, 51.567272077983695 ], [ 6.833152187619768, 51.579648229308624 ], [ 6.866163716769772, 51.59669485523289 ], [ 6.850791352522024, 51.60923261397366 ], [ 6.867745171743525, 51.631147004047108 ], [ 6.930847378410272, 51.644594756310433 ] ] ] } },
{ "type": "Feature", "properties": { "ags": "05513" }, "geometry": { "type": "Polygon", "coordinates": [ [ [ 7.021727497137125, 51.631509360934899 ], [ 7.067252003051448, 51.615063829389975 ], [ 7.075104334437729, 51.588931244283245 ], [ 7.105804265941026, 51.594114439835025 ], [ 7.138977950151807, 51.572594902259304 ], [ 7.145056866088022, 51.552240288701775 ], [ 7.123446756339684, 51.546853639552538 ], [ 7.137471922313425, 51.490571443250282 ], [ 7.104200574729383, 51.481267497270906 ], [ 7.07113861585962, 51.48496506064118 ], [ 7.010206864319308, 51.532728588218113 ], [ 7.031642921753013, 51.547202350178445 ], [ 6.987485679170523, 51.622101529015389 ], [ 7.021727497137125, 51.631509360934899 ] ] ] } },
{ "type": "Feature", "properties": { "ags": "05515" }, "geometry": { "type": "Polygon", "coordinates": [ [ [ 7.622996220837695, 52.047316955681715 ], [ 7.649272113461293, 52.053156940457491 ], [ 7.720895225880168, 52.032149264162243 ], [ 7.748603143680886, 51.996945089561237 ], [ 7.733092862732524, 51.968254897982561 ], [ 7.77422178730279, 51.922036945878922 ], [ 7.758343040875126, 51.897835480847881 ], [ 7.687583676651781, 51.90239789786235 ], [ 7.70974099373454, 51.875464586960298 ], [ 7.649971749227915, 51.877360774817383 ], [ 7.610304278849819, 51.840191151625604 ], [ 7.558612622925413, 51.855431860056136 ], [ 7.535311881855913, 51.901082618600249 ], [ 7.510640430281821, 51.893197700881345 ], [ 7.510162728293929, 51.935867738419276 ], [ 7.473962943369162, 51.941649985974998 ], [ 7.52121343665447, 51.978124000346988 ], [ 7.531904669487285, 52.032648074794253 ], [ 7.59878391870993, 52.060175509974108 ], [ 7.622996220837695, 52.047316955681715 ] ] ] } },
{ "type": "Feature", "properties": { "ags": "05554" }, "geometry": { "type": "Polygon", "coordinates": [ [ [ 7.100515886144851, 52.24238110888377 ], [ 7.094479853831707, 52.203230459396181 ], [ 7.150530026193034, 52.165941797937059 ], [ 7.135282414717577, 52.15480790780984 ], [ 7.149519642440306, 52.138298996547014 ], [ 7.216153247991977, 52.115975572786688 ], [ 7.251097288003498, 52.119613023580733 ], [ 7.274524929892936, 52.071200231751533 ], [ 7.245326732493431, 52.043289675813682 ], [ 7.168824381248722, 52.046550123438799 ], [ 7.123315999619637, 52.013278243460071 ], [ 7.054883104210906, 52.006408023397235 ], [ 7.090124830926323, 51.974152839802649 ], [ 7.055738247730809, 51.888340251760972 ], [ 7.087030498970432, 51.852106895378093 ], [ 7.171894519615395, 51.820397993699977 ], [ 7.075565143676282, 51.777381695883889 ], [ 7.03329011458825, 51.781925308493676 ], [ 7.020078547078861, 51.799972834667301 ], [ 6.977534064021463, 51.798832937753041 ], [ 6.955700511851685, 51.771842846660562 ], [ 6.916986911407979, 51.777644805147794 ], [ 6.910861303273069, 51.746098536397128 ], [ 6.858008766238052, 51.728866863726665 ], [ 6.772969588622179, 51.746141980426977 ], [ 6.758289082099914, 51.776331226485922 ], [ 6.668476790711437, 51.777062632343053 ], [ 6.632182810652228, 51.799322193857108 ], [ 6.568752651355464, 51.789811414995995 ], [ 6.516484629306246, 51.817015546136304 ], [ 6.422972422796693, 51.80556488333437 ], [ 6.39081582851653, 51.873933843637722 ], [ 6.472575541789561, 51.853808453234066 ], [ 6.674509102960354, 51.915898803905378 ], [ 6.72166407078107, 51.896174772444333 ], [ 6.769997766870524, 51.916239064172068 ], [ 6.798644224325646, 51.958817729366949 ], [ 6.828513096440558, 51.964066707752522 ], [ 6.830419114608463, 51.98620651660417 ], [ 6.752642021271695, 52.028647130627029 ], [ 6.687725947108976, 52.039899166434815 ], [ 6.694652944766222, 52.069802831755489 ], [ 6.747883710583743, 52.082014346959014 ], [ 6.760630183149136, 52.118723015841844 ], [ 6.855393157174167, 52.120434286792154 ], [ 6.906802155663649, 52.17517608539616 ], [ 6.951315878019509, 52.181006764759275 ], [ 6.985109799271226, 52.225286231410998 ], [ 7.100515886144851, 52.24238110888377 ] ] ] } },
{ "type": "Feature", "properties": { "ags": "05558" }, "geometry": { "type": "Polygon", "coordinates": [ [ [ 7.289428334644956, 52.060879471377135 ], [ 7.373645619988745, 52.026628671382767 ], [ 7.410916889165578, 52.04052235841251 ], [ 7.433277077522444, 52.001341399825812 ], [ 7.512389308308101, 51.999670775629802 ], [ 7.52121343665447, 51.978124000346988 ], [ 7.474193303392731, 51.941034652119818 ], [ 7.510162728293929, 51.935867738419276 ], [ 7.510640430281821, 51.893197700881345 ], [ 7.535311881855913, 51.901082618600249 ], [ 7.568887508918644, 51.848492929448092 ], [ 7.671859694019346, 51.81843721248498 ], [ 7.734343462492, 51.741624736361437 ], [ 7.719205684123215, 51.718594347838128 ], [ 7.696588090532188, 51.712972857282161 ], [ 7.687248338855311, 51.72885328446781 ], [ 7.653012459856172, 51.706401803687854 ], [ 7.612897379458376, 51.715656807699048 ], [ 7.542141849027971, 51.68473831291827 ], [ 7.517377696857519, 51.721377897721332 ], [ 7.484188697705275, 51.714147469896425 ], [ 7.467866956560818, 51.736311420974602 ], [ 7.421186166947224, 51.709571291933464 ], [ 7.448452002461067, 51.676310992733391 ], [ 7.4095501216235, 51.664581009229138 ], [ 7.299282579732025, 51.70601602771 ], [ 7.321432433133186, 51.736557022294406 ], [ 7.280178769118579, 51.74918229212863 ], [ 7.260940136380285, 51.799695559126981 ], [ 7.125091496859329, 51.831763191893991 ], [ 7.082826409207673, 51.855216751455771 ], [ 7.055738247730809, 51.888340251760972 ], [ 7.090124830926323, 51.974152839802649 ], [ 7.055766347791239, 51.989605882027014 ], [ 7.057421960739154, 52.011856675885127 ], [ 7.097730351147214, 52.006298455001271 ], [ 7.168824381248722, 52.046550123438799 ], [ 7.239275105656085, 52.042528306341325 ], [ 7.289428334644956, 52.060879471377135 ] ] ] } },
{ "type": "Feature", "properties": { "ags": "05562" }, "geometry": { "type": "Polygon", "coordinates": [ [ [ 7.178799700627653, 51.820951806887869 ], [ 7.260940136380285, 51.799695559126981 ], [ 7.280178769118579, 51.74918229212863 ], [ 7.321432433133186, 51.736557022294406 ], [ 7.299282579732025, 51.70601602771 ], [ 7.442724062880829, 51.660211218540276 ], [ 7.462422501457297, 51.638595094721602 ], [ 7.448788755172445, 51.607557546127573 ], [ 7.338467848392363, 51.57653051766853 ], [ 7.353923471105444, 51.523839784520447 ], [ 7.304371865371682, 51.525432568650523 ], [ 7.283249315671442, 51.55714980501763 ], [ 7.241686716440387, 51.573406390838933 ], [ 7.148500739502502, 51.551090066122889 ], [ 7.122358142444803, 51.585520699726608 ], [ 7.075104334437729, 51.588931244283245 ], [ 7.071293206143295, 51.611434785854669 ], [ 7.028926371117222, 51.631478259062121 ], [ 6.987485679170523, 51.622101529015389 ], [ 7.031642921753013, 51.547202350178445 ], [ 7.010206864319308, 51.532728588218113 ], [ 6.919513622534143, 51.563386032760292 ], [ 6.983596731430403, 51.625822516571333 ], [ 6.930847378410272, 51.644594756310433 ], [ 6.900356984430801, 51.637814759979065 ], [ 6.900768255207638, 51.675061913254901 ], [ 6.940518348528974, 51.715460570541261 ], [ 6.908481667544983, 51.748438205445233 ], [ 6.916986911407979, 51.777644805147794 ], [ 6.955700511851685, 51.771842846660562 ], [ 6.989520734311792, 51.801052868125296 ], [ 7.075565143676282, 51.777381695883889 ], [ 7.178799700627653, 51.820951806887869 ] ] ] } },
{ "type": "Feature", "properties": { "ags": "05566" }, "geometry": { "type": "Polygon", "coordinates": [ [ [ 7.608976112210172, 52.473990651122655 ], [ 7.688382442417763, 52.453672654465365 ], [ 7.713825101574862, 52.401002378753937 ], [ 7.807088758088664, 52.37142702917528 ], [ 7.891770367911166, 52.380512981152798 ], [ 7.936669993157876, 52.364977256797495 ], [ 7.948563556451949, 52.335127608849213 ], [ 7.990608048366516, 52.309539590659561 ], [ 7.930647518119413, 52.302301092017871 ], [ 7.956465027740188, 52.272490578796734 ], [ 7.925623714505456, 52.262814461756903 ], [ 7.902993337784888, 52.198869285740948 ], [ 7.933986824604586, 52.17692188666183 ], [ 8.007512014246789, 52.175957468388248 ], [ 8.025188639593258, 52.163509512904959 ], [ 7.997386119210522, 52.154479987979769 ], [ 8.007796128719072, 52.115333145097225 ], [ 7.97176916519548, 52.1159830144586 ], [ 7.885159165632709, 52.083302457928838 ], [ 7.798688443667984, 52.103724749282115 ], [ 7.755740332718136, 52.098306637917318 ], [ 7.704122714774496, 52.034416736094514 ], [ 7.649272113461293, 52.053156940457491 ], [ 7.630744745916312, 52.041073503036259 ], [ 7.59878391870993, 52.060175509974108 ], [ 7.531904669487285, 52.032648074794253 ], [ 7.519236500403655, 52.000454559176717 ], [ 7.475007321039048, 51.994852008745859 ], [ 7.433017020332831, 52.00142045290815 ], [ 7.410916889165578, 52.04052235841251 ], [ 7.373645619988745, 52.026628671382767 ], [ 7.267710389444598, 52.05839286722059 ], [ 7.251097288003498, 52.119613023580733 ], [ 7.216153247991977, 52.115975572786688 ], [ 7.149519642440306, 52.138298996547014 ], [ 7.135282414717577, 52.15480790780984 ], [ 7.150530026193034, 52.165941797937059 ], [ 7.094479853831707, 52.203230459396181 ], [ 7.097746323294665, 52.239586686681683 ], [ 7.153168307079443, 52.26651253805381 ], [ 7.297889793114357, 52.2639751237596 ], [ 7.504727355044687, 52.360843698276064 ], [ 7.582104209990756, 52.376403903165944 ], [ 7.602719467405382, 52.421030691337599 ], [ 7.564310992770586, 52.432312212848977 ], [ 7.608976112210172, 52.473990651122655 ] ] ] } },
{ "type": "Feature", "properties": { "ags": "05570" }, "geometry": { "type": "Polygon", "coordinates": [ [ [ 7.798688443667984, 52.103724749282115 ], [ 7.888735852263832, 52.083487783495734 ], [ 7.91692127084343, 52.051637212794802 ], [ 7.981101712838448, 52.03551001613102 ], [ 8.032748466850354, 52.068440934820892 ], [ 8.092398515927263, 52.063424741742793 ], [ 8.07547775245701, 52.010863898078966 ], [ 8.110954295664412, 52.001174217512911 ], [ 8.112985819546747, 51.956047663856083 ], [ 8.169532403828217, 51.92627987917097 ], [ 8.150751139800207, 51.897868307317133 ], [ 8.21447085943416, 51.852978139307062 ], [ 8.199957210046263, 51.827857868876698 ], [ 8.257458993488754, 51.802922180241758 ], [ 8.253981077319512, 51.773424247525746 ], [ 8.301666339677539, 51.754059195963187 ], [ 8.320136133609966, 51.725705194477321 ], [ 8.295353211645876, 51.676855234114157 ], [ 8.267454403388104, 51.663806564757294 ], [ 8.196336288766938, 51.660784416967829 ], [ 8.211677928110184, 51.696688661407677 ], [ 8.120087601285073, 51.717952358627393 ], [ 8.097395349393906, 51.7020812734768 ], [ 7.975198103364563, 51.723059721216714 ], [ 7.951346957466609, 51.700648110608739 ], [ 7.889864804398299, 51.702701002939143 ], [ 7.875698959823183, 51.728366466121848 ], [ 7.836445096886165, 51.730018430475091 ], [ 7.825771279622237, 51.744766474999032 ], [ 7.769527044510949, 51.723777537749179 ], [ 7.712588092251447, 51.749960817247704 ], [ 7.671859694019346, 51.81843721248498 ], [ 7.614168478697495, 51.8372841284488 ], [ 7.649971749227915, 51.877360774817383 ], [ 7.70974099373454, 51.875464586960298 ], [ 7.687583676651781, 51.90239789786235 ], [ 7.758343040875126, 51.897835480847881 ], [ 7.773910800225076, 51.920286449470588 ], [ 7.733092862732524, 51.968254897982561 ], [ 7.748603143680886, 51.996945089561237 ], [ 7.704022400220375, 52.036012875029044 ], [ 7.75166014680503, 52.097135525795899 ], [ 7.798688443667984, 52.103724749282115 ] ] ] } },
{ "type": "Feature", "properties": { "ags": "05711" }, "geometry": { "type": "Polygon", "coordinates": [ [ [ 8.509363439291167, 52.114833307803664 ], [ 8.569136078205995, 52.106016102336703 ], [ 8.570522086755298, 52.076505060694345 ], [ 8.608064570433262, 52.088697294165861 ], [ 8.617693411541531, 52.067368452302084 ], [ 8.663542153570699, 52.053690746138571 ], [ 8.626114437663961, 51.936739893795163 ], [ 8.505988455028989, 51.914969778541341 ], [ 8.486704200639164, 51.944628171493065 ], [ 8.426930261173496, 51.945037940293794 ], [ 8.377677369005349, 51.972852130151367 ], [ 8.450792378355104, 51.988964546811246 ], [ 8.461113739940194, 52.01879752129593 ], [ 8.420297022462311, 52.043748288220741 ], [ 8.453029749080395, 52.050514655353616 ], [ 8.457691736570242, 52.086563053446056 ], [ 8.509363439291167, 52.114833307803664 ] ] ] } },
{ "type": "Feature", "properties": { "ags": "05754" }, "geometry": { "type": "Polygon", "coordinates": [ [ [ 8.285856896068555, 52.131107493476939 ], [ 8.471538645415174, 52.100749009474868 ], [ 8.453029749080395, 52.050514655353616 ], [ 8.420297022462311, 52.043748288220741 ], [ 8.461113739940194, 52.01879752129593 ], [ 8.455638955682533, 51.998170817576835 ], [ 8.426880544596756, 51.974493791116736 ], [ 8.380522443460666, 51.974954562877436 ], [ 8.397036046698567, 51.956610934933096 ], [ 8.486704200639164, 51.944628171493065 ], [ 8.505988455028989, 51.914969778541341 ], [ 8.615039624154559, 51.930246342458091 ], [ 8.68194864992919, 51.917501147966327 ], [ 8.748387141693703, 51.858673148366719 ], [ 8.662282400461145, 51.852188804101623 ], [ 8.637333737296787, 51.877094118650852 ], [ 8.433401260034371, 51.770392076465114 ], [ 8.385549214317896, 51.717476102435427 ], [ 8.320136133609966, 51.725705194477321 ], [ 8.301666339677539, 51.754059195963187 ], [ 8.253981077319512, 51.773424247525746 ], [ 8.257458993488754, 51.802922180241758 ], [ 8.199957210046263, 51.827857868876698 ], [ 8.21447085943416, 51.852978139307062 ], [ 8.150751139800207, 51.897868307317133 ], [ 8.169532403828217, 51.92627987917097 ], [ 8.112985819546747, 51.956047663856083 ], [ 8.110954295664412, 52.001174217512911 ], [ 8.07547775245701, 52.010863898078966 ], [ 8.099206987886024, 52.058799761771745 ], [ 8.151526689257668, 52.076364420412531 ], [ 8.192494536982618, 52.072619337002529 ], [ 8.225225553192635, 52.108586904710506 ], [ 8.285856896068555, 52.131107493476939 ] ] ] } },
{ "type": "Feature", "properties": { "ags": "05758" }, "geometry": { "type": "Polygon", "coordinates": [ [ [ 8.471731700546684, 52.261809002212793 ], [ 8.634575448197799, 52.260770284910087 ], [ 8.683930591339104, 52.232165032083373 ], [ 8.714765123855843, 52.251823151995637 ], [ 8.782525459394185, 52.207520903058672 ], [ 8.777908517338638, 52.163141257328235 ], [ 8.839934523133218, 52.174315235045292 ], [ 8.870139633195658, 52.195746496956438 ], [ 8.911165896526599, 52.193500533375236 ], [ 8.927116077017132, 52.184427130367283 ], [ 8.895026807626969, 52.15206001642062 ], [ 8.891580035892977, 52.111880749955439 ], [ 8.856272199850393, 52.101687832226588 ], [ 8.808485248671285, 52.126686354796668 ], [ 8.746822460454297, 52.120767833938572 ], [ 8.716628060499575, 52.090287997486215 ], [ 8.666374521647684, 52.086854228876 ], [ 8.650303050235625, 52.058851267372937 ], [ 8.616815860799878, 52.067925177629832 ], [ 8.608064570433262, 52.088697294165861 ], [ 8.570522086755298, 52.076505060694345 ], [ 8.56715840337173, 52.106698294004751 ], [ 8.424515020357441, 52.105244170809129 ], [ 8.409490345607827, 52.135044877306491 ], [ 8.517437323835834, 52.184950449313 ], [ 8.460188310110427, 52.195954636835538 ], [ 8.442391793031041, 52.213306815755672 ], [ 8.471731700546684, 52.261809002212793 ] ] ] } },
{ "type": "Feature", "properties": { "ags": "05762" }, "geometry": { "type": "Polygon", "coordinates": [ [ [ 9.131580083583854, 51.909673116061654 ], [ 9.135808467036808, 51.868211721331363 ], [ 9.154567462623099, 51.874640686222563 ], [ 9.209480045185412, 51.852610133796546 ], [ 9.242898546709355, 51.866822691053713 ], [ 9.301775436290871, 51.849937541353938 ], [ 9.362865542659579, 51.86487896442285 ], [ 9.461478369513793, 51.857118721063856 ], [ 9.433149499750529, 51.840278044879817 ], [ 9.4273299719916, 51.810491914245674 ], [ 9.448156882119887, 51.794799409755441 ], [ 9.375365201206385, 51.743614017261976 ], [ 9.401664934848849, 51.701656162935585 ], [ 9.374661799162398, 51.64984558256257 ], [ 9.444924396062156, 51.644199005811124 ], [ 9.33709831163274, 51.614701567830629 ], [ 9.373522628342032, 51.591013732324903 ], [ 9.3170309693199, 51.552365548309268 ], [ 9.308324697493111, 51.512643273900288 ], [ 9.240232238813602, 51.497208176745822 ], [ 9.216465953307283, 51.459593997066669 ], [ 9.185100361727173, 51.466333561426467 ], [ 9.149298760666042, 51.442015007864775 ], [ 9.086415850503515, 51.449082823086691 ], [ 9.076521837189672, 51.503475145714091 ], [ 9.039285948161391, 51.501921522136719 ], [ 9.020976430257896, 51.518610669987886 ], [ 8.946514668473096, 51.507645470634472 ], [ 8.905369612791469, 51.526037823165225 ], [ 9.017366240924835, 51.576036914975397 ], [ 8.977961613068677, 51.620300843638844 ], [ 8.975268082824321, 51.69750953136154 ], [ 9.000114872967776, 51.703419746579421 ], [ 8.978980374569973, 51.734912460919709 ], [ 8.999823850525715, 51.758581496446986 ], [ 8.957610408482033, 51.791584410478563 ], [ 8.952951059406118, 51.836574780441843 ], [ 8.996375551723457, 51.844293678158444 ], [ 9.011384018137552, 51.877089226078716 ], [ 9.055715808381221, 51.873134104173054 ], [ 9.131580083583854, 51.909673116061654 ] ] ] } },
{ "type": "Feature", "properties": { "ags": "05766" }, "geometry": { "type": "Polygon", "coordinates": [ [ [ 8.985833623818298, 52.194598593256217 ], [ 9.02160318119196, 52.171999039495574 ], [ 9.017792062230647, 52.132426671971601 ], [ 9.063024031750773, 52.148468618798994 ], [ 9.153344072895059, 52.129146678871514 ], [ 9.132977915902876, 52.096629452092976 ], [ 9.155604698934603, 52.09782987091485 ], [ 9.193280775201359, 52.070311339584912 ], [ 9.172169131020794, 52.047370550996085 ], [ 9.196793757233381, 51.996917100012951 ], [ 9.176231466392862, 51.980352692708699 ], [ 9.208896028589907, 51.959855290809486 ], [ 9.216921993295916, 51.9736242151642 ], [ 9.274375358994517, 51.973603596201329 ], [ 9.2720690281157, 51.932304208049686 ], [ 9.340841883130325, 51.908002323407281 ], [ 9.335757386825643, 51.856051511147221 ], [ 9.298385453767175, 51.850115475029746 ], [ 9.242898546709355, 51.866822691053713 ], [ 9.213647945237696, 51.8520269303269 ], [ 9.154567462623099, 51.874640686222563 ], [ 9.135808467036808, 51.868211721331363 ], [ 9.127484583220181, 51.911380293994831 ], [ 9.055715808381221, 51.873134104173054 ], [ 9.011384018137552, 51.877089226078716 ], [ 8.996375551723457, 51.844293678158444 ], [ 8.952951059406118, 51.836574780441843 ], [ 8.959261575784684, 51.789742015348203 ], [ 8.916335101445087, 51.812957488879391 ], [ 8.790251909565262, 51.797970758670068 ], [ 8.719494813869428, 51.891806248813232 ], [ 8.68194864992919, 51.917501147966327 ], [ 8.6063387225014, 51.927372635198623 ], [ 8.648007150938943, 51.959189213920425 ], [ 8.652959368447169, 52.063037775164091 ], [ 8.666374521647684, 52.086854228876 ], [ 8.716628060499575, 52.090287997486215 ], [ 8.746822460454297, 52.120767833938572 ], [ 8.808485248671285, 52.126686354796668 ], [ 8.841370553011132, 52.10328132942351 ], [ 8.873364856470877, 52.104921268355909 ], [ 8.923331466262763, 52.182155205749652 ], [ 8.986942705925649, 52.181060679302121 ], [ 8.985833623818298, 52.194598593256217 ] ] ] } },
{ "type": "Feature", "properties": { "ags": "05770" }, "geometry": { "type": "Polygon", "coordinates": [ [ [ 8.652550123981461, 52.531443427672563 ], [ 8.703008886316846, 52.500438052551054 ], [ 8.707486372397025, 52.395351265208795 ], [ 8.746086795776929, 52.387872223162226 ], [ 8.937577150582362, 52.402100706584733 ], [ 9.052656209231072, 52.50029804984554 ], [ 9.132609286423232, 52.483432229055744 ], [ 9.094530000241459, 52.442823936292932 ], [ 9.125252411847368, 52.411993355445475 ], [ 9.085110545952151, 52.355858401801214 ], [ 9.057924826210817, 52.339577402027501 ], [ 9.027357220467064, 52.345610946509588 ], [ 8.963536742655029, 52.279026974748703 ], [ 8.974870268145146, 52.262555318525976 ], [ 9.076450310127655, 52.233768417664656 ], [ 9.035759914637932, 52.224525071322994 ], [ 9.045349209490217, 52.18377344711142 ], [ 9.013589637366218, 52.195374734811708 ], [ 8.985833623818298, 52.194598593256217 ], [ 8.982984463939498, 52.180830613112519 ], [ 8.87411977836763, 52.196205493762356 ], [ 8.78197343153516, 52.162514188296001 ], [ 8.782525459394185, 52.207520903058672 ], [ 8.714765123855843, 52.251823151995637 ], [ 8.683930591339104, 52.232165032083373 ], [ 8.634575448197799, 52.260770284910087 ], [ 8.471884065409583, 52.260269616307468 ], [ 8.472149143543962, 52.315364095118632 ], [ 8.439410365062328, 52.362712571085979 ], [ 8.314038742516525, 52.405728243174416 ], [ 8.297213681647852, 52.456497906943049 ], [ 8.418134680375973, 52.444421502263047 ], [ 8.454290059798096, 52.461007062316057 ], [ 8.458861052174308, 52.491672285211713 ], [ 8.508848530554122, 52.514693375858812 ], [ 8.556857516866819, 52.499095653096305 ], [ 8.652550123981461, 52.531443427672563 ] ] ] } },
{ "type": "Feature", "properties": { "ags": "05774" }, "geometry": { "type": "Polygon", "coordinates": [ [ [ 8.661828366440513, 51.852847228081025 ], [ 8.748387141693703, 51.858673148366719 ], [ 8.790251909565262, 51.797970758670068 ], [ 8.918604578142185, 51.812816812052702 ], [ 8.999823850525715, 51.758581496446986 ], [ 8.978980374569973, 51.734912460919709 ], [ 9.000114872967776, 51.703419746579421 ], [ 8.975268082824321, 51.69750953136154 ], [ 8.977961613068677, 51.620300843638844 ], [ 9.017159855447012, 51.575093044623259 ], [ 8.958200129659831, 51.560691785993413 ], [ 8.93555909828383, 51.535449921598293 ], [ 8.897565497980995, 51.52891951364785 ], [ 8.886049936914494, 51.548304531619934 ], [ 8.814610145539516, 51.539533673851523 ], [ 8.835692772568628, 51.496433448165682 ], [ 8.767671118023948, 51.447386147394958 ], [ 8.752166321114169, 51.465398177729448 ], [ 8.720920050051614, 51.459068462312182 ], [ 8.652089910669451, 51.481157365914676 ], [ 8.547931197040265, 51.467812711091469 ], [ 8.472658005609805, 51.563380385674613 ], [ 8.491872569779339, 51.588368572391424 ], [ 8.585998601080046, 51.615444509357637 ], [ 8.573228703730667, 51.660557181311859 ], [ 8.47916736502208, 51.683600041008262 ], [ 8.468104240081324, 51.721091119080512 ], [ 8.403107786021755, 51.719355155552492 ], [ 8.417692749309907, 51.759569729515732 ], [ 8.521401877676608, 51.809583538570827 ], [ 8.534338750068542, 51.83173632444052 ], [ 8.637333737296787, 51.877094118650852 ], [ 8.661828366440513, 51.852847228081025 ] ] ] } },
{ "type": "Feature", "properties": { "ags": "05911" }, "geometry": { "type": "Polygon", "coordinates": [ [ [ 7.295306911018808, 51.531408781968047 ], [ 7.314603067235273, 51.52231978006526 ], [ 7.303593755056215, 51.503919393175202 ], [ 7.343842038575634, 51.491846132712588 ], [ 7.342040159003007, 51.455787182240805 ], [ 7.287211912809591, 51.45431131692127 ], [ 7.24662827547835, 51.411311074676689 ], [ 7.154708803582694, 51.414250676276204 ], [ 7.123787458440153, 51.430901382338355 ], [ 7.104200574729383, 51.481267497270906 ], [ 7.137471922313425, 51.490571443250282 ], [ 7.138423785129717, 51.505301401981519 ], [ 7.295306911018808, 51.531408781968047 ] ] ] } },
{ "type": "Feature", "properties": { "ags": "05913" }, "geometry": { "type": "Polygon", "coordinates": [ [ [ 7.417934144085002, 51.599520178726323 ], [ 7.446454488770811, 51.581177368949156 ], [ 7.49770704694787, 51.592122764785273 ], [ 7.517090373436171, 51.576667055416394 ], [ 7.590542866616815, 51.583158290064603 ], [ 7.607975152326651, 51.548554949072305 ], [ 7.633810321146556, 51.545539648466807 ], [ 7.637115869365909, 51.523138788793212 ], [ 7.596561681263056, 51.509198417802281 ], [ 7.608486160805561, 51.479190393617905 ], [ 7.546301084533193, 51.466288636187684 ], [ 7.508452907946062, 51.417941185375902 ], [ 7.46533257715697, 51.416072806128035 ], [ 7.461675169693139, 51.436976562497456 ], [ 7.423623346561067, 51.432934547351522 ], [ 7.389027454610646, 51.473878057117773 ], [ 7.303593755056215, 51.503919393175202 ], [ 7.314603067235273, 51.52231978006526 ], [ 7.36403542009282, 51.528161510531568 ], [ 7.338467848392363, 51.57653051766853 ], [ 7.417934144085002, 51.599520178726323 ] ] ] } },
{ "type": "Feature", "properties": { "ags": "05914" }, "geometry": { "type": "Polygon", "coordinates": [ [ [ 7.487180157814283, 51.417571354368405 ], [ 7.587816489893768, 51.390390414048561 ], [ 7.599215400976969, 51.346360480734589 ], [ 7.577269302926233, 51.330608172630015 ], [ 7.583192927525129, 51.295865012582318 ], [ 7.517252811726661, 51.264869246548848 ], [ 7.478956826097225, 51.286064320487725 ], [ 7.503893294058883, 51.315867947492286 ], [ 7.44011823583975, 51.316151941043124 ], [ 7.432431688215899, 51.289819201667015 ], [ 7.399589220734085, 51.300040090501845 ], [ 7.421789947226628, 51.330881382725892 ], [ 7.395236386567939, 51.326687646051248 ], [ 7.37630799923346, 51.343411681798003 ], [ 7.406274673185046, 51.397487015244089 ], [ 7.435288970674884, 51.39043827903253 ], [ 7.487180157814283, 51.417571354368405 ] ] ] } },
{ "type": "Feature", "properties": { "ags": "05915" }, "geometry": { "type": "Polygon", "coordinates": [ [ [ 7.833585041677167, 51.741157720725148 ], [ 7.836445096886165, 51.730018430475091 ], [ 7.875698959823183, 51.728366466121848 ], [ 7.889864804398299, 51.702701002939143 ], [ 7.939207183218334, 51.703752461826291 ], [ 7.997528913098828, 51.674207311118444 ], [ 7.95353270555461, 51.672358635565992 ], [ 7.91435782777833, 51.595830429514457 ], [ 7.824367534103375, 51.578052319172791 ], [ 7.811125604063994, 51.620989304582849 ], [ 7.728449350120028, 51.626873757099965 ], [ 7.688047010125387, 51.613737731104678 ], [ 7.675536279680198, 51.66246125039288 ], [ 7.727441572286808, 51.674284532253701 ], [ 7.699110000220094, 51.707325809053735 ], [ 7.735788029761417, 51.737370426316168 ], [ 7.769527044510949, 51.723777537749179 ], [ 7.833585041677167, 51.741157720725148 ] ] ] } },
{ "type": "Feature", "properties": { "ags": "05916" }, "geometry": { "type": "Polygon", "coordinates": [ [ [ 7.249680453730445, 51.565890834493331 ], [ 7.283249315671442, 51.55714980501763 ], [ 7.286239233375618, 51.526064912757974 ], [ 7.139416406709721, 51.505533701176518 ], [ 7.124901349119002, 51.551029019486144 ], [ 7.249680453730445, 51.565890834493331 ] ] ] } },
{ "type": "Feature", "properties": { "ags": "05954" }, "geometry": { "type": "Polygon", "coordinates": [ [ [ 7.354155086492701, 51.483864779829027 ], [ 7.389027454610646, 51.473878057117773 ], [ 7.423623346561067, 51.432934547351522 ], [ 7.468844450159482, 51.432254236495901 ], [ 7.450626551269367, 51.398979809651586 ], [ 7.403793239621198, 51.395431587303797 ], [ 7.376330850510457, 51.346888221670696 ], [ 7.395236386567939, 51.326687646051248 ], [ 7.423450956876992, 51.328610726834711 ], [ 7.399589220734085, 51.300040090501845 ], [ 7.432431688215899, 51.289819201667015 ], [ 7.44011823583975, 51.316151941043124 ], [ 7.503893294058883, 51.315867947492286 ], [ 7.478956826097225, 51.286064320487725 ], [ 7.518542974860629, 51.273771448457559 ], [ 7.501312247394311, 51.24250019100721 ], [ 7.435097736291834, 51.213248474552763 ], [ 7.424368174138341, 51.227527973094546 ], [ 7.400630776921476, 51.223459279792323 ], [ 7.393818444155481, 51.245658912960003 ], [ 7.340008295676093, 51.239022824167968 ], [ 7.331746777554693, 51.250289003311927 ], [ 7.306693513372807, 51.238875257190806 ], [ 7.304736036245662, 51.25242925081168 ], [ 7.267153593520557, 51.257314448833711 ], [ 7.263667209153394, 51.318258757984943 ], [ 7.169904387821716, 51.297961874483981 ], [ 7.180480629420517, 51.306268362736091 ], [ 7.145377633448241, 51.339754714250731 ], [ 7.159378424443306, 51.365117329533383 ], [ 7.117346048766398, 51.380443115150094 ], [ 7.108443196471185, 51.406663957496008 ], [ 7.136030064404967, 51.426037828550122 ], [ 7.154708803582694, 51.414250676276204 ], [ 7.248917436106505, 51.411725650432942 ], [ 7.287211912809591, 51.45431131692127 ], [ 7.342040159003007, 51.455787182240805 ], [ 7.354155086492701, 51.483864779829027 ] ] ] } },
{ "type": "Feature", "properties": { "ags": "05958" }, "geometry": { "type": "Polygon", "coordinates": [ [ [ 8.814610145539516, 51.539533673851523 ], [ 8.892122945198482, 51.547616093302594 ], [ 8.896203052146037, 51.529512889675985 ], [ 8.969676762695704, 51.51099009480108 ], [ 8.890376607210866, 51.481928276399863 ], [ 8.918786787592291, 51.430285428183097 ], [ 8.948108681852986, 51.428218886396003 ], [ 8.939502003481349, 51.389499022078219 ], [ 8.889580795713579, 51.392721985976713 ], [ 8.854019775760134, 51.377137848720231 ], [ 8.803993170718318, 51.390797941305955 ], [ 8.6797230801008, 51.373117284325943 ], [ 8.681208912124012, 51.35976419286412 ], [ 8.621098213593513, 51.336527895412544 ], [ 8.556347796302445, 51.277494750604106 ], [ 8.597289964930605, 51.24717937805115 ], [ 8.692552009081501, 51.276407305079054 ], [ 8.736585314751355, 51.262219702088309 ], [ 8.741697464168986, 51.218423260651711 ], [ 8.768194375923068, 51.208873682507495 ], [ 8.749501813257673, 51.197731699326447 ], [ 8.758214361652346, 51.177181727587346 ], [ 8.69216180382957, 51.132834140086352 ], [ 8.718732686367696, 51.109781090199952 ], [ 8.656632492158936, 51.094903198947428 ], [ 8.54908480845501, 51.101867884451529 ], [ 8.485908853170189, 51.149467333115815 ], [ 8.404324944543655, 51.132526602273771 ], [ 8.340270425603178, 51.092548116495223 ], [ 8.253174295709933, 51.099313722907922 ], [ 8.22560125637407, 51.122124597730107 ], [ 8.195693405311941, 51.12140641678198 ], [ 8.184021308866619, 51.146272294316766 ], [ 8.130200032836083, 51.143410856298424 ], [ 8.151360260041356, 51.173316468447304 ], [ 8.099648046983564, 51.213677733384372 ], [ 8.119388892037621, 51.240107015240952 ], [ 8.01867667918486, 51.246575404633546 ], [ 7.936853422227475, 51.233028777602357 ], [ 7.92010159171946, 51.244112146862577 ], [ 7.903655002959472, 51.277661623718835 ], [ 7.918814217940724, 51.297205475021755 ], [ 7.901069590766813, 51.305316972379465 ], [ 7.934154467136016, 51.319884415585264 ], [ 7.931540064546446, 51.334047089402979 ], [ 7.906509231527172, 51.347350484042259 ], [ 7.890179998517481, 51.429216997382341 ], [ 7.863767207214432, 51.458848993565979 ], [ 7.905202631884593, 51.491394873660887 ], [ 7.952412085612021, 51.465995974593653 ], [ 8.003131217613157, 51.474741982541822 ], [ 8.050717587967902, 51.447595390480409 ], [ 8.157617349713075, 51.442013533123735 ], [ 8.213946096989373, 51.408197690433859 ], [ 8.276071813875555, 51.406829153885269 ], [ 8.298522733115153, 51.388505982069077 ], [ 8.418407564194482, 51.406056186829645 ], [ 8.470903373715352, 51.44099459639034 ], [ 8.604155797829584, 51.48386008583492 ], [ 8.720920050051614, 51.459068462312182 ], [ 8.752166321114169, 51.465398177729448 ], [ 8.767671118023948, 51.447386147394958 ], [ 8.835692772568628, 51.496433448165682 ], [ 8.814610145539516, 51.539533673851523 ] ] ] } },
{ "type": "Feature", "properties": { "ags": "05962" }, "geometry": { "type": "Polygon", "coordinates": [ [ [ 7.837630933732423, 51.478533326336866 ], [ 7.880130973155357, 51.446250091423124 ], [ 7.906509231527172, 51.347350484042259 ], [ 7.931540064546446, 51.334047089402979 ], [ 7.934154467136016, 51.319884415585264 ], [ 7.901069590766813, 51.305316972379465 ], [ 7.918814217940724, 51.297205475021755 ], [ 7.903655002959472, 51.277661623718835 ], [ 7.950590705307992, 51.228098276500944 ], [ 7.928001372791152, 51.209697930962243 ], [ 7.950116649763983, 51.176215279534517 ], [ 7.909289980257817, 51.182502022757149 ], [ 7.898402589999165, 51.165479077886289 ], [ 7.830171855112938, 51.164793821786411 ], [ 7.795893827765903, 51.147087635068381 ], [ 7.83796531707666, 51.127628749738498 ], [ 7.812544447951735, 51.071872622981722 ], [ 7.71538022219511, 51.072780803384106 ], [ 7.691839819076671, 51.086503907071545 ], [ 7.626376692826446, 51.068523470090497 ], [ 7.582083347286067, 51.1065716678958 ], [ 7.496195174601724, 51.106051388150377 ], [ 7.504193116430256, 51.127947260730515 ], [ 7.472100710024405, 51.139626174564192 ], [ 7.477154630451508, 51.163240556219833 ], [ 7.441616766028591, 51.158188726700232 ], [ 7.417653961621099, 51.19832104943238 ], [ 7.444179001711851, 51.227236458951459 ], [ 7.501312247394311, 51.24250019100721 ], [ 7.512482195869564, 51.263847226092054 ], [ 7.583192927525129, 51.295865012582318 ], [ 7.587816489893768, 51.390390414048561 ], [ 7.613116517916623, 51.385662827367611 ], [ 7.631906265443413, 51.406624199176562 ], [ 7.613891524274849, 51.447059662942301 ], [ 7.69748256339843, 51.473911025076184 ], [ 7.795442966044223, 51.468012749751963 ], [ 7.837630933732423, 51.478533326336866 ] ] ] } },
{ "type": "Feature", "properties": { "ags": "05966" }, "geometry": { "type": "Polygon", "coordinates": [ [ [ 8.062282415788093, 51.248206558941128 ], [ 8.119388892037621, 51.240107015240952 ], [ 8.099648046983564, 51.213677733384372 ], [ 8.151360260041356, 51.173316468447304 ], [ 8.130200032836083, 51.143410856298424 ], [ 8.184021308866619, 51.146272294316766 ], [ 8.195693405311941, 51.12140641678198 ], [ 8.241575757333292, 51.112117248241574 ], [ 8.220931624162295, 51.090486039991461 ], [ 8.245912790584637, 51.05769243849462 ], [ 8.222079659730001, 51.028523084257394 ], [ 8.168000738712212, 51.006515252052992 ], [ 8.103202431266052, 51.024572842461453 ], [ 8.044022155087674, 51.004980355948227 ], [ 8.022499779236176, 51.042531030104719 ], [ 7.976428027815991, 51.033798216185545 ], [ 7.93503954857254, 51.005364105693808 ], [ 7.943155708802593, 50.97513989832327 ], [ 7.91136216846717, 50.924668559343921 ], [ 7.785898055637078, 50.939914116104212 ], [ 7.780297111864984, 50.979959985998676 ], [ 7.748889870036749, 50.977769980667077 ], [ 7.725730271726499, 50.998050904567464 ], [ 7.73403731524979, 51.033277217110971 ], [ 7.704801260364056, 51.069126370329379 ], [ 7.819827575826644, 51.075211128405499 ], [ 7.83796531707666, 51.127628749738498 ], [ 7.795893827765903, 51.147087635068381 ], [ 7.830171855112938, 51.164793821786411 ], [ 7.898402589999165, 51.165479077886289 ], [ 7.909289980257817, 51.182502022757149 ], [ 7.950116649763983, 51.176215279534517 ], [ 7.928001372791152, 51.209697930962243 ], [ 7.950857090666234, 51.219641719964692 ], [ 7.940472412605387, 51.239652794733907 ], [ 8.043862380422723, 51.23703131058376 ], [ 8.062282415788093, 51.248206558941128 ] ] ] } },
{ "type": "Feature", "properties": { "ags": "05970" }, "geometry": { "type": "Polygon", "coordinates": [ [ [ 8.488837770940282, 51.142716463428577 ], [ 8.545589724157653, 51.11382925026642 ], [ 8.545348936613815, 51.097242167988377 ], [ 8.501562683387803, 51.078121580465741 ], [ 8.52755217230073, 51.063379814823229 ], [ 8.505143530005844, 51.04143322032796 ], [ 8.538782177829907, 51.019448429880114 ], [ 8.459665449055882, 50.966650247032568 ], [ 8.456441091675153, 50.916530521489484 ], [ 8.4334262383012, 50.918239037683612 ], [ 8.358600175763415, 50.860690032016727 ], [ 8.305473258160607, 50.861120588255105 ], [ 8.29201719671261, 50.88213579104297 ], [ 8.269666508951975, 50.881875646912285 ], [ 8.125511941585742, 50.788355906797911 ], [ 8.16682899044441, 50.735710677902389 ], [ 8.14260656057998, 50.695448459460231 ], [ 8.12106388087936, 50.685420168308923 ], [ 8.099173321031447, 50.703557924617684 ], [ 8.041386283927945, 50.696655176576407 ], [ 8.040325987472524, 50.725657091025255 ], [ 7.968861798142121, 50.773921086847935 ], [ 7.966981799472928, 50.844039515451897 ], [ 7.90585142629058, 50.848109443579588 ], [ 7.883009343482133, 50.874705483730125 ], [ 7.82776680867365, 50.886637842450057 ], [ 7.851495862599202, 50.9258324087319 ], [ 7.925315270924085, 50.933783235677353 ], [ 7.949449324931305, 51.026606811729941 ], [ 8.022499779236176, 51.042531030104719 ], [ 8.041602672837845, 51.005043654603888 ], [ 8.103202431266052, 51.024572842461453 ], [ 8.168000738712212, 51.006515252052992 ], [ 8.175019511996146, 51.019060125370963 ], [ 8.213782681708595, 51.021357305740871 ], [ 8.245044430107422, 51.055578288897657 ], [ 8.220931624162295, 51.090486039991461 ], [ 8.237738355210567, 51.104240653230661 ], [ 8.340270425603178, 51.092548116495223 ], [ 8.427142429573877, 51.141278323636534 ], [ 8.488837770940282, 51.142716463428577 ] ] ] } },
{ "type": "Feature", "properties": { "ags": "05974" }, "geometry": { "type": "Polygon", "coordinates": [ [ [ 7.976656028404942, 51.722379717093503 ], [ 8.097395349393906, 51.7020812734768 ], [ 8.120087601285073, 51.717952358627393 ], [ 8.211677928110184, 51.696688661407677 ], [ 8.194751891755052, 51.661512401414818 ], [ 8.218684372927315, 51.65812456510924 ], [ 8.295353211645876, 51.676855234114157 ], [ 8.32309108381034, 51.727413528836223 ], [ 8.468104240081324, 51.721091119080512 ], [ 8.47916736502208, 51.683600041008262 ], [ 8.573228703730667, 51.660557181311859 ], [ 8.585998601080046, 51.615444509357637 ], [ 8.491872569779339, 51.588368572391424 ], [ 8.472658005609805, 51.563380385674613 ], [ 8.547931197040265, 51.467812711091469 ], [ 8.418407564194482, 51.406056186829645 ], [ 8.298522733115153, 51.388505982069077 ], [ 8.276071813875555, 51.406829153885269 ], [ 8.213946096989373, 51.408197690433859 ], [ 8.157617349713075, 51.442013533123735 ], [ 8.050717587967902, 51.447595390480409 ], [ 8.003131217613157, 51.474741982541822 ], [ 7.952412085612021, 51.465995974593653 ], [ 7.907889141915095, 51.49131901783317 ], [ 7.859918230373936, 51.4581714809772 ], [ 7.837630933732423, 51.478533326336866 ], [ 7.827151339357598, 51.578628561026306 ], [ 7.91435782777833, 51.595830429514457 ], [ 7.95353270555461, 51.672358635565992 ], [ 7.997528913098828, 51.674207311118444 ], [ 7.944527602943012, 51.700581992700364 ], [ 7.976656028404942, 51.722379717093503 ] ] ] } },
{ "type": "Feature", "properties": { "ags": "05978" }, "geometry": { "type": "Polygon", "coordinates": [ [ [ 7.47281740902677, 51.735249509811759 ], [ 7.484188697705275, 51.714147469896425 ], [ 7.517377696857519, 51.721377897721332 ], [ 7.542141849027971, 51.68473831291827 ], [ 7.612897379458376, 51.715656807699048 ], [ 7.657180120723199, 51.707654384713564 ], [ 7.687248338855311, 51.72885328446781 ], [ 7.728035820184648, 51.676423052978848 ], [ 7.675536279680198, 51.66246125039288 ], [ 7.688047010125387, 51.613737731104678 ], [ 7.728449350120028, 51.626873757099965 ], [ 7.811125604063994, 51.620989304582849 ], [ 7.842823218227415, 51.552699410569687 ], [ 7.830338157197662, 51.505376411562537 ], [ 7.849258903774828, 51.480612183098366 ], [ 7.639612714544634, 51.459986754037956 ], [ 7.613891524274849, 51.447059662942301 ], [ 7.631942234969133, 51.407201306818401 ], [ 7.613116517916623, 51.385662827367611 ], [ 7.533588709746314, 51.395323216415498 ], [ 7.536099102170119, 51.406839770144245 ], [ 7.503289242557192, 51.414336491647823 ], [ 7.546301084533193, 51.466288636187684 ], [ 7.608486160805561, 51.479190393617905 ], [ 7.596561681263056, 51.509198417802281 ], [ 7.637115869365909, 51.523138788793212 ], [ 7.632242612036375, 51.548670668283918 ], [ 7.607975152326651, 51.548554949072305 ], [ 7.590542866616815, 51.583158290064603 ], [ 7.420529315715841, 51.586688233704216 ], [ 7.465275097459093, 51.629532690304927 ], [ 7.443536571251629, 51.659746251900032 ], [ 7.408146784667056, 51.666487070174043 ], [ 7.45052082737999, 51.681138441041405 ], [ 7.421186166947224, 51.709571291933464 ], [ 7.47281740902677, 51.735249509811759 ] ] ] } },
{ "type": "Feature", "properties": { "ags": "06411" }, "geometry": { "type": "Polygon", "coordinates": [ [ [ 8.729715821882237, 49.95332551660286 ], [ 8.749488151835633, 49.901343867254361 ], [ 8.729127887766918, 49.862970103882098 ], [ 8.674134539194261, 49.83619068438226 ], [ 8.676617119291572, 49.805560200900032 ], [ 8.649688063644565, 49.79611617842388 ], [ 8.611460609748999, 49.83462756781006 ], [ 8.566079180113883, 49.831271495427607 ], [ 8.56189090211001, 49.850054963727537 ], [ 8.590288876088092, 49.856424669847051 ], [ 8.632704760431073, 49.899424767011126 ], [ 8.628958785148781, 49.944281543542552 ], [ 8.729715821882237, 49.95332551660286 ] ] ] } },
{ "type": "Feature", "properties": { "ags": "06412" }, "geometry": { "type": "Polygon", "coordinates": [ [ [ 8.711375837050049, 50.226257300494922 ], [ 8.733472123762496, 50.215386077854426 ], [ 8.702212125984865, 50.180690630952533 ], [ 8.72278526352015, 50.163614930216369 ], [ 8.763027820959339, 50.179109516163379 ], [ 8.7995100776974, 50.1732314093653 ], [ 8.769849406709493, 50.130802241206268 ], [ 8.780208716178235, 50.111438739773661 ], [ 8.726282435298035, 50.108553787218455 ], [ 8.749818810455762, 50.096127866416502 ], [ 8.717834172581812, 50.062406113276559 ], [ 8.62392229600986, 50.054470162354228 ], [ 8.591320753218534, 50.01769180398103 ], [ 8.518845075497905, 50.020569445440856 ], [ 8.515892099381698, 50.032704677292664 ], [ 8.559300332090366, 50.048850572948048 ], [ 8.552951007100976, 50.066608116120868 ], [ 8.525796466502273, 50.083659526650393 ], [ 8.52071607691737, 50.061706789126539 ], [ 8.475976507860015, 50.108751869327207 ], [ 8.591172494923786, 50.140623683834825 ], [ 8.603864766277367, 50.180976027388496 ], [ 8.711375837050049, 50.226257300494922 ] ] ] } },
{ "type": "Feature", "properties": { "ags": "06413" }, "geometry": { "type": "Polygon", "coordinates": [ [ [ 8.815634415726489, 50.108942310736012 ], [ 8.843302967245668, 50.086901847350333 ], [ 8.836790082831971, 50.070842104496244 ], [ 8.790179131990389, 50.06947891177213 ], [ 8.763572101462733, 50.046956287797805 ], [ 8.749548872842414, 50.062977629796755 ], [ 8.717834172581812, 50.062406113276559 ], [ 8.749818810455762, 50.096127866416502 ], [ 8.726282435298035, 50.108553787218455 ], [ 8.77909090814425, 50.110620943582241 ], [ 8.773708877601001, 50.134605118363218 ], [ 8.81796500324616, 50.133509588012814 ], [ 8.815634415726489, 50.108942310736012 ] ] ] } },
{ "type": "Feature", "properties": { "ags": "06414" }, "geometry": { "type": "Polygon", "coordinates": [ [ [ 8.159975627412178, 50.124395302675239 ], [ 8.323879382588483, 50.149874250028013 ], [ 8.318213355349009, 50.137564411253493 ], [ 8.349137829838799, 50.129460097900285 ], [ 8.385856965383923, 50.082169903118221 ], [ 8.354209664914421, 50.0627526697861 ], [ 8.380178386675402, 50.046356981481345 ], [ 8.332287236295453, 50.02642753136211 ], [ 8.330640221839825, 50.00053914225029 ], [ 8.295287902364658, 49.994415484935338 ], [ 8.24455772100373, 50.027628379956973 ], [ 8.175135731166829, 50.034255446084273 ], [ 8.110297297771698, 50.08062628016102 ], [ 8.132348410841635, 50.081382536770924 ], [ 8.112334800116363, 50.093748740459198 ], [ 8.159975627412178, 50.124395302675239 ] ] ] } },
{ "type": "Feature", "properties": { "ags": "06431" }, "geometry": { "type": "MultiPolygon", "coordinates": [ [ [ [ 8.904589261450338, 49.485793667315662 ], [ 8.950348719633418, 49.454992882674546 ], [ 8.900948949268265, 49.443368670479749 ], [ 8.854644511892451, 49.396627196078683 ], [ 8.803540602758988, 49.403570376676427 ], [ 8.836452905853491, 49.430218301571529 ], [ 8.82352496789467, 49.462678397089945 ], [ 8.851932272377041, 49.483588213666764 ], [ 8.868244751697169, 49.464893353062735 ], [ 8.904589261450338, 49.485793667315662 ] ] ], [ [ [ 8.685867891015073, 49.621664925993343 ], [ 8.68597975416453, 49.618355085514544 ], [ 8.67186358327551, 49.615878134348506 ], [ 8.675112579064207, 49.621105027021592 ], [ 8.685867891015073, 49.621664925993343 ] ], [ [ 8.680067486224273, 49.618665101015651 ], [ 8.684052727062204, 49.620222966140979 ], [ 8.680116543658658, 49.620285713559809 ], [ 8.680067486224273, 49.618665101015651 ] ] ], [ [ [ 8.701305840305407, 49.754621545069959 ], [ 8.745880105406361, 49.722175596174971 ], [ 8.797328769031326, 49.738294002279254 ], [ 8.786319046150213, 49.725133669370521 ], [ 8.806871044555347, 49.70733660248149 ], [ 8.784447721890645, 49.693438104063489 ], [ 8.837989324216421, 49.661774594262042 ], [ 8.886527714328393, 49.657467302963383 ], [ 8.864156102261232, 49.642082747038941 ], [ 8.891196686348213, 49.606134585355257 ], [ 8.873229532667137, 49.606786482329746 ], [ 8.891725267775758, 49.532023288514544 ], [ 8.910865311394099, 49.523089123032769 ], [ 8.89957270824268, 49.503655730186594 ], [ 8.833855255931406, 49.490683270150853 ], [ 8.82187400469863, 49.524636470374503 ], [ 8.798590607416424, 49.511688750134773 ], [ 8.727711250548202, 49.518338548628407 ], [ 8.68098934114616, 49.575547927315874 ], [ 8.697997510347824, 49.599757333565471 ], [ 8.672139780830511, 49.611194103474432 ], [ 8.686368561403091, 49.608480434371664 ], [ 8.692313576039904, 49.623738857882891 ], [ 8.593888978444102, 49.610946646694806 ], [ 8.621299695973265, 49.54500988974587 ], [ 8.560001947578018, 49.517462428892294 ], [ 8.475795984452176, 49.584452261344246 ], [ 8.422439263083017, 49.583385412977862 ], [ 8.383393964032274, 49.625194945780642 ], [ 8.357879060427202, 49.693341218774158 ], [ 8.448364902305523, 49.733661607457897 ], [ 8.546518868237492, 49.717089268484727 ], [ 8.596279131024936, 49.73445887141586 ], [ 8.673598171410404, 49.72518307078753 ], [ 8.701305840305407, 49.754621545069959 ] ] ] ] } },
{ "type": "Feature", "properties": { "ags": "06432" }, "geometry": { "type": "Polygon", "coordinates": [ [ [ 8.944015450179641, 50.002546579075243 ], [ 9.019717573080175, 49.986870170451994 ], [ 9.02335988107632, 49.910136791366376 ], [ 9.050452506392329, 49.867571762940237 ], [ 9.03333612494548, 49.866466651964316 ], [ 9.040770439756995, 49.847477119936606 ], [ 9.005013849287927, 49.855655768452955 ], [ 9.012564021728307, 49.834994921410683 ], [ 8.971112210757505, 49.8183102470107 ], [ 8.969676389340261, 49.798031524288312 ], [ 8.906598730125795, 49.787007858586207 ], [ 8.869692185093912, 49.798101537975924 ], [ 8.775984242456264, 49.72532798435509 ], [ 8.738835798812545, 49.723110303874734 ], [ 8.701305840305407, 49.754621545069959 ], [ 8.673598171410404, 49.72518307078753 ], [ 8.596279131024936, 49.73445887141586 ], [ 8.561198598929201, 49.725071945099415 ], [ 8.562408707672974, 49.766671253680919 ], [ 8.535489120272048, 49.779733418349608 ], [ 8.549545860653346, 49.822214019636668 ], [ 8.519929669746613, 49.865982047206593 ], [ 8.564660494396776, 49.88253798514161 ], [ 8.550007030489406, 49.920556073599066 ], [ 8.57085155700844, 49.922495165896578 ], [ 8.582670778778033, 49.955670938842019 ], [ 8.620113467392516, 49.965483793035467 ], [ 8.67450006242772, 49.951452306422254 ], [ 8.628958785148781, 49.944281543542552 ], [ 8.632704760431073, 49.899424767011126 ], [ 8.590288876088092, 49.856424669847051 ], [ 8.56189090211001, 49.850054963727537 ], [ 8.566079180113883, 49.831271495427607 ], [ 8.611460609748999, 49.83462756781006 ], [ 8.651297745820477, 49.795836408838923 ], [ 8.676617119291572, 49.805560200900032 ], [ 8.674134539194261, 49.83619068438226 ], [ 8.729127887766918, 49.862970103882098 ], [ 8.749488151835633, 49.901343867254361 ], [ 8.728849359210034, 49.956731905140238 ], [ 8.831271738650859, 49.950178437337421 ], [ 8.89971419819342, 49.966152864006766 ], [ 8.944015450179641, 50.002546579075243 ] ] ] } },
{ "type": "Feature", "properties": { "ags": "06433" }, "geometry": { "type": "Polygon", "coordinates": [ [ [ 8.525796466502273, 50.083659526650393 ], [ 8.559300332090366, 50.048850572948048 ], [ 8.515892099381698, 50.032704677292664 ], [ 8.518845075497905, 50.020569445440856 ], [ 8.599698952234112, 50.017033296295793 ], [ 8.630228570246341, 49.967972176864137 ], [ 8.566074759032874, 49.942907313639296 ], [ 8.57085155700844, 49.922495165896578 ], [ 8.550007030489406, 49.920556073599066 ], [ 8.564660494396776, 49.88253798514161 ], [ 8.520961783151732, 49.871087168410256 ], [ 8.549545860653346, 49.822214019636668 ], [ 8.535489120272048, 49.779733418349608 ], [ 8.562408707672974, 49.766671253680919 ], [ 8.546518868237492, 49.717089268484727 ], [ 8.45235104501729, 49.728468626923792 ], [ 8.478558789587307, 49.765244744567461 ], [ 8.416297385554094, 49.773867685615777 ], [ 8.378448621276531, 49.82482008377356 ], [ 8.383583802434256, 49.855677860012463 ], [ 8.344010056602844, 49.880109318687154 ], [ 8.342163535870322, 49.949040865702976 ], [ 8.288245050550225, 49.995134202110044 ], [ 8.409926062887727, 49.997429389294837 ], [ 8.524498259867341, 50.063878382616871 ], [ 8.525796466502273, 50.083659526650393 ] ] ] } },
{ "type": "Feature", "properties": { "ags": "06434" }, "geometry": { "type": "Polygon", "coordinates": [ [ [ 8.470223107973119, 50.410685921070197 ], [ 8.536120265096638, 50.391619266913757 ], [ 8.545107683434404, 50.369504676140998 ], [ 8.609996215850217, 50.372660095551872 ], [ 8.600374767709701, 50.358793782653237 ], [ 8.64995180802315, 50.324339226939863 ], [ 8.592266249459207, 50.290399531247623 ], [ 8.668537964104988, 50.287662097232534 ], [ 8.660743262748024, 50.26770550170577 ], [ 8.71193040749084, 50.229288190278993 ], [ 8.638575105620468, 50.201441332618252 ], [ 8.590416949314783, 50.158450824123619 ], [ 8.547476601189185, 50.174879894138499 ], [ 8.506350840023821, 50.159091662487157 ], [ 8.472611743301718, 50.173506356794014 ], [ 8.453634932855261, 50.163501785470416 ], [ 8.422738894893422, 50.188021693955264 ], [ 8.408844781854926, 50.176652559994409 ], [ 8.355430573011558, 50.187113755425806 ], [ 8.373470638043063, 50.200555877352272 ], [ 8.35278099955668, 50.202519141526508 ], [ 8.360297254638388, 50.214901420279567 ], [ 8.407286857777127, 50.222862252565818 ], [ 8.378378133587917, 50.243327800497838 ], [ 8.409390141952201, 50.266564721358435 ], [ 8.341199669566173, 50.299011303467992 ], [ 8.363366120878908, 50.312696067232132 ], [ 8.315193694029137, 50.340375877979845 ], [ 8.388253599599931, 50.385677272273632 ], [ 8.391995493851194, 50.404576506879152 ], [ 8.470223107973119, 50.410685921070197 ] ] ] } },
{ "type": "Feature", "properties": { "ags": "06435" }, "geometry": { "type": "Polygon", "coordinates": [ [ [ 9.355929678209128, 50.423938587944662 ], [ 9.349257790537081, 50.385486407772056 ], [ 9.39734033601003, 50.389890425675276 ], [ 9.437945821178111, 50.409916234623608 ], [ 9.436432721966451, 50.43083558856965 ], [ 9.473631901335871, 50.442617098982261 ], [ 9.488554156030991, 50.412522872888061 ], [ 9.555656408105664, 50.381599207660045 ], [ 9.621849729110068, 50.39195454815858 ], [ 9.747435795342188, 50.341200297050683 ], [ 9.739129823055769, 50.302589682998608 ], [ 9.637437940421618, 50.252390306710332 ], [ 9.663619149716407, 50.233733461615152 ], [ 9.582898993308461, 50.221528424535634 ], [ 9.501174644660811, 50.243473909077004 ], [ 9.516205473509398, 50.19961172200302 ], [ 9.498372929332669, 50.175225074024461 ], [ 9.53120179363629, 50.160849668391641 ], [ 9.507571329820362, 50.145557350290126 ], [ 9.51246415495682, 50.094355655644186 ], [ 9.41311084469706, 50.084059880130056 ], [ 9.373620660149236, 50.130963498800774 ], [ 9.221866090243022, 50.14941731359162 ], [ 9.183268722099225, 50.137902203910649 ], [ 9.191593717498693, 50.127487241119645 ], [ 9.149210890656144, 50.090639492089792 ], [ 9.153609320186504, 50.117930613282986 ], [ 9.120204397462023, 50.126495242839461 ], [ 9.018261040765875, 50.111604208074127 ], [ 8.992923228652744, 50.066223459566288 ], [ 8.943655032636544, 50.090463574785304 ], [ 8.884897247944732, 50.080045860005782 ], [ 8.886577132718967, 50.12485800814634 ], [ 8.780646250498192, 50.136734557569675 ], [ 8.79082401837613, 50.196776011091615 ], [ 8.826291698643463, 50.201615126266361 ], [ 8.804371603338369, 50.229310086384189 ], [ 8.855466641680717, 50.249598458827698 ], [ 8.846460262680763, 50.274670450250738 ], [ 8.915739989968058, 50.275738131927866 ], [ 8.957126488605269, 50.247378115406811 ], [ 8.995353954621681, 50.253600722856369 ], [ 9.02434899212742, 50.229949613108886 ], [ 9.039670005504638, 50.248148818718079 ], [ 9.148568290900831, 50.24625991554786 ], [ 9.176173082434683, 50.279029618766046 ], [ 9.20839092925377, 50.285658722187513 ], [ 9.224035836897867, 50.331450345544383 ], [ 9.267791610233841, 50.328004628544782 ], [ 9.257108967420676, 50.360801366508767 ], [ 9.276203488152802, 50.361848845265619 ], [ 9.251744852838272, 50.374922046623276 ], [ 9.290445677229817, 50.42176384354434 ], [ 9.288878309246343, 50.461815317900914 ], [ 9.33595636627421, 50.451862244329881 ], [ 9.355929678209128, 50.423938587944662 ] ] ] } },
{ "type": "Feature", "properties": { "ags": "06436" }, "geometry": { "type": "Polygon", "coordinates": [ [ [ 8.367128077025097, 50.200644955368546 ], [ 8.355430573011558, 50.187113755425806 ], [ 8.408844781854926, 50.176652559994409 ], [ 8.422738894893422, 50.188021693955264 ], [ 8.452252694256718, 50.163711080712552 ], [ 8.472611743301718, 50.173506356794014 ], [ 8.506350840023821, 50.159091662487157 ], [ 8.547476601189185, 50.174879894138499 ], [ 8.571435517252858, 50.155476151520077 ], [ 8.600767042024613, 50.157289819855485 ], [ 8.577388343467264, 50.13387091858025 ], [ 8.475976507860015, 50.108751869327207 ], [ 8.52071607691737, 50.061706789126539 ], [ 8.40495041121557, 49.9965910262246 ], [ 8.330640221839825, 50.00053914225029 ], [ 8.332287236295453, 50.02642753136211 ], [ 8.380178386675402, 50.046356981481345 ], [ 8.354209664914421, 50.0627526697861 ], [ 8.385581592571285, 50.078942474096223 ], [ 8.380409438474803, 50.102285124475728 ], [ 8.362661361464616, 50.098203266654146 ], [ 8.349137829838799, 50.129460097900285 ], [ 8.316891988450083, 50.139641022308389 ], [ 8.34696704936664, 50.160679235733994 ], [ 8.369518781116174, 50.155773898706386 ], [ 8.337069287331975, 50.191611015116713 ], [ 8.367128077025097, 50.200644955368546 ] ] ] } },
{ "type": "Feature", "properties": { "ags": "06437" }, "geometry": { "type": "Polygon", "coordinates": [ [ [ 9.014004266089337, 49.854351820174266 ], [ 9.041443247199956, 49.840084404354982 ], [ 9.059515726690556, 49.847027741057275 ], [ 9.063956866576556, 49.83175947620235 ], [ 9.084730870363771, 49.847506382610476 ], [ 9.090879620671611, 49.790655009775705 ], [ 9.131665505162495, 49.79492793479718 ], [ 9.106913989266895, 49.758660973386917 ], [ 9.150809170250904, 49.742850741588846 ], [ 9.126109155488049, 49.699979582420504 ], [ 9.089638350848533, 49.693345721321826 ], [ 9.102012047411991, 49.642210344091552 ], [ 9.064975358622382, 49.61665048417801 ], [ 9.102644096145019, 49.57930987910089 ], [ 9.098930719222178, 49.560553905633029 ], [ 9.073074327949024, 49.574941000231583 ], [ 9.084390615336318, 49.5430239529353 ], [ 9.12641383156719, 49.516945795416987 ], [ 9.106127382022329, 49.509796065157261 ], [ 9.099554223860654, 49.526189352425348 ], [ 9.064950779110642, 49.529606009696778 ], [ 9.040756947353691, 49.499069414075016 ], [ 8.95183248391894, 49.505626233491348 ], [ 8.954639721707194, 49.482009229220104 ], [ 8.931879784188087, 49.470636807380266 ], [ 8.899176235617857, 49.484934181386755 ], [ 8.910865311394099, 49.523089123032769 ], [ 8.891725267775758, 49.532023288514544 ], [ 8.873229532667137, 49.606786482329746 ], [ 8.891196686348213, 49.606134585355257 ], [ 8.864156102261232, 49.642082747038941 ], [ 8.886527714328393, 49.657467302963383 ], [ 8.795951968309563, 49.683613940268565 ], [ 8.784447721890645, 49.693438104063489 ], [ 8.806871044555347, 49.70733660248149 ], [ 8.786319046150213, 49.725133669370521 ], [ 8.869692185093912, 49.798101537975924 ], [ 8.906598730125795, 49.787007858586207 ], [ 8.969676389340261, 49.798031524288312 ], [ 8.964793807820241, 49.811816409894433 ], [ 9.012564021728307, 49.834994921410683 ], [ 9.014004266089337, 49.854351820174266 ] ] ] } },
{ "type": "Feature", "properties": { "ags": "06438" }, "geometry": { "type": "Polygon", "coordinates": [ [ [ 8.81796500324616, 50.133509588012814 ], [ 8.886577132718967, 50.12485800814634 ], [ 8.884897247944732, 50.080045860005782 ], [ 8.943655032636544, 50.090463574785304 ], [ 8.988359167139752, 50.074739283396248 ], [ 8.976480289100346, 50.047170186165069 ], [ 9.031343852912753, 50.039574083087452 ], [ 9.046073980612393, 49.990007791804729 ], [ 8.944015450179641, 50.002546579075243 ], [ 8.89971419819342, 49.966152864006766 ], [ 8.811577169665201, 49.947863424092979 ], [ 8.744638400159388, 49.960069360463002 ], [ 8.686929391440593, 49.948364740178256 ], [ 8.621999947515365, 49.964353900650877 ], [ 8.597240692876323, 50.042442086282222 ], [ 8.717834172581812, 50.062406113276559 ], [ 8.749548872842414, 50.062977629796755 ], [ 8.763572101462733, 50.046956287797805 ], [ 8.790179131990389, 50.06947891177213 ], [ 8.836790082831971, 50.070842104496244 ], [ 8.843302967245668, 50.086901847350333 ], [ 8.808827027035251, 50.120073349750577 ], [ 8.81796500324616, 50.133509588012814 ] ] ] } },
{ "type": "Feature", "properties": { "ags": "06439" }, "geometry": { "type": "Polygon", "coordinates": [ [ [ 8.3706605816032, 50.294356683915133 ], [ 8.410798684776738, 50.25886748142257 ], [ 8.378378133587917, 50.243327800497838 ], [ 8.407286857777127, 50.222862252565818 ], [ 8.360297254638388, 50.214901420279567 ], [ 8.337069287331975, 50.191611015116713 ], [ 8.369518781116174, 50.155773898706386 ], [ 8.245029277706536, 50.148993280439285 ], [ 8.142496175483927, 50.113549017495096 ], [ 8.111555950698978, 50.073153980383729 ], [ 8.175135731166829, 50.034255446084273 ], [ 7.967401579009414, 49.977772907488699 ], [ 7.872230743635334, 49.975713537320516 ], [ 7.854502317157722, 50.010841665081522 ], [ 7.772651309645637, 50.061607876953012 ], [ 7.803461098942254, 50.084579999681985 ], [ 7.837194078757723, 50.084128921877081 ], [ 7.854016101015354, 50.128328785983506 ], [ 7.93009721730838, 50.103740110562192 ], [ 7.932942307672294, 50.143884314827837 ], [ 7.884014220159267, 50.169568591287877 ], [ 7.911141963164511, 50.20373042604114 ], [ 7.990203926795461, 50.238665126310217 ], [ 8.035444345896554, 50.215661973626723 ], [ 8.058909586345747, 50.234405641966838 ], [ 8.02165050095212, 50.258344813072959 ], [ 8.049081590335, 50.273892246102562 ], [ 8.103120829251923, 50.259788842085186 ], [ 8.131746748047416, 50.281198321603412 ], [ 8.169834352687747, 50.276287304174197 ], [ 8.221256167754232, 50.291556933051503 ], [ 8.255947455293887, 50.264060829277049 ], [ 8.3706605816032, 50.294356683915133 ] ] ] } },
{ "type": "Feature", "properties": { "ags": "06440" }, "geometry": { "type": "Polygon", "coordinates": [ [ [ 9.064262774865362, 50.498448387922686 ], [ 9.058679505515778, 50.471158175726565 ], [ 9.09437841457051, 50.457383024018966 ], [ 9.087424970462951, 50.438348739689673 ], [ 9.146804755203371, 50.442212907317646 ], [ 9.143674634769825, 50.424686530616036 ], [ 9.172527249905142, 50.445009763667947 ], [ 9.259527604145768, 50.463369938037829 ], [ 9.290445677229817, 50.42176384354434 ], [ 9.251744852838272, 50.374922046623276 ], [ 9.276203488152802, 50.361848845265619 ], [ 9.257108967420676, 50.360801366508767 ], [ 9.267791610233841, 50.328004628544782 ], [ 9.224035836897867, 50.331450345544383 ], [ 9.20839092925377, 50.285658722187513 ], [ 9.176173082434683, 50.279029618766046 ], [ 9.148568290900831, 50.24625991554786 ], [ 9.039670005504638, 50.248148818718079 ], [ 9.02434899212742, 50.229949613108886 ], [ 8.995353954621681, 50.253600722856369 ], [ 8.973953588263107, 50.243744222122309 ], [ 8.919377402175533, 50.274692325488203 ], [ 8.856519648828437, 50.27792933916222 ], [ 8.855466641680717, 50.249598458827698 ], [ 8.804371603338369, 50.229310086384189 ], [ 8.826291698643463, 50.201615126266361 ], [ 8.791149072743249, 50.197018981236482 ], [ 8.789865128536833, 50.176048644678012 ], [ 8.72278526352015, 50.163614930216369 ], [ 8.702212125984865, 50.180690630952533 ], [ 8.733472123762496, 50.215386077854426 ], [ 8.684163742168639, 50.238159522251721 ], [ 8.69022587122344, 50.253150621004636 ], [ 8.658739200756287, 50.272575854748425 ], [ 8.668537964104988, 50.287662097232534 ], [ 8.592266249459207, 50.290399531247623 ], [ 8.64995180802315, 50.324339226939863 ], [ 8.600374767709701, 50.358793782653237 ], [ 8.609996215850217, 50.372660095551872 ], [ 8.545107683434404, 50.369504676140998 ], [ 8.516337410615547, 50.407346585375002 ], [ 8.598696609509265, 50.418624915394886 ], [ 8.574363427699085, 50.446161796782071 ], [ 8.646656404568407, 50.484421017602365 ], [ 8.7396433536458, 50.478490043021708 ], [ 8.764459146598469, 50.464601430096813 ], [ 8.793624058515723, 50.479176193885174 ], [ 8.811412583192249, 50.435995603973751 ], [ 8.852780637034227, 50.432095120182474 ], [ 8.862307691316877, 50.446576727601268 ], [ 8.900406503854121, 50.427079058531568 ], [ 8.907104519897938, 50.438115546166962 ], [ 8.948130620591014, 50.431125304496952 ], [ 8.987775706204733, 50.453944662487437 ], [ 8.9786580598453, 50.49039850434103 ], [ 9.064262774865362, 50.498448387922686 ] ] ] } },
{ "type": "Feature", "properties": { "ags": "06531" }, "geometry": { "type": "Polygon", "coordinates": [ [ [ 8.923944027191347, 50.709308830279433 ], [ 8.971157222380789, 50.677660550288415 ], [ 8.967123467086841, 50.64606376659583 ], [ 8.943845333722463, 50.648452703645376 ], [ 9.00586801893056, 50.62420727256675 ], [ 9.002476462313496, 50.601997704277508 ], [ 9.050124674358416, 50.599887755614219 ], [ 9.077417445980275, 50.566299818152807 ], [ 9.134107956922655, 50.55698649331044 ], [ 9.101494441417183, 50.518979185200578 ], [ 8.9786580598453, 50.49039850434103 ], [ 8.987775706204733, 50.453944662487437 ], [ 8.948130620591014, 50.431125304496952 ], [ 8.907104519897938, 50.438115546166962 ], [ 8.887169817071921, 50.427713293609223 ], [ 8.862307691316877, 50.446576727601268 ], [ 8.852780637034227, 50.432095120182474 ], [ 8.81752950035899, 50.433601201444951 ], [ 8.793624058515723, 50.479176193885174 ], [ 8.764459146598469, 50.464601430096813 ], [ 8.669139752998516, 50.485212486560307 ], [ 8.574363427699085, 50.446161796782071 ], [ 8.598696609509265, 50.418624915394886 ], [ 8.545837733655404, 50.41881253212425 ], [ 8.529493053627663, 50.466734397310923 ], [ 8.594703372255648, 50.503806960462946 ], [ 8.631936453223529, 50.499817134783143 ], [ 8.650807142001254, 50.515107144184952 ], [ 8.556528479966323, 50.535797252820515 ], [ 8.617829880076849, 50.566839620535788 ], [ 8.576787200170466, 50.617853902983128 ], [ 8.548760151184258, 50.627625715738304 ], [ 8.534851867674172, 50.615431279080248 ], [ 8.519074173195799, 50.630344164635773 ], [ 8.552527802947615, 50.684026116011353 ], [ 8.57319296411729, 50.699259195097738 ], [ 8.591384554339628, 50.676158976666812 ], [ 8.618214406089168, 50.673304287362271 ], [ 8.650322325836486, 50.703388536824868 ], [ 8.701770946757843, 50.679430391668838 ], [ 8.737143307860828, 50.681261752822053 ], [ 8.839850505562897, 50.707359578902036 ], [ 8.896859553715183, 50.688642600483639 ], [ 8.923944027191347, 50.709308830279433 ] ] ] } },
{ "type": "Feature", "properties": { "ags": "06532" }, "geometry": { "type": "Polygon", "coordinates": [ [ [ 8.2855477728375, 50.882798630140691 ], [ 8.305473258160607, 50.861120588255105 ], [ 8.352677727602721, 50.86544141713533 ], [ 8.399143610606497, 50.847550617475818 ], [ 8.400342330375516, 50.793250004738383 ], [ 8.444443958479031, 50.797289408538788 ], [ 8.459317447796277, 50.785211642702102 ], [ 8.433562556875215, 50.761478649751417 ], [ 8.452533973413844, 50.723083772861649 ], [ 8.539680370703618, 50.739659019477351 ], [ 8.550773020909565, 50.708249223774956 ], [ 8.578005346686359, 50.706980764512998 ], [ 8.519074173195799, 50.630344164635773 ], [ 8.534851867674172, 50.615431279080248 ], [ 8.548760151184258, 50.627625715738304 ], [ 8.576787200170466, 50.617853902983128 ], [ 8.617829880076849, 50.566839620535788 ], [ 8.558544453545624, 50.532815960877535 ], [ 8.650807142001254, 50.515107144184952 ], [ 8.631936453223529, 50.499817134783143 ], [ 8.594703372255648, 50.503806960462946 ], [ 8.529493053627663, 50.466734397310923 ], [ 8.545837733655404, 50.41881253212425 ], [ 8.562208408151108, 50.425103279131832 ], [ 8.577541790211756, 50.415018754410113 ], [ 8.539014452738101, 50.416735703497068 ], [ 8.508152740612514, 50.396831442641094 ], [ 8.432718317272652, 50.434524204097166 ], [ 8.43784223137445, 50.472519748193534 ], [ 8.414553332814631, 50.456430980992927 ], [ 8.38818650073755, 50.4595704387498 ], [ 8.358702943345854, 50.508350458216555 ], [ 8.283781725110979, 50.533930339583506 ], [ 8.258028433011594, 50.574192613975214 ], [ 8.227516862269336, 50.585676495128894 ], [ 8.198653518042816, 50.564490199310356 ], [ 8.126018672998194, 50.610093137124217 ], [ 8.140884864978984, 50.630228266848185 ], [ 8.110229725378822, 50.670901175800751 ], [ 8.16682899044441, 50.735710677902389 ], [ 8.125511941585742, 50.788355906797911 ], [ 8.2855477728375, 50.882798630140691 ] ] ] } },
{ "type": "Feature", "properties": { "ags": "06533" }, "geometry": { "type": "Polygon", "coordinates": [ [ [ 8.151592166629063, 50.599370801259347 ], [ 8.206392691814267, 50.563744073295297 ], [ 8.229699848313853, 50.585854468918079 ], [ 8.258028433011594, 50.574192613975214 ], [ 8.283781725110979, 50.533930339583506 ], [ 8.358702943345854, 50.508350458216555 ], [ 8.38818650073755, 50.4595704387498 ], [ 8.414553332814631, 50.456430980992927 ], [ 8.43784223137445, 50.472519748193534 ], [ 8.424760845306432, 50.446208491571504 ], [ 8.466269356015351, 50.42062135332025 ], [ 8.405380080736528, 50.397836115190287 ], [ 8.391995493851194, 50.404576506879152 ], [ 8.388253599599931, 50.385677272273632 ], [ 8.348715710788619, 50.373496470459365 ], [ 8.354399617919064, 50.360899858608171 ], [ 8.315193694029137, 50.340375877979845 ], [ 8.363500469680883, 50.311418325711031 ], [ 8.336772369409708, 50.304795939613406 ], [ 8.353847908157876, 50.293136661185592 ], [ 8.31362899710574, 50.271449063109948 ], [ 8.289926764415243, 50.278520033107682 ], [ 8.255947455293887, 50.264060829277049 ], [ 8.218210126243823, 50.291689710630791 ], [ 8.12191361656388, 50.277225030607944 ], [ 8.102677518580629, 50.327017283472806 ], [ 8.071944285152066, 50.33177292180973 ], [ 8.059756762325932, 50.375311530963053 ], [ 8.014559714719068, 50.384525048024436 ], [ 8.023757274015381, 50.400766224743577 ], [ 7.964397959062307, 50.410231135938382 ], [ 7.987782203198042, 50.427921599594889 ], [ 7.975182452221558, 50.437620974947741 ], [ 8.010766001311502, 50.452692426330032 ], [ 7.979198225599472, 50.484640870810431 ], [ 7.999234466174623, 50.52725559816411 ], [ 8.041611266616234, 50.556993251292745 ], [ 8.070521467111295, 50.537998157126665 ], [ 8.117738250027079, 50.534508926513055 ], [ 8.151592166629063, 50.599370801259347 ] ] ] } },
{ "type": "Feature", "properties": { "ags": "06534" }, "geometry": { "type": "Polygon", "coordinates": [ [ [ 8.597280372746917, 50.949283476049551 ], [ 8.706145620628591, 50.993828846728789 ], [ 8.731827657370332, 50.964621779332802 ], [ 8.766024739865973, 50.978573041352348 ], [ 8.78577875708277, 50.956420149638575 ], [ 8.849647208619183, 50.964254657170606 ], [ 8.90584537923206, 50.951250432862189 ], [ 8.917196684323947, 50.97098741443088 ], [ 8.974930109955141, 50.930856614755349 ], [ 9.010332608259048, 50.926023092683927 ], [ 9.027142593694363, 50.902812645205699 ], [ 9.043374407492939, 50.922985141422224 ], [ 9.074544448532746, 50.910798537148146 ], [ 9.109035270454582, 50.919371610384694 ], [ 9.133521364600346, 50.899072069872169 ], [ 9.108641800301553, 50.887439428291096 ], [ 9.151586694413018, 50.847313658781843 ], [ 9.137454027547694, 50.825091968140555 ], [ 9.103522248050517, 50.828045385140619 ], [ 9.094959769296846, 50.807677604867003 ], [ 9.024142177588857, 50.79469259139325 ], [ 9.015308405093181, 50.771136443027018 ], [ 8.907466536950107, 50.722981982027662 ], [ 8.919276832071432, 50.703152433073122 ], [ 8.899668254595708, 50.688951465193327 ], [ 8.839850505562897, 50.707359578902036 ], [ 8.701770946757843, 50.679430391668838 ], [ 8.650322325836486, 50.703388536824868 ], [ 8.618214406089168, 50.673304287362271 ], [ 8.591384554339628, 50.676158976666812 ], [ 8.578005346686359, 50.706980764512998 ], [ 8.550773020909565, 50.708249223774956 ], [ 8.544728788268118, 50.738673245481159 ], [ 8.455047837547474, 50.722021060662975 ], [ 8.443708875928815, 50.730281302228221 ], [ 8.433562556875215, 50.761478649751417 ], [ 8.458131590644594, 50.787648047435297 ], [ 8.400342330375516, 50.793250004738383 ], [ 8.403746450577326, 50.842269101153271 ], [ 8.355722405856669, 50.854624040296954 ], [ 8.355496176206682, 50.86200096597652 ], [ 8.4334262383012, 50.918239037683612 ], [ 8.456441091675153, 50.916530521489484 ], [ 8.459665449055882, 50.966650247032568 ], [ 8.597280372746917, 50.949283476049551 ] ] ] } },
{ "type": "Feature", "properties": { "ags": "06535" }, "geometry": { "type": "Polygon", "coordinates": [ [ [ 9.151450786930331, 50.834914412022385 ], [ 9.235435011365725, 50.825945234773592 ], [ 9.270284788128965, 50.797063944251661 ], [ 9.315722462125294, 50.810867924919577 ], [ 9.328359710347645, 50.795382989692598 ], [ 9.363669534933805, 50.799874096357009 ], [ 9.390950885558166, 50.77284540238248 ], [ 9.441054975, 50.795644336339713 ], [ 9.433281027629512, 50.774160405820247 ], [ 9.457656216598677, 50.776946645971222 ], [ 9.455503270481433, 50.762187777098418 ], [ 9.478391726098094, 50.763309585909333 ], [ 9.506300001090107, 50.734649328477147 ], [ 9.583151910361233, 50.765607163395465 ], [ 9.6045628568544, 50.757442145396517 ], [ 9.622573833043086, 50.688338577228421 ], [ 9.650018740293282, 50.680867441610111 ], [ 9.620079033453894, 50.650598726646017 ], [ 9.64173239468191, 50.627789335336452 ], [ 9.607138484351401, 50.605602368903192 ], [ 9.552007366051795, 50.621887261852805 ], [ 9.539593900908015, 50.640618241587575 ], [ 9.500663945702851, 50.637651889616357 ], [ 9.481982819991131, 50.66250461466764 ], [ 9.466069226162196, 50.660617765546299 ], [ 9.50046889204236, 50.611032858747244 ], [ 9.478644050345848, 50.574299253785973 ], [ 9.497879126637399, 50.568204900489818 ], [ 9.463501214771748, 50.549805408594764 ], [ 9.427292203379537, 50.479348897907997 ], [ 9.459906740018326, 50.476975366379598 ], [ 9.450727558354378, 50.462954190149631 ], [ 9.479112785745205, 50.440685509395252 ], [ 9.436432721966451, 50.43083558856965 ], [ 9.437945821178111, 50.409916234623608 ], [ 9.39734033601003, 50.389890425675276 ], [ 9.349257790537081, 50.385486407772056 ], [ 9.353776543267562, 50.436068399353196 ], [ 9.29753723528391, 50.46343641663448 ], [ 9.286734940617148, 50.437298076361465 ], [ 9.258555179024238, 50.463583859731273 ], [ 9.172527249905142, 50.445009763667947 ], [ 9.143674634769825, 50.424686530616036 ], [ 9.146804755203371, 50.442212907317646 ], [ 9.087424970462951, 50.438348739689673 ], [ 9.09437841457051, 50.457383024018966 ], [ 9.058679505515778, 50.471158175726565 ], [ 9.077226970251564, 50.495374234147299 ], [ 9.040577162424926, 50.501611503762973 ], [ 9.101494441417183, 50.518979185200578 ], [ 9.134107956922655, 50.55698649331044 ], [ 9.077417445980275, 50.566299818152807 ], [ 9.050124674358416, 50.599887755614219 ], [ 9.011535619384432, 50.597264089843506 ], [ 9.00586801893056, 50.62420727256675 ], [ 8.966143590581634, 50.630202560302507 ], [ 8.940641044188835, 50.653278329810114 ], [ 8.967123467086841, 50.64606376659583 ], [ 8.971157222380789, 50.677660550288415 ], [ 8.907466536950107, 50.722981982027662 ], [ 9.015308405093181, 50.771136443027018 ], [ 9.024142177588857, 50.79469259139325 ], [ 9.151450786930331, 50.834914412022385 ] ] ] } },
{ "type": "Feature", "properties": { "ags": "06611" }, "geometry": { "type": "MultiPolygon", "coordinates": [ [ [ [ 9.370011143954983, 51.348699939447293 ], [ 9.468549861998573, 51.342689868147673 ], [ 9.495481362332571, 51.352422795806959 ], [ 9.539300034227727, 51.337377157979425 ], [ 9.55729093661339, 51.351378713772476 ], [ 9.568850080277507, 51.330452532716251 ], [ 9.530674353743242, 51.318185495263265 ], [ 9.558483658181434, 51.295161908439432 ], [ 9.520186626558736, 51.272452972447709 ], [ 9.490464182163542, 51.283717708273919 ], [ 9.482835069160032, 51.261941017640645 ], [ 9.37409325185858, 51.284007616495515 ], [ 9.351519060781932, 51.30721063826347 ], [ 9.381836767749387, 51.319765158231689 ], [ 9.370011143954983, 51.348699939447293 ] ] ], [ [ [ 9.55013399211107, 51.361884226927479 ], [ 9.534216265605144, 51.362933097537315 ], [ 9.532543087797231, 51.368002981003897 ], [ 9.55013399211107, 51.361884226927479 ] ] ] ] } },
{ "type": "Feature", "properties": { "ags": "06631" }, "geometry": { "type": "Polygon", "coordinates": [ [ [ 9.772853873117894, 50.807974017964185 ], [ 9.829495141050689, 50.790616200744466 ], [ 9.880910057468693, 50.796030782789273 ], [ 9.886823710121323, 50.778183424033045 ], [ 9.93961427684223, 50.755919976526165 ], [ 9.90889073684176, 50.704532449578878 ], [ 9.923955434893063, 50.695130520030951 ], [ 9.881273199756263, 50.673378624196708 ], [ 9.878551050214066, 50.634781208642579 ], [ 9.960722012774674, 50.629483652232558 ], [ 9.949107849786682, 50.664142543012645 ], [ 10.001994968183329, 50.676602566315459 ], [ 10.051053800988393, 50.672897047739923 ], [ 10.082964841675684, 50.633705345057017 ], [ 10.081049838274573, 50.620024822522083 ], [ 10.057503889619523, 50.626120061672694 ], [ 10.037191068473938, 50.612926267632133 ], [ 10.06182860497953, 50.556687382733571 ], [ 10.018307426612408, 50.466455261945349 ], [ 9.957836756473958, 50.423204054021248 ], [ 9.883100782084027, 50.398893441855215 ], [ 9.76206398921104, 50.425867479765714 ], [ 9.732914416439586, 50.35614961569074 ], [ 9.612899651555601, 50.393725706902494 ], [ 9.549232380066305, 50.384029793940655 ], [ 9.488554156030991, 50.412522872888061 ], [ 9.450727558354378, 50.462954190149631 ], [ 9.459906740018326, 50.476975366379598 ], [ 9.427292203379537, 50.479348897907997 ], [ 9.463501214771748, 50.549805408594764 ], [ 9.497879126637399, 50.568204900489818 ], [ 9.478644050345848, 50.574299253785973 ], [ 9.50046889204236, 50.611032858747244 ], [ 9.466069226162196, 50.660617765546299 ], [ 9.607138484351401, 50.605602368903192 ], [ 9.64173239468191, 50.627789335336452 ], [ 9.620079033453894, 50.650598726646017 ], [ 9.650018740293282, 50.680867441610111 ], [ 9.622573833043086, 50.688338577228421 ], [ 9.611464265241617, 50.735476585860482 ], [ 9.669241615319839, 50.718929256493304 ], [ 9.681893201519374, 50.741052249093663 ], [ 9.727824595788869, 50.753028929240571 ], [ 9.709228674744823, 50.768110316780529 ], [ 9.732310956767924, 50.778631205799016 ], [ 9.724841536407773, 50.790845871535538 ], [ 9.772853873117894, 50.807974017964185 ] ] ] } },
{ "type": "Feature", "properties": { "ags": "06632" }, "geometry": { "type": "Polygon", "coordinates": [ [ [ 9.82249215681718, 51.080953515521564 ], [ 9.866019531643678, 51.048710932434169 ], [ 9.934603406093318, 51.052263221532165 ], [ 10.002907637237103, 51.02597747718572 ], [ 9.981333596980134, 51.001913874761264 ], [ 10.021558650049467, 50.992949363867638 ], [ 10.032161326119956, 50.959635370378912 ], [ 10.063865031876764, 50.945432928238162 ], [ 10.013556754706004, 50.93473513236362 ], [ 9.950086586724579, 50.942250254982689 ], [ 9.949685257775938, 50.926507504756955 ], [ 9.990332524987052, 50.935168265336031 ], [ 9.97146374902009, 50.907410936541474 ], [ 10.015635922054262, 50.920623949770686 ], [ 10.050909098356696, 50.900088878943535 ], [ 10.058849850911718, 50.882794053531924 ], [ 10.018703723260005, 50.85861337208037 ], [ 10.037751703304401, 50.845295401942067 ], [ 9.952252802486075, 50.8213745068919 ], [ 9.949598243186871, 50.771722993717958 ], [ 9.920569321366528, 50.768063409812271 ], [ 9.886823710121323, 50.778183424033045 ], [ 9.880910057468693, 50.796030782789273 ], [ 9.829495141050689, 50.790616200744466 ], [ 9.77190489444299, 50.809632694923046 ], [ 9.724841536407773, 50.790845871535538 ], [ 9.732310956767924, 50.778631205799016 ], [ 9.709228674744823, 50.768110316780529 ], [ 9.727824595788869, 50.753028929240571 ], [ 9.681893201519374, 50.741052249093663 ], [ 9.666155211134223, 50.717878585193631 ], [ 9.605349527029164, 50.737139196430228 ], [ 9.583151910361233, 50.765607163395465 ], [ 9.503856601821708, 50.735528185782243 ], [ 9.478391726098094, 50.763309585909333 ], [ 9.455503270481433, 50.762187777098418 ], [ 9.457656216598677, 50.776946645971222 ], [ 9.433281027629512, 50.774160405820247 ], [ 9.444188373366179, 50.797602303588349 ], [ 9.508170821250939, 50.818737210718794 ], [ 9.519047909418068, 50.839822766889952 ], [ 9.482092966752703, 50.896635360816525 ], [ 9.5052482671327, 50.932298086906876 ], [ 9.564358191275852, 50.945595409445801 ], [ 9.545994828578447, 50.970764698103231 ], [ 9.584912967418298, 50.992737738258576 ], [ 9.571682135381311, 51.028866179275639 ], [ 9.625586469124988, 51.032081275007236 ], [ 9.640956917313385, 51.056624995563816 ], [ 9.69603465336762, 51.078252491951211 ], [ 9.748060717060799, 51.069187562025576 ], [ 9.777532954732347, 51.083158287902592 ], [ 9.82249215681718, 51.080953515521564 ] ] ] } },
{ "type": "Feature", "properties": { "ags": "06633" }, "geometry": { "type": "MultiPolygon", "coordinates": [ [ [ [ 9.706680873099224, 51.264775692371437 ], [ 9.702438583603188, 51.264611935641014 ], [ 9.714454239107051, 51.27486930096601 ], [ 9.706680873099224, 51.264775692371437 ] ] ], [ [ [ 9.493712941966569, 51.657499206423537 ], [ 9.516330175735984, 51.626191146376215 ], [ 9.543630864674082, 51.639866688446958 ], [ 9.570707597355112, 51.624719775059475 ], [ 9.625999283190223, 51.636913968184722 ], [ 9.637835474588403, 51.608804810609854 ], [ 9.690947952100741, 51.576315139195842 ], [ 9.684003674548393, 51.566532657707398 ], [ 9.626830883970271, 51.581976062041903 ], [ 9.647755439370446, 51.552510966632134 ], [ 9.609310282168861, 51.556905366923033 ], [ 9.618832066046531, 51.53010306781519 ], [ 9.585844141531792, 51.518433980133644 ], [ 9.643813807770789, 51.469160041859752 ], [ 9.62762052277923, 51.444208672752893 ], [ 9.642956013316434, 51.416321738881585 ], [ 9.578518258467231, 51.40141149481466 ], [ 9.568657142603884, 51.362014580908358 ], [ 9.532543087797231, 51.368002981003897 ], [ 9.55729093661339, 51.351378713772476 ], [ 9.539300034227727, 51.337377157979425 ], [ 9.495481362332571, 51.352422795806959 ], [ 9.468549861998573, 51.342689868147673 ], [ 9.374752338093217, 51.350482074674979 ], [ 9.381836767749387, 51.319765158231689 ], [ 9.351519060781932, 51.30721063826347 ], [ 9.378046896341958, 51.282506852098415 ], [ 9.482835069160032, 51.261941017640645 ], [ 9.490464182163542, 51.283717708273919 ], [ 9.520186626558736, 51.272452972447709 ], [ 9.558483658181434, 51.295161908439432 ], [ 9.530674353743242, 51.318185495263265 ], [ 9.581656972385041, 51.342196335334776 ], [ 9.633583834933853, 51.325720694548473 ], [ 9.628524068825302, 51.311902585311884 ], [ 9.669385916126471, 51.317710857194164 ], [ 9.730357910626976, 51.297495499963411 ], [ 9.654337849662246, 51.305964712562997 ], [ 9.645223957498693, 51.278856737976149 ], [ 9.694675621190214, 51.274708097727029 ], [ 9.693028267072227, 51.262280129022997 ], [ 9.753811616102462, 51.268054418043157 ], [ 9.753984555561273, 51.250267456209784 ], [ 9.687347513347285, 51.244470616184216 ], [ 9.673856242383678, 51.216537500314288 ], [ 9.640365596336322, 51.211635553841511 ], [ 9.635957298062371, 51.183098186990193 ], [ 9.603953503773388, 51.170881308982445 ], [ 9.561513132432898, 51.186537728260895 ], [ 9.567794187614092, 51.21033726441086 ], [ 9.518318426130614, 51.2228408380671 ], [ 9.482511632965432, 51.21301529855441 ], [ 9.445514872745203, 51.22899230760693 ], [ 9.410202684121206, 51.22021339416159 ], [ 9.358294010962485, 51.235975817804778 ], [ 9.346324815973105, 51.254925649908891 ], [ 9.284570823295528, 51.254130346316181 ], [ 9.265473032438264, 51.197771886266302 ], [ 9.221468749893292, 51.195949597951454 ], [ 9.228847181367604, 51.178671874390574 ], [ 9.189525363681422, 51.170418150032411 ], [ 9.128764023481722, 51.219592341409218 ], [ 9.129296025176757, 51.24414688658733 ], [ 9.095077964426888, 51.255781728019478 ], [ 9.12673343616575, 51.276781812287119 ], [ 9.100203209882965, 51.330270567360344 ], [ 9.128975362507772, 51.344692814189692 ], [ 9.10165329601063, 51.364356185925999 ], [ 9.143135473856201, 51.372230422333033 ], [ 9.154205393637222, 51.356790247749096 ], [ 9.169267769280331, 51.359799837480388 ], [ 9.169267184794325, 51.393783297777674 ], [ 9.140473366787742, 51.412701087672147 ], [ 9.161932576482394, 51.418967085537275 ], [ 9.155410662676015, 51.442674945961741 ], [ 9.181368973787293, 51.46533802472792 ], [ 9.216465953307283, 51.459593997066669 ], [ 9.240232238813602, 51.497208176745822 ], [ 9.308324697493111, 51.512643273900288 ], [ 9.3170309693199, 51.552365548309268 ], [ 9.373522628342032, 51.591013732324903 ], [ 9.33709831163274, 51.614701567830629 ], [ 9.426669031621616, 51.630813809045108 ], [ 9.440456997762441, 51.650394022794281 ], [ 9.493712941966569, 51.657499206423537 ] ] ] ] } },
{ "type": "Feature", "properties": { "ags": "06634" }, "geometry": { "type": "Polygon", "coordinates": [ [ [ 9.326768206636403, 51.257646868591415 ], [ 9.410202684121206, 51.22021339416159 ], [ 9.445514872745203, 51.22899230760693 ], [ 9.482511632965432, 51.21301529855441 ], [ 9.518318426130614, 51.2228408380671 ], [ 9.567794187614092, 51.21033726441086 ], [ 9.561513132432898, 51.186537728260895 ], [ 9.603953503773388, 51.170881308982445 ], [ 9.685285523813798, 51.185062702434777 ], [ 9.712844287237479, 51.1515189873694 ], [ 9.775438224635051, 51.144914509453223 ], [ 9.780937388917755, 51.115067200868879 ], [ 9.761177076388211, 51.07236657239828 ], [ 9.69603465336762, 51.078252491951211 ], [ 9.640956917313385, 51.056624995563816 ], [ 9.625586469124988, 51.032081275007236 ], [ 9.571682135381311, 51.028866179275639 ], [ 9.584912967418298, 50.992737738258576 ], [ 9.545994828578447, 50.970764698103231 ], [ 9.564358191275852, 50.945595409445801 ], [ 9.5052482671327, 50.932298086906876 ], [ 9.482092966752703, 50.896635360816525 ], [ 9.519047909418068, 50.839822766889952 ], [ 9.508170821250939, 50.818737210718794 ], [ 9.406468248215402, 50.789862614333735 ], [ 9.390950885558166, 50.77284540238248 ], [ 9.363669534933805, 50.799874096357009 ], [ 9.328359710347645, 50.795382989692598 ], [ 9.315722462125294, 50.810867924919577 ], [ 9.270284788128965, 50.797063944251661 ], [ 9.235435011365725, 50.825945234773592 ], [ 9.151450786930331, 50.834914412022385 ], [ 9.108641800301553, 50.887439428291096 ], [ 9.133521364600346, 50.899072069872169 ], [ 9.109035270454582, 50.919371610384694 ], [ 9.074544448532746, 50.910798537148146 ], [ 9.043374407492939, 50.922985141422224 ], [ 9.027142593694363, 50.902812645205699 ], [ 9.010332608259048, 50.926023092683927 ], [ 8.97267365516713, 50.932878037543581 ], [ 9.032200884009004, 50.938737309436661 ], [ 9.00883437989925, 50.973097846397977 ], [ 9.095907712188076, 51.023549045540186 ], [ 9.096754970992743, 51.045831417842386 ], [ 9.143397741500289, 51.055607471403391 ], [ 9.159070444932071, 51.09043685984453 ], [ 9.194934945604572, 51.098975360427225 ], [ 9.221377215140866, 51.127334610845459 ], [ 9.189525363681422, 51.170418150032411 ], [ 9.228847181367604, 51.178671874390574 ], [ 9.221468749893292, 51.195949597951454 ], [ 9.265473032438264, 51.197771886266302 ], [ 9.277806979251931, 51.249997515355417 ], [ 9.326768206636403, 51.257646868591415 ] ] ] } },
{ "type": "Feature", "properties": { "ags": "06635" }, "geometry": { "type": "Polygon", "coordinates": [ [ [ 9.02331019430347, 51.512700310739923 ], [ 9.092328869281205, 51.494387951647788 ], [ 9.089445124620708, 51.446572652588834 ], [ 9.155410662676015, 51.442674945961741 ], [ 9.161932576482394, 51.418967085537275 ], [ 9.140473366787742, 51.412701087672147 ], [ 9.17438526627206, 51.371408461625734 ], [ 9.156831238504953, 51.356458428208256 ], [ 9.143135473856201, 51.372230422333033 ], [ 9.10165329601063, 51.364356185925999 ], [ 9.128975362507772, 51.344692814189692 ], [ 9.100203209882965, 51.330270567360344 ], [ 9.12673343616575, 51.276781812287119 ], [ 9.092925055804997, 51.266185366957799 ], [ 9.221353596832527, 51.128189219693013 ], [ 9.194934945604572, 51.098975360427225 ], [ 9.159070444932071, 51.09043685984453 ], [ 9.147422682370708, 51.058596834376345 ], [ 9.096754970992743, 51.045831417842386 ], [ 9.095907712188076, 51.023549045540186 ], [ 9.00883437989925, 50.973097846397977 ], [ 9.033810290505363, 50.95448063859569 ], [ 9.025808767504083, 50.937244985700772 ], [ 8.976790839113649, 50.935560741786894 ], [ 8.917196684323947, 50.97098741443088 ], [ 8.90584537923206, 50.951250432862189 ], [ 8.849647208619183, 50.964254657170606 ], [ 8.783250521655082, 50.956877543888048 ], [ 8.766024739865973, 50.978573041352348 ], [ 8.731827657370332, 50.964621779332802 ], [ 8.706145620628591, 50.993828846728789 ], [ 8.673136925245572, 50.996706815993228 ], [ 8.647063752359658, 50.981169029908337 ], [ 8.656312012622118, 50.971604540811853 ], [ 8.597280372746917, 50.949283476049551 ], [ 8.495351900684765, 50.96084367409081 ], [ 8.47336820906431, 50.975035366899718 ], [ 8.538782177829907, 51.019448429880114 ], [ 8.505143530005844, 51.04143322032796 ], [ 8.527572852101876, 51.062894133457917 ], [ 8.508022759755816, 51.085387512880132 ], [ 8.551019821510472, 51.102764242770448 ], [ 8.656632492158936, 51.094903198947428 ], [ 8.719056476766177, 51.109912026581618 ], [ 8.69216180382957, 51.132834140086352 ], [ 8.758214361652346, 51.177181727587346 ], [ 8.749501813257673, 51.197731699326447 ], [ 8.768194375923068, 51.208873682507495 ], [ 8.741697464168986, 51.218423260651711 ], [ 8.721997745317848, 51.273743804357188 ], [ 8.597289964930605, 51.24717937805115 ], [ 8.556347796302445, 51.277494750604106 ], [ 8.565056998120507, 51.286665802500941 ], [ 8.688922175013973, 51.375761360769758 ], [ 8.939502003481349, 51.389499022078219 ], [ 8.948108681852986, 51.428218886396003 ], [ 8.918786787592291, 51.430285428183097 ], [ 8.890376607210866, 51.481928276399863 ], [ 9.02331019430347, 51.512700310739923 ] ] ] } },
{ "type": "Feature", "properties": { "ags": "06636" }, "geometry": { "type": "Polygon", "coordinates": [ [ [ 9.909136142055241, 51.413893844229875 ], [ 9.931109065117644, 51.392733227858002 ], [ 9.94020221312287, 51.306580719747792 ], [ 9.969853098262595, 51.300271137089759 ], [ 9.972977323490795, 51.28435115484185 ], [ 10.059916187034757, 51.275865487294055 ], [ 10.046969080912151, 51.253425736356093 ], [ 10.078995133467888, 51.242780926114818 ], [ 10.072381843009696, 51.224780497165369 ], [ 10.138401765511425, 51.220135272177622 ], [ 10.235776989608118, 51.186695161008188 ], [ 10.207323426943784, 51.164917046863188 ], [ 10.199959022233747, 51.112972075376327 ], [ 10.16873864962043, 51.153267719868566 ], [ 10.118321564211671, 51.139573005210195 ], [ 10.174630971765101, 51.116867458500217 ], [ 10.140590157106171, 51.058491387444263 ], [ 10.21518573555235, 51.026419350341747 ], [ 10.190785759421946, 50.999067884375663 ], [ 10.144184377249347, 50.993959281697073 ], [ 10.120842834435777, 51.011700740046599 ], [ 10.050855793824091, 51.013134602287025 ], [ 10.021558650049467, 50.992949363867638 ], [ 9.990317055935925, 50.995448236747571 ], [ 9.99810315193017, 51.029600913186798 ], [ 9.934603406093318, 51.052263221532165 ], [ 9.866019531643678, 51.048710932434169 ], [ 9.822982654069573, 51.084759895670345 ], [ 9.777532954732347, 51.083158287902592 ], [ 9.775438224635051, 51.144914509453223 ], [ 9.73126302349983, 51.144254433294776 ], [ 9.685285523813798, 51.185062702434777 ], [ 9.624978702857547, 51.192815183512302 ], [ 9.673856242383678, 51.216537500314288 ], [ 9.687347513347285, 51.244470616184216 ], [ 9.726032018436955, 51.238875170857391 ], [ 9.759452385445762, 51.260649272421333 ], [ 9.693028267072227, 51.262280129022997 ], [ 9.694675621190214, 51.274708097727029 ], [ 9.645223957498693, 51.278856737976149 ], [ 9.654337849662246, 51.305964712562997 ], [ 9.73425875336941, 51.292482454593028 ], [ 9.768200360398653, 51.306726139793838 ], [ 9.771827462031045, 51.336997856321268 ], [ 9.738247707014422, 51.319428767482094 ], [ 9.702143786862168, 51.364571793636131 ], [ 9.801450106825806, 51.386914687020628 ], [ 9.803510305978872, 51.410400543184302 ], [ 9.840636600754804, 51.402641571695256 ], [ 9.865275915306912, 51.371612731416157 ], [ 9.85074307441576, 51.414413645857238 ], [ 9.878315341110145, 51.404476942998045 ], [ 9.909136142055241, 51.413893844229875 ] ], [ [ 9.714454239107051, 51.27486930096601 ], [ 9.702438583603188, 51.264611935641014 ], [ 9.703831207472259, 51.263694655887122 ], [ 9.714454239107051, 51.27486930096601 ] ] ] } },
{ "type": "Feature", "properties": { "ags": "07111" }, "geometry": { "type": "Polygon", "coordinates": [ [ [ 7.571179383141141, 50.410319086906817 ], [ 7.620631091966481, 50.37155880380115 ], [ 7.657470853139649, 50.382119540139499 ], [ 7.695963727280904, 50.366191433886591 ], [ 7.652192386066438, 50.324685810903716 ], [ 7.590554205136416, 50.325670428204162 ], [ 7.605483880644273, 50.293793917886532 ], [ 7.532759647599784, 50.285713606754442 ], [ 7.515703138322572, 50.30913399617863 ], [ 7.531950452530495, 50.332886835829953 ], [ 7.502763950415997, 50.330372643201642 ], [ 7.484140149114494, 50.362816453719432 ], [ 7.571179383141141, 50.410319086906817 ] ] ] } },
{ "type": "Feature", "properties": { "ags": "07131" }, "geometry": { "type": "Polygon", "coordinates": [ [ [ 7.203786634375948, 50.649660409081861 ], [ 7.2115012778695, 50.591169985510298 ], [ 7.268319943412733, 50.572061947564244 ], [ 7.344388160306942, 50.476613304977228 ], [ 7.287150840113001, 50.450991429343873 ], [ 7.286531159470699, 50.427958432393446 ], [ 7.256123380896841, 50.425051521452389 ], [ 7.257142948377765, 50.412741640359144 ], [ 7.284966411766795, 50.417251427124633 ], [ 7.277726635084791, 50.397046081011325 ], [ 7.225401950422108, 50.414156814205576 ], [ 7.179601150849302, 50.411438417944147 ], [ 7.124673577333009, 50.384178177876223 ], [ 7.124038312804608, 50.405714623806304 ], [ 7.019053865690728, 50.379694158620318 ], [ 7.012690537870129, 50.388752065073511 ], [ 6.971287789031588, 50.328459643504182 ], [ 6.927714488596819, 50.306870507964078 ], [ 6.890771968889114, 50.321613881522524 ], [ 6.792725363107891, 50.326443003454585 ], [ 6.808938801802959, 50.359415458487398 ], [ 6.769311744591538, 50.392747978239029 ], [ 6.78512297491494, 50.420633301475895 ], [ 6.745523503400401, 50.435929556699485 ], [ 6.766624284706871, 50.458643755470433 ], [ 6.744603261072873, 50.472630458955933 ], [ 6.800937204691625, 50.491319166199133 ], [ 6.856785535470473, 50.453218227235119 ], [ 6.901481603326829, 50.469091976925604 ], [ 6.907069078061488, 50.502642344361654 ], [ 6.882098443989948, 50.526949440605044 ], [ 6.929349706911936, 50.533143230186049 ], [ 6.927901086171691, 50.558618624207604 ], [ 6.998096294922775, 50.565049904775208 ], [ 7.056131463859302, 50.606240759084088 ], [ 7.08743103490344, 50.586011948655745 ], [ 7.115121104910466, 50.611786144932303 ], [ 7.1478515864965, 50.600293280070566 ], [ 7.203786634375948, 50.649660409081861 ] ] ] } },
{ "type": "Feature", "properties": { "ags": "07132" }, "geometry": { "type": "Polygon", "coordinates": [ [ [ 7.808788401810993, 50.938804452995221 ], [ 7.851495862599202, 50.9258324087319 ], [ 7.829263584510509, 50.882386620644255 ], [ 7.978313123612254, 50.83331176274902 ], [ 7.964248180564761, 50.783822488048116 ], [ 8.040325987472524, 50.725657091025255 ], [ 8.039689942277981, 50.697375345907005 ], [ 7.976419293534875, 50.675748802584252 ], [ 7.947015149443197, 50.708839345939992 ], [ 7.902630847783975, 50.718805898103909 ], [ 7.883613940688184, 50.679078359407697 ], [ 7.854766482507656, 50.685282881347192 ], [ 7.83641680379244, 50.711809316266311 ], [ 7.814839291551214, 50.703837817948539 ], [ 7.808217814622442, 50.729902528252559 ], [ 7.742885384751518, 50.740070470798692 ], [ 7.695889199469448, 50.704672478307884 ], [ 7.726540095210542, 50.683796441282041 ], [ 7.691532747858096, 50.666794410290692 ], [ 7.703223585906725, 50.622741529825539 ], [ 7.672406654322964, 50.646663035915303 ], [ 7.591743693958289, 50.652522632868923 ], [ 7.571674945875982, 50.645262444653291 ], [ 7.571471481269514, 50.614839292848906 ], [ 7.538738339946476, 50.627313960695226 ], [ 7.558908499011643, 50.598788705170001 ], [ 7.536173298143588, 50.566176900974966 ], [ 7.49538145041867, 50.571938731012814 ], [ 7.450034913333451, 50.61746879235487 ], [ 7.481603142534245, 50.625520184296789 ], [ 7.485429613469086, 50.668043406427557 ], [ 7.439151348829735, 50.711088899807947 ], [ 7.551900377442275, 50.746343144975732 ], [ 7.583311314939461, 50.737908568617264 ], [ 7.599850871450224, 50.765841909905028 ], [ 7.675944869732052, 50.779327684504246 ], [ 7.679510539793002, 50.810046705647594 ], [ 7.661003632451494, 50.820364303334927 ], [ 7.699427106244645, 50.82501145038318 ], [ 7.729342105359269, 50.850522788920557 ], [ 7.762187497101502, 50.845134407096296 ], [ 7.760427260055414, 50.90039394665439 ], [ 7.735459231992552, 50.917765391310972 ], [ 7.808788401810993, 50.938804452995221 ] ] ] } },
{ "type": "Feature", "properties": { "ags": "07133" }, "geometry": { "type": "Polygon", "coordinates": [ [ [ 7.687252662231763, 50.001022873919993 ], [ 7.756361359073805, 49.995594063164162 ], [ 7.820591485913072, 49.953628034928961 ], [ 7.811047126322062, 49.933695557692367 ], [ 7.844612052889859, 49.942953520655152 ], [ 7.898244553997742, 49.930499408975393 ], [ 7.919411730016577, 49.881792040994185 ], [ 7.947704017976903, 49.880557914070593 ], [ 7.968769618271735, 49.854130150843687 ], [ 7.924364031875119, 49.805375611706374 ], [ 7.934571238339668, 49.768022674406133 ], [ 7.919102407163605, 49.753403491085962 ], [ 7.861948500120718, 49.765790429667888 ], [ 7.780444108186026, 49.751235328772331 ], [ 7.766789361085674, 49.764483389944928 ], [ 7.766774430958096, 49.743654552606678 ], [ 7.724406641150988, 49.720708338996666 ], [ 7.721073935389978, 49.671659981648929 ], [ 7.663727081464582, 49.635954563654821 ], [ 7.673589173519753, 49.687907264591352 ], [ 7.658556657874131, 49.701619590656584 ], [ 7.63420864974072, 49.684539392723188 ], [ 7.564914036075496, 49.686033262756411 ], [ 7.539292506149235, 49.713584250847227 ], [ 7.491476941517337, 49.702699720529189 ], [ 7.464163640248275, 49.748126738251855 ], [ 7.440554062064757, 49.735147311861532 ], [ 7.415399861032035, 49.747720365671398 ], [ 7.443632561913895, 49.786762464786769 ], [ 7.404734766328473, 49.80682429916601 ], [ 7.387394700631117, 49.847974993718047 ], [ 7.4121365441642, 49.858046504326218 ], [ 7.424375701787786, 49.840468013328454 ], [ 7.46844370927388, 49.866648647449082 ], [ 7.494205857823711, 49.859976099062735 ], [ 7.630592883363815, 49.935201354631104 ], [ 7.650855492924453, 49.928579104028138 ], [ 7.667056278484741, 49.969216856873928 ], [ 7.707104892678338, 49.979650224441556 ], [ 7.687252662231763, 50.001022873919993 ] ] ] } },
{ "type": "Feature", "properties": { "ags": "07134" }, "geometry": { "type": "Polygon", "coordinates": [ [ [ 7.280874980030799, 49.899459188304604 ], [ 7.293908944371887, 49.878637453677392 ], [ 7.330980132726849, 49.900523749064725 ], [ 7.394316388258812, 49.893283405071493 ], [ 7.396006695598819, 49.821596963226725 ], [ 7.443632561913895, 49.786762464786769 ], [ 7.410050153447895, 49.753067502261501 ], [ 7.440554062064757, 49.735147311861532 ], [ 7.464163640248275, 49.748126738251855 ], [ 7.491476941517337, 49.702699720529189 ], [ 7.525690469934068, 49.705259684891516 ], [ 7.5263038457864, 49.682523140339264 ], [ 7.453759832645263, 49.67398614709299 ], [ 7.425678741389571, 49.653516944680398 ], [ 7.448941380915499, 49.615275883602472 ], [ 7.439787877215783, 49.593986187951288 ], [ 7.363036851146026, 49.595853387923903 ], [ 7.324341753594585, 49.555909438732137 ], [ 7.276622619118771, 49.548623641031966 ], [ 7.26870401224759, 49.584083423673739 ], [ 7.213352544904002, 49.565845812926078 ], [ 7.173713124285774, 49.599068170830002 ], [ 7.087674798636182, 49.599583829757016 ], [ 7.027980123925945, 49.63943828609623 ], [ 7.065124742991575, 49.676921059536376 ], [ 7.044311290948026, 49.689301946817316 ], [ 7.126232496291052, 49.753012627989371 ], [ 7.127882485329752, 49.777405166778927 ], [ 7.262258236210414, 49.853533693277711 ], [ 7.222511102856227, 49.884950322938828 ], [ 7.280874980030799, 49.899459188304604 ] ] ] } },
{ "type": "Feature", "properties": { "ags": "07135" }, "geometry": { "type": "Polygon", "coordinates": [ [ [ 7.074277897983275, 50.27758058414576 ], [ 7.125792922592503, 50.27670851880729 ], [ 7.124548495153205, 50.262985779572411 ], [ 7.17242849589765, 50.281345236226343 ], [ 7.19121303398237, 50.261858215045649 ], [ 7.246036605833962, 50.261221070567856 ], [ 7.315089166447035, 50.220256556818541 ], [ 7.294194565730475, 50.202418237270031 ], [ 7.349871415578472, 50.197353565490964 ], [ 7.363391298513697, 50.21809537945272 ], [ 7.383558572707197, 50.20919919505566 ], [ 7.344692025947677, 50.183549368089139 ], [ 7.373802067089718, 50.177080823446801 ], [ 7.374498726732419, 50.132261761474709 ], [ 7.327451510794473, 50.125193176361066 ], [ 7.31465220509397, 50.135103729711602 ], [ 7.293283188819649, 50.119034318217714 ], [ 7.348582586620314, 50.086450647889031 ], [ 7.340701569856939, 50.063214828979355 ], [ 7.31474081427879, 50.065852487709066 ], [ 7.354303881225318, 50.011818519294366 ], [ 7.286261538555804, 49.993900022645072 ], [ 7.283782978805616, 49.970325323697402 ], [ 7.260518448383645, 49.976285435580508 ], [ 7.242955156801526, 49.959358049600645 ], [ 7.202684666631723, 49.96632284687032 ], [ 7.196535141878953, 49.98639808856823 ], [ 7.146809740642352, 49.990608081919284 ], [ 7.098543456872639, 50.061956563448391 ], [ 7.022679253722655, 50.066732141769485 ], [ 6.978376284953417, 50.086640678241132 ], [ 6.995550469002063, 50.133143183544576 ], [ 6.955603801332545, 50.15789885301578 ], [ 6.972997420580247, 50.174497292005874 ], [ 6.955284279239728, 50.22339377748871 ], [ 6.978841954758539, 50.236767352857655 ], [ 7.007059899848337, 50.21910268544287 ], [ 7.034437187895592, 50.225951409853458 ], [ 7.074277897983275, 50.27758058414576 ] ] ] } },
{ "type": "Feature", "properties": { "ags": "07137" }, "geometry": { "type": "Polygon", "coordinates": [ [ [ 7.350836747102284, 50.468502418205944 ], [ 7.392016378251323, 50.444827057549212 ], [ 7.437836729836247, 50.442369461588036 ], [ 7.48347308658056, 50.41182270470339 ], [ 7.550741047513613, 50.418673124549748 ], [ 7.577900635021557, 50.463498149982755 ], [ 7.616835053291749, 50.460067512376391 ], [ 7.626296985420785, 50.442385259229525 ], [ 7.646824916890517, 50.459815162926361 ], [ 7.631717129820775, 50.44644639532769 ], [ 7.674969314348976, 50.42578001738309 ], [ 7.680986555225489, 50.405614241048688 ], [ 7.647208024046057, 50.398307124719466 ], [ 7.664054295582558, 50.381534815500196 ], [ 7.620631091966481, 50.37155880380115 ], [ 7.571179383141141, 50.410319086906817 ], [ 7.484140149114494, 50.362816453719432 ], [ 7.502763950415997, 50.330372643201642 ], [ 7.531950452530495, 50.332886835829953 ], [ 7.526839199770391, 50.288441830859988 ], [ 7.605483880644273, 50.293793917886532 ], [ 7.651655327724039, 50.254060040404795 ], [ 7.6357263263531, 50.245605791834521 ], [ 7.611564627492996, 50.263413302935611 ], [ 7.569881842033182, 50.254008314781053 ], [ 7.536453573937348, 50.265493407737964 ], [ 7.468783489572274, 50.201230164629514 ], [ 7.427796213744873, 50.213177219349504 ], [ 7.414508813112326, 50.192981327498345 ], [ 7.429701570213032, 50.176153894327953 ], [ 7.398839293187136, 50.160129649976746 ], [ 7.344692025947677, 50.183549368089139 ], [ 7.383558572707197, 50.20919919505566 ], [ 7.363391298513697, 50.21809537945272 ], [ 7.349871415578472, 50.197353565490964 ], [ 7.294194565730475, 50.202418237270031 ], [ 7.315089166447035, 50.220256556818541 ], [ 7.246036605833962, 50.261221070567856 ], [ 7.19121303398237, 50.261858215045649 ], [ 7.17242849589765, 50.281345236226343 ], [ 7.124548495153205, 50.262985779572411 ], [ 7.123254984201695, 50.277304725605156 ], [ 7.077087768768487, 50.270477409141108 ], [ 6.973801719087485, 50.306377644012592 ], [ 7.038251960864057, 50.335173671931081 ], [ 6.981155317566476, 50.35267830843474 ], [ 7.012690537870129, 50.388752065073511 ], [ 7.019053865690728, 50.379694158620318 ], [ 7.124038312804608, 50.405714623806304 ], [ 7.124673577333009, 50.384178177876223 ], [ 7.179601150849302, 50.411438417944147 ], [ 7.225401950422108, 50.414156814205576 ], [ 7.277726635084791, 50.397046081011325 ], [ 7.284966411766795, 50.417251427124633 ], [ 7.257142948377765, 50.412741640359144 ], [ 7.256123380896841, 50.425051521452389 ], [ 7.286531159470699, 50.427958432393446 ], [ 7.307008693756115, 50.466002799117291 ], [ 7.350836747102284, 50.468502418205944 ] ] ] } },
{ "type": "Feature", "properties": { "ags": "07138" }, "geometry": { "type": "MultiPolygon", "coordinates": [ [ [ [ 7.379740423462565, 50.715905674768202 ], [ 7.439151348829735, 50.711088899807947 ], [ 7.484659706905879, 50.669653266604989 ], [ 7.481603142534245, 50.625520184296789 ], [ 7.450034913333451, 50.61746879235487 ], [ 7.49538145041867, 50.571938731012814 ], [ 7.536173298143588, 50.566176900974966 ], [ 7.558908499011643, 50.598788705170001 ], [ 7.538738339946476, 50.627313960695226 ], [ 7.571471481269514, 50.614839292848906 ], [ 7.571674945875982, 50.645262444653291 ], [ 7.591743693958289, 50.652522632868923 ], [ 7.672406654322964, 50.646663035915303 ], [ 7.700820995386307, 50.62291744935898 ], [ 7.665654100675173, 50.5992251649838 ], [ 7.704229132842096, 50.561664035772843 ], [ 7.695519378614982, 50.527957273891829 ], [ 7.668289208679381, 50.518773671497065 ], [ 7.678542768898877, 50.496253458299407 ], [ 7.602722605284091, 50.481873430647909 ], [ 7.550741047513613, 50.418673124549748 ], [ 7.477253589784746, 50.412334785108015 ], [ 7.434926151650195, 50.443534715949042 ], [ 7.381737800571171, 50.449128188683403 ], [ 7.305034876775273, 50.509666684449229 ], [ 7.268319943412733, 50.572061947564244 ], [ 7.210550014551295, 50.592453533647735 ], [ 7.21571589860247, 50.627900813771745 ], [ 7.270054732000503, 50.626427408022842 ], [ 7.358976516752477, 50.649493620391297 ], [ 7.372062797988164, 50.682107064431939 ], [ 7.35713644976854, 50.69790389460811 ], [ 7.379740423462565, 50.715905674768202 ] ], [ [ 7.669459434545359, 50.561122421900144 ], [ 7.680442623919427, 50.56582141957967 ], [ 7.666399290449107, 50.568847335122982 ], [ 7.669459434545359, 50.561122421900144 ] ] ], [ [ [ 7.69554895820501, 50.580082944434025 ], [ 7.71147269569431, 50.594785207894155 ], [ 7.705900019910785, 50.58648377313547 ], [ 7.69554895820501, 50.580082944434025 ] ] ] ] } },
{ "type": "Feature", "properties": { "ags": "07140" }, "geometry": { "type": "Polygon", "coordinates": [ [ [ 7.523485027309863, 50.259831206787013 ], [ 7.611564627492996, 50.263413302935611 ], [ 7.633343999689844, 50.250606616525594 ], [ 7.578641114980908, 50.239345165575578 ], [ 7.640464590508327, 50.204773031157345 ], [ 7.646427210061211, 50.178451440763951 ], [ 7.698945654463302, 50.166954807293003 ], [ 7.737242555210538, 50.134246019953046 ], [ 7.722213188968121, 50.113842763513262 ], [ 7.764844638019937, 50.082590416844944 ], [ 7.664822719379397, 50.03270092733861 ], [ 7.69162451441478, 50.03213029724035 ], [ 7.734630264860943, 49.9986884163621 ], [ 7.687252662231763, 50.001022873919993 ], [ 7.707104892678338, 49.979650224441556 ], [ 7.667056278484741, 49.969216856873928 ], [ 7.650855492924453, 49.928579104028138 ], [ 7.630894856274907, 49.935328897066682 ], [ 7.495555770759725, 49.860434988204283 ], [ 7.46844370927388, 49.866648647449082 ], [ 7.424375701787786, 49.840468013328454 ], [ 7.387038709473353, 49.859688276885123 ], [ 7.396785497130941, 49.888136949405528 ], [ 7.374278393206215, 49.899533352819951 ], [ 7.323505701617098, 49.89929769915878 ], [ 7.293908944371887, 49.878637453677392 ], [ 7.280874980030799, 49.899459188304604 ], [ 7.222511102856227, 49.884950322938828 ], [ 7.211817244670878, 49.900118177457784 ], [ 7.254137933746974, 49.941236639422634 ], [ 7.202684666631723, 49.96632284687032 ], [ 7.283663045210844, 49.97024088766576 ], [ 7.286261538555804, 49.993900022645072 ], [ 7.354303881225318, 50.011818519294366 ], [ 7.31474081427879, 50.065852487709066 ], [ 7.340701569856939, 50.063214828979355 ], [ 7.348582586620314, 50.086450647889031 ], [ 7.293283188819649, 50.119034318217714 ], [ 7.31465220509397, 50.135103729711602 ], [ 7.369136390875783, 50.128828046677896 ], [ 7.37394640008938, 50.1571196629083 ], [ 7.429701570213032, 50.176153894327953 ], [ 7.414508813112326, 50.192981327498345 ], [ 7.427796213744873, 50.213177219349504 ], [ 7.468783489572274, 50.201230164629514 ], [ 7.523485027309863, 50.259831206787013 ] ] ] } },
{ "type": "Feature", "properties": { "ags": "07141" }, "geometry": { "type": "Polygon", "coordinates": [ [ [ 7.944788627578744, 50.398804544530989 ], [ 8.023757274015381, 50.400766224743577 ], [ 8.014559714719068, 50.384525048024436 ], [ 8.059756762325932, 50.375311530963053 ], [ 8.071944285152066, 50.33177292180973 ], [ 8.102677518580629, 50.327017283472806 ], [ 8.12191361656388, 50.277225030607944 ], [ 8.103120829251923, 50.259788842085186 ], [ 8.03589184435709, 50.271192231815689 ], [ 8.02165050095212, 50.258344813072959 ], [ 8.058909586345747, 50.234405641966838 ], [ 8.035444345896554, 50.215661973626723 ], [ 7.990203926795461, 50.238665126310217 ], [ 7.882830210407361, 50.181317486786448 ], [ 7.932942307672294, 50.143884314827837 ], [ 7.93009721730838, 50.103740110562192 ], [ 7.854016101015354, 50.128328785983506 ], [ 7.837194078757723, 50.084128921877081 ], [ 7.803461098942254, 50.084579999681985 ], [ 7.773997184934756, 50.066540104105471 ], [ 7.722904378408557, 50.11270399381187 ], [ 7.738666001486605, 50.129544497341683 ], [ 7.724760950473078, 50.147611371872621 ], [ 7.646427210061211, 50.178451440763951 ], [ 7.640464590508327, 50.204773031157345 ], [ 7.579078729693292, 50.238517700019855 ], [ 7.652398568961744, 50.256518041673971 ], [ 7.589347709690563, 50.323432935499703 ], [ 7.652192386066438, 50.324685810903716 ], [ 7.682397573371662, 50.360015889759637 ], [ 7.697688923813812, 50.351655976447447 ], [ 7.732014209345062, 50.365003649864434 ], [ 7.755972719399275, 50.400684095420971 ], [ 7.750616139595845, 50.38365597208859 ], [ 7.776182606731758, 50.396878834851044 ], [ 7.792044693303137, 50.388051796125396 ], [ 7.775776071867125, 50.355308147590939 ], [ 7.813916875168706, 50.362895889573281 ], [ 7.860216960891906, 50.347474897155259 ], [ 7.880688078109448, 50.377050949636221 ], [ 7.853548845785199, 50.382209394750966 ], [ 7.855629169006633, 50.391782810849975 ], [ 7.885935901918838, 50.383697751016776 ], [ 7.879983521211684, 50.399721273686978 ], [ 7.934320748025998, 50.414784646464234 ], [ 7.944788627578744, 50.398804544530989 ] ] ] } },
{ "type": "Feature", "properties": { "ags": "07143" }, "geometry": { "type": "MultiPolygon", "coordinates": [ [ [ [ 7.720162340985596, 50.731117576814569 ], [ 7.808217814622442, 50.729902528252559 ], [ 7.814839291551214, 50.703837817948539 ], [ 7.83641680379244, 50.711809316266311 ], [ 7.854766482507656, 50.685282881347192 ], [ 7.883613940688184, 50.679078359407697 ], [ 7.902630847783975, 50.718805898103909 ], [ 7.947015149443197, 50.708839345939992 ], [ 7.976419293534875, 50.675748802584252 ], [ 8.099173321031447, 50.703557924617684 ], [ 8.125776742314256, 50.685814049559418 ], [ 8.109687953935644, 50.665155485362241 ], [ 8.140884864978984, 50.630228266848185 ], [ 8.126018672998194, 50.610093137124217 ], [ 8.151592166629063, 50.599370801259347 ], [ 8.117738250027079, 50.534508926513055 ], [ 8.070521467111295, 50.537998157126665 ], [ 8.041611266616234, 50.556993251292745 ], [ 7.992857648355339, 50.522111554686951 ], [ 7.979198225599472, 50.484640870810431 ], [ 8.008110240784829, 50.448799810261328 ], [ 7.975182452221558, 50.437620974947741 ], [ 7.987782203198042, 50.427921599594889 ], [ 7.95384956231165, 50.396646764390447 ], [ 7.934320748025998, 50.414784646464234 ], [ 7.879983521211684, 50.399721273686978 ], [ 7.885935901918838, 50.383697751016776 ], [ 7.855629169006633, 50.391782810849975 ], [ 7.880688078109448, 50.377050949636221 ], [ 7.864988706303352, 50.347440411530876 ], [ 7.813916875168706, 50.362895889573281 ], [ 7.775776071867125, 50.355308147590939 ], [ 7.792044693303137, 50.388051796125396 ], [ 7.776182606731758, 50.396878834851044 ], [ 7.750616139595845, 50.38365597208859 ], [ 7.755972719399275, 50.400684095420971 ], [ 7.737556321859324, 50.369143747920099 ], [ 7.695626798154966, 50.352253941116608 ], [ 7.686472303453364, 50.373540866580498 ], [ 7.644520095257374, 50.388992968221487 ], [ 7.680986555225489, 50.405614241048688 ], [ 7.674969314348976, 50.42578001738309 ], [ 7.631717129820775, 50.44644639532769 ], [ 7.647847308784881, 50.45947131895106 ], [ 7.626296985420785, 50.442385259229525 ], [ 7.594935157431996, 50.469530079937265 ], [ 7.678542768898877, 50.496253458299407 ], [ 7.668289208679381, 50.518773671497065 ], [ 7.695519378614982, 50.527957273891829 ], [ 7.704229132842096, 50.561664035772843 ], [ 7.665654100675173, 50.5992251649838 ], [ 7.703223585906725, 50.622741529825539 ], [ 7.692868058782008, 50.669564094461172 ], [ 7.726276075650365, 50.677690438798713 ], [ 7.695889199469448, 50.704672478307884 ], [ 7.731626914868028, 50.720812570086302 ], [ 7.720162340985596, 50.731117576814569 ] ], [ [ 7.711393253414401, 50.597304427780365 ], [ 7.689717884400262, 50.596175637136547 ], [ 7.698508817656195, 50.580010755405134 ], [ 7.711393253414401, 50.597304427780365 ] ] ], [ [ [ 7.680442623919427, 50.56582141957967 ], [ 7.669713520053384, 50.560894544277346 ], [ 7.666399290449107, 50.568847335122982 ], [ 7.680442623919427, 50.56582141957967 ] ] ] ] } },
{ "type": "Feature", "properties": { "ags": "07211" }, "geometry": { "type": "Polygon", "coordinates": [ [ [ 6.712427721240369, 49.823243308849392 ], [ 6.746388858995256, 49.814330368612779 ], [ 6.700488157551938, 49.801720214968483 ], [ 6.738220792077284, 49.776278477381403 ], [ 6.685564701674095, 49.760700722087272 ], [ 6.713553074908777, 49.760944999990734 ], [ 6.737516039698173, 49.730708045995286 ], [ 6.713318641503021, 49.733830521795333 ], [ 6.713255758014404, 49.717038876685343 ], [ 6.644408968205096, 49.699334713867593 ], [ 6.612874386438938, 49.699384742061071 ], [ 6.617317552548672, 49.72309582436359 ], [ 6.55977911239655, 49.701838412089351 ], [ 6.554235104057933, 49.739764545667086 ], [ 6.61891219003963, 49.764428578132772 ], [ 6.59032901574428, 49.780154548964752 ], [ 6.632632734591918, 49.784925923105263 ], [ 6.673513276468213, 49.853368247804042 ], [ 6.69602788479397, 49.85409045237369 ], [ 6.712427721240369, 49.823243308849392 ] ] ] } },
{ "type": "Feature", "properties": { "ags": "07231" }, "geometry": { "type": "Polygon", "coordinates": [ [ [ 6.860619963628182, 50.129376879560624 ], [ 6.910276528355407, 50.073413371299374 ], [ 6.942481716566812, 50.088671767643454 ], [ 6.95332671700846, 50.079974387236717 ], [ 6.97230257704198, 50.099180933147991 ], [ 7.022679253722655, 50.066732141769485 ], [ 7.098543456872639, 50.061956563448391 ], [ 7.146809740642352, 49.990608081919284 ], [ 7.196535141878953, 49.98639808856823 ], [ 7.22155014075174, 49.948522194874194 ], [ 7.254137933746974, 49.941236639422634 ], [ 7.211817244670878, 49.900118177457784 ], [ 7.262258236210414, 49.853533693277711 ], [ 7.127882485329752, 49.777405166778927 ], [ 7.123922134870388, 49.750701359197272 ], [ 7.004299061504454, 49.672992322746779 ], [ 6.96483492568174, 49.694126480887398 ], [ 6.967102537918592, 49.723292492350943 ], [ 6.875374630491958, 49.779635242812589 ], [ 6.902015337391883, 49.791861788746374 ], [ 6.89757980755164, 49.805770621684914 ], [ 6.946011007339479, 49.80609329253776 ], [ 6.94421410545725, 49.822998631779612 ], [ 6.901134581909591, 49.831807034805344 ], [ 6.871509994775593, 49.879839819363106 ], [ 6.867653874406525, 49.865196051027986 ], [ 6.798436745653036, 49.851485622221603 ], [ 6.762972130913426, 49.891512251580316 ], [ 6.721370570733566, 49.882471019655114 ], [ 6.704547059169693, 49.948153317484284 ], [ 6.681223781930823, 49.964892579066841 ], [ 6.728175892337953, 49.984013504325148 ], [ 6.699146172151355, 50.026136041862216 ], [ 6.718299406486305, 50.043449643358976 ], [ 6.701185342640844, 50.088749829799497 ], [ 6.730110232718462, 50.090661035257021 ], [ 6.755031436160236, 50.117803500378862 ], [ 6.77584638694819, 50.10809668943471 ], [ 6.860619963628182, 50.129376879560624 ] ] ] } },
{ "type": "Feature", "properties": { "ags": "07232" }, "geometry": { "type": "Polygon", "coordinates": [ [ [ 6.327856623697216, 50.32427268039249 ], [ 6.363317312744854, 50.305429035220946 ], [ 6.382575156916244, 50.322045513992165 ], [ 6.425294811827643, 50.32301195221185 ], [ 6.445652973598033, 50.294708193750239 ], [ 6.470612540607869, 50.313537869379985 ], [ 6.479039304745926, 50.283277497540389 ], [ 6.511187529917655, 50.285761167477723 ], [ 6.531609484882124, 50.250544788904101 ], [ 6.5565559422196, 50.252018884417261 ], [ 6.562621629308262, 50.229890920902982 ], [ 6.594176195970156, 50.21789112724101 ], [ 6.589158359966191, 50.195660783363444 ], [ 6.550730950794081, 50.186069540907255 ], [ 6.56519190046056, 50.174214760955714 ], [ 6.548362850063764, 50.145758341101846 ], [ 6.587847553775839, 50.133635715735736 ], [ 6.582800333383851, 50.10931590463538 ], [ 6.637783012025236, 50.117792231438337 ], [ 6.662976197039587, 50.094684808892865 ], [ 6.691812056585806, 50.096253666781287 ], [ 6.718020586544151, 50.045364129444117 ], [ 6.699146172151355, 50.026136041862216 ], [ 6.728175892337953, 49.984013504325148 ], [ 6.681223781930823, 49.964892579066841 ], [ 6.704547059169693, 49.948153317484284 ], [ 6.711624251146285, 49.905472088144727 ], [ 6.693353472899771, 49.917509235250918 ], [ 6.6362595290692, 49.875700312665643 ], [ 6.601358250029793, 49.879689116120858 ], [ 6.606051277489406, 49.892307539654603 ], [ 6.599833710622506, 49.896547754041421 ], [ 6.579564372942903, 49.867410076020228 ], [ 6.525300606272401, 49.853228040460579 ], [ 6.533236906007262, 49.839112290593889 ], [ 6.45364146348109, 49.811353310372958 ], [ 6.401792079700664, 49.819888113463819 ], [ 6.364172103552924, 49.850767360029813 ], [ 6.325907641797269, 49.836550069932144 ], [ 6.311000734944457, 49.869944502177951 ], [ 6.234005911402254, 49.90003236683318 ], [ 6.223907289553273, 49.949939440452482 ], [ 6.197562131283624, 49.948405315660381 ], [ 6.190993858216017, 49.968757375828787 ], [ 6.177785500478134, 49.954034901189367 ], [ 6.112562492875671, 50.059228772666103 ], [ 6.154657554464084, 50.141899718241667 ], [ 6.132113474711165, 50.153553165683697 ], [ 6.139793750232734, 50.169267896218486 ], [ 6.192752034846642, 50.181874008682769 ], [ 6.173757645476538, 50.233324173577977 ], [ 6.21576649873686, 50.257011814364439 ], [ 6.277942724648366, 50.266430726580722 ], [ 6.296116167224465, 50.309014507985658 ], [ 6.327856623697216, 50.32427268039249 ] ] ] } },
{ "type": "Feature", "properties": { "ags": "07233" }, "geometry": { "type": "Polygon", "coordinates": [ [ [ 6.423487222858901, 50.368707330173407 ], [ 6.458919343372703, 50.362011725993121 ], [ 6.451615286676082, 50.336424101635394 ], [ 6.484743817223642, 50.338561068886094 ], [ 6.507121786025929, 50.359877310756396 ], [ 6.603085713942799, 50.388222204695197 ], [ 6.636206238137424, 50.34537215062555 ], [ 6.667350810806357, 50.371967757892364 ], [ 6.699244643630658, 50.336097400345558 ], [ 6.800711449548729, 50.361781336212843 ], [ 6.81162760487357, 50.336817613751244 ], [ 6.792725363107891, 50.326443003454585 ], [ 6.890771968889114, 50.321613881522524 ], [ 6.920080850386516, 50.306632552108901 ], [ 6.987217567297445, 50.35030570134397 ], [ 7.009133417103164, 50.349595860866259 ], [ 7.038251960864057, 50.335173671931081 ], [ 6.976178339083775, 50.303189843263134 ], [ 7.070435275133228, 50.276916917463133 ], [ 7.034437187895592, 50.225951409853458 ], [ 7.007059899848337, 50.21910268544287 ], [ 6.978841954758539, 50.236767352857655 ], [ 6.955284279239728, 50.22339377748871 ], [ 6.972997420580247, 50.174497292005874 ], [ 6.955603801332545, 50.15789885301578 ], [ 6.995550469002063, 50.133143183544576 ], [ 6.983034531474544, 50.099674010887199 ], [ 6.910276528355407, 50.073413371299374 ], [ 6.856728210376101, 50.131504968686379 ], [ 6.77584638694819, 50.10809668943471 ], [ 6.755031436160236, 50.117803500378862 ], [ 6.700302333671025, 50.084525136699028 ], [ 6.637783012025236, 50.117792231438337 ], [ 6.582800333383851, 50.10931590463538 ], [ 6.587847553775839, 50.133635715735736 ], [ 6.548362850063764, 50.145758341101846 ], [ 6.56519190046056, 50.174214760955714 ], [ 6.550730950794081, 50.186069540907255 ], [ 6.589158359966191, 50.195660783363444 ], [ 6.591432498345424, 50.225236019304852 ], [ 6.562621629308262, 50.229890920902982 ], [ 6.553043404483075, 50.253519800543856 ], [ 6.531609484882124, 50.250544788904101 ], [ 6.511187529917655, 50.285761167477723 ], [ 6.479039304745926, 50.283277497540389 ], [ 6.470612540607869, 50.313537869379985 ], [ 6.445652973598033, 50.294708193750239 ], [ 6.420726239186608, 50.313694091397416 ], [ 6.385005839478441, 50.384186657592906 ], [ 6.413042933799396, 50.389485960869095 ], [ 6.423487222858901, 50.368707330173407 ] ] ] } },
{ "type": "Feature", "properties": { "ags": "07235" }, "geometry": { "type": "Polygon", "coordinates": [ [ [ 6.693353472899771, 49.917509235250918 ], [ 6.723857720248216, 49.881175314870696 ], [ 6.762972130913426, 49.891512251580316 ], [ 6.798436745653036, 49.851485622221603 ], [ 6.867653874406525, 49.865196051027986 ], [ 6.872266744912398, 49.879422584311975 ], [ 6.901134581909591, 49.831807034805344 ], [ 6.95022212827388, 49.815571408215703 ], [ 6.942212909168174, 49.804687413100787 ], [ 6.89757980755164, 49.805770621684914 ], [ 6.902015337391883, 49.791861788746374 ], [ 6.875374630491958, 49.779635242812589 ], [ 6.972753032829718, 49.717890530430076 ], [ 6.978312585855216, 49.677630460375234 ], [ 7.044311290948026, 49.689301946817316 ], [ 7.061474414629506, 49.680773019409934 ], [ 7.050778220634149, 49.654608650801904 ], [ 6.985963675671213, 49.620731332823418 ], [ 6.991534823413536, 49.635467873664638 ], [ 6.951395187326005, 49.625119007747621 ], [ 6.940917230562195, 49.634922462161072 ], [ 6.929578000960655, 49.612435207691554 ], [ 6.866435190881097, 49.60865974959917 ], [ 6.835420961222288, 49.582931923198295 ], [ 6.813441978011305, 49.591999117695636 ], [ 6.690446748079092, 49.535203901538594 ], [ 6.652469592145171, 49.551157820934307 ], [ 6.604679365298883, 49.5172591790109 ], [ 6.5639630862887, 49.540557588010813 ], [ 6.517436954295928, 49.527547010631523 ], [ 6.380052620435792, 49.551104770194655 ], [ 6.357852033420347, 49.573820735832953 ], [ 6.421434456378272, 49.62004862211117 ], [ 6.440802901006091, 49.655920259217176 ], [ 6.428219854705096, 49.666872939471375 ], [ 6.507018526591577, 49.712640272648798 ], [ 6.495976813650389, 49.725955761858145 ], [ 6.517162918605007, 49.723595185899725 ], [ 6.5058738467515, 49.789412212401061 ], [ 6.530682151423954, 49.806240322428557 ], [ 6.511375083077231, 49.801792157510178 ], [ 6.476429538707573, 49.822931913705546 ], [ 6.533236906007262, 49.839112290593889 ], [ 6.525300606272401, 49.853228040460579 ], [ 6.579564372942903, 49.867410076020228 ], [ 6.599833710622506, 49.896547754041421 ], [ 6.601358250029793, 49.879689116120858 ], [ 6.6362595290692, 49.875700312665643 ], [ 6.693353472899771, 49.917509235250918 ] ], [ [ 6.690883658189315, 49.857742172609214 ], [ 6.632632734591918, 49.784925923105263 ], [ 6.59032901574428, 49.780154548964752 ], [ 6.61891219003963, 49.764428578132772 ], [ 6.554235104057933, 49.739764545667086 ], [ 6.55977911239655, 49.701838412089351 ], [ 6.617317552548672, 49.72309582436359 ], [ 6.612874386438938, 49.699384742061071 ], [ 6.644408968205096, 49.699334713867593 ], [ 6.713255758014404, 49.717038876685343 ], [ 6.713318641503021, 49.733830521795333 ], [ 6.737516039698173, 49.730708045995286 ], [ 6.713553074908777, 49.760944999990734 ], [ 6.685820765380473, 49.763231780068807 ], [ 6.738220792077284, 49.776278477381403 ], [ 6.700488157551938, 49.801720214968483 ], [ 6.746388858995256, 49.814330368612779 ], [ 6.713546818571301, 49.821149411902475 ], [ 6.690883658189315, 49.857742172609214 ] ] ] } },
{ "type": "Feature", "properties": { "ags": "07311" }, "geometry": { "type": "Polygon", "coordinates": [ [ [ 8.402050195800273, 49.582432923279391 ], [ 8.422700397696541, 49.574192473471399 ], [ 8.423067801124194, 49.541820786108765 ], [ 8.393026542482287, 49.55006378857464 ], [ 8.369113555212353, 49.499378551806906 ], [ 8.309558236524559, 49.48516155949951 ], [ 8.312861614508622, 49.549757762560866 ], [ 8.357661290862278, 49.571068393167693 ], [ 8.385944087969575, 49.565402166854582 ], [ 8.402050195800273, 49.582432923279391 ] ] ] } },
{ "type": "Feature", "properties": { "ags": "07312" }, "geometry": { "type": "Polygon", "coordinates": [ [ [ 7.736151620512987, 49.473704095256885 ], [ 7.778335037865755, 49.490687152873505 ], [ 7.803867860838814, 49.466125229877562 ], [ 7.843550221885533, 49.465469500986977 ], [ 7.858182991120698, 49.45164706216805 ], [ 7.86906688763424, 49.408407979147782 ], [ 7.81523175463768, 49.395705885301119 ], [ 7.847315768072109, 49.361088398799048 ], [ 7.821129201897222, 49.361226495061999 ], [ 7.769689438242531, 49.395157924639342 ], [ 7.694418951621647, 49.384765939398825 ], [ 7.661687623843345, 49.426419143124711 ], [ 7.629880059332664, 49.425181249452088 ], [ 7.63516117932486, 49.446643048442326 ], [ 7.701486451595287, 49.442154405133607 ], [ 7.679623353210642, 49.487267617413934 ], [ 7.703015913807356, 49.49513210491147 ], [ 7.736151620512987, 49.473704095256885 ] ] ] } },
{ "type": "Feature", "properties": { "ags": "07313" }, "geometry": { "type": "MultiPolygon", "coordinates": [ [ [ [ 7.977074085324801, 49.178241920279724 ], [ 7.995211622200693, 49.177928601047483 ], [ 7.992305767026051, 49.169664596094641 ], [ 7.977074085324801, 49.178241920279724 ] ] ], [ [ [ 8.074592408494873, 49.229892990809994 ], [ 8.155756362279845, 49.227576739297753 ], [ 8.157034943256603, 49.206670487744333 ], [ 8.180822806339968, 49.208127708093251 ], [ 8.178041266396233, 49.164684298505918 ], [ 8.110832629383426, 49.1750342815427 ], [ 8.090939886828716, 49.155871386841639 ], [ 8.063970117892721, 49.155747357304115 ], [ 8.070595070753988, 49.18629222096434 ], [ 8.018382426435684, 49.19556186156462 ], [ 8.065371115104575, 49.203539594123754 ], [ 8.057602233284081, 49.221856561804152 ], [ 8.074592408494873, 49.229892990809994 ] ] ], [ [ [ 7.931118996470534, 49.309947724477695 ], [ 7.938736343225274, 49.292813106938389 ], [ 7.964018016927294, 49.295114603832182 ], [ 7.963949510225786, 49.259110851486831 ], [ 7.925572389102808, 49.275491898668321 ], [ 7.946435044987288, 49.280261381895144 ], [ 7.934489493643218, 49.290262916013809 ], [ 7.880695793774673, 49.275591842795571 ], [ 7.868660051835265, 49.28482130071118 ], [ 7.867650048855946, 49.313321949297539 ], [ 7.931118996470534, 49.309947724477695 ] ] ] ] } },
{ "type": "Feature", "properties": { "ags": "07314" }, "geometry": { "type": "Polygon", "coordinates": [ [ [ 8.379422498169001, 49.5389825137445 ], [ 8.423067801124194, 49.541820786108765 ], [ 8.462943966558324, 49.472889090134998 ], [ 8.442690859932403, 49.450239189525604 ], [ 8.477004709612647, 49.441113961433381 ], [ 8.411430306681421, 49.426698076614656 ], [ 8.387382357811207, 49.430767546387202 ], [ 8.357507052585104, 49.471047131417436 ], [ 8.318082568223637, 49.459065294606638 ], [ 8.298116710211456, 49.476820941731923 ], [ 8.369113555212353, 49.499378551806906 ], [ 8.379422498169001, 49.5389825137445 ] ] ] } },
{ "type": "Feature", "properties": { "ags": "07315" }, "geometry": { "type": "Polygon", "coordinates": [ [ [ 8.243452153285059, 50.027957575093289 ], [ 8.343030535223287, 49.940506122236783 ], [ 8.279832948537505, 49.940946224901957 ], [ 8.248748157929526, 49.895401986137614 ], [ 8.224782459001357, 49.909345262658867 ], [ 8.243210891147079, 49.948195991291747 ], [ 8.14855597353576, 49.963884788861058 ], [ 8.1434266970029, 49.979486719858279 ], [ 8.15550952802705, 50.003311189104757 ], [ 8.196414858904008, 50.016836911277359 ], [ 8.190038358453737, 50.035296205809814 ], [ 8.243452153285059, 50.027957575093289 ] ] ] } },
{ "type": "Feature", "properties": { "ags": "07316" }, "geometry": { "type": "Polygon", "coordinates": [ [ [ 8.14130140061663, 49.394996862269892 ], [ 8.223392260080029, 49.379784462277513 ], [ 8.226672881954659, 49.332934934869101 ], [ 8.317406155792009, 49.308121176211529 ], [ 8.198771743838561, 49.29633484298656 ], [ 8.200943152645701, 49.310317552716299 ], [ 8.172632668590921, 49.314792934926892 ], [ 8.012894373625898, 49.321273180653883 ], [ 8.022848255739424, 49.333310541854061 ], [ 7.999564370265795, 49.343794050309597 ], [ 8.095924859589163, 49.361888041978389 ], [ 8.100363771469789, 49.392178899853064 ], [ 8.123063640132392, 49.381247984298255 ], [ 8.14130140061663, 49.394996862269892 ] ] ] } },
{ "type": "Feature", "properties": { "ags": "07317" }, "geometry": { "type": "Polygon", "coordinates": [ [ [ 7.587401201670494, 49.233203434552387 ], [ 7.615490696969281, 49.217977492514329 ], [ 7.673350560812581, 49.228631850464275 ], [ 7.636518550890171, 49.163641749623473 ], [ 7.577363932703632, 49.14133836207705 ], [ 7.594169903356987, 49.173920964093611 ], [ 7.561393903400314, 49.166314973796538 ], [ 7.514249218977085, 49.212006807851971 ], [ 7.587401201670494, 49.233203434552387 ] ] ] } },
{ "type": "Feature", "properties": { "ags": "07318" }, "geometry": { "type": "Polygon", "coordinates": [ [ [ 8.406760750441412, 49.37185094453929 ], [ 8.441972342279493, 49.351253510153057 ], [ 8.448948322194303, 49.366598160932369 ], [ 8.491255960541791, 49.364166530046042 ], [ 8.46917634379483, 49.359279120461352 ], [ 8.450484520975388, 49.323141481196345 ], [ 8.486209573168424, 49.30282173167501 ], [ 8.480506327455338, 49.28593693066243 ], [ 8.403519185654119, 49.305341490817959 ], [ 8.406927021885258, 49.328847346946567 ], [ 8.375421410818726, 49.341980330977492 ], [ 8.406760750441412, 49.37185094453929 ] ] ] } },
{ "type": "Feature", "properties": { "ags": "07319" }, "geometry": { "type": "Polygon", "coordinates": [ [ [ 8.352391385712957, 49.730471737368738 ], [ 8.446377657693111, 49.730799624241385 ], [ 8.365292574370818, 49.699745296277911 ], [ 8.356156959130983, 49.682886344831118 ], [ 8.414773932864625, 49.595052036135712 ], [ 8.351986867441264, 49.607619935036972 ], [ 8.342969202453418, 49.595082214494113 ], [ 8.257055628446816, 49.588271580754039 ], [ 8.241503586201308, 49.646960296260623 ], [ 8.278817249307137, 49.655024938572907 ], [ 8.257590943355758, 49.688682745138259 ], [ 8.34276903519309, 49.682675242446663 ], [ 8.352391385712957, 49.730471737368738 ] ] ] } },
{ "type": "Feature", "properties": { "ags": "07320" }, "geometry": { "type": "Polygon", "coordinates": [ [ [ 7.397038245076857, 49.314702680904439 ], [ 7.409586094421165, 49.285553785150121 ], [ 7.448378468892995, 49.269805742481481 ], [ 7.410041383666014, 49.257701629127027 ], [ 7.401828071921467, 49.233849710948128 ], [ 7.423540425635812, 49.219167638006553 ], [ 7.362212225870963, 49.218309314574611 ], [ 7.320340967355095, 49.189499140905639 ], [ 7.289132351733424, 49.237821135122644 ], [ 7.306515068887679, 49.256140380984036 ], [ 7.324554152233644, 49.248141683212509 ], [ 7.334463166518478, 49.278284890873309 ], [ 7.374717415085761, 49.28290548148086 ], [ 7.397038245076857, 49.314702680904439 ] ] ] } },
{ "type": "Feature", "properties": { "ags": "07331" }, "geometry": { "type": "Polygon", "coordinates": [ [ [ 8.053293222635693, 49.886127793780162 ], [ 8.188001511512329, 49.893562817310496 ], [ 8.214920993305887, 49.853322178650046 ], [ 8.189285714475007, 49.843406727908857 ], [ 8.195131830389103, 49.823596782067753 ], [ 8.233614152847199, 49.82303876160853 ], [ 8.233724365508028, 49.768468107469879 ], [ 8.282179690337406, 49.748534728675033 ], [ 8.312727145998421, 49.783582135012047 ], [ 8.3545493691408, 49.781842051607647 ], [ 8.400054879785451, 49.803674889803929 ], [ 8.424145898023879, 49.767924855600072 ], [ 8.479186194699571, 49.764211915729796 ], [ 8.446377657693111, 49.730799624241385 ], [ 8.352391385712957, 49.730471737368738 ], [ 8.34276903519309, 49.682675242446663 ], [ 8.257590943355758, 49.688682745138259 ], [ 8.278817249307137, 49.655024938572907 ], [ 8.241503586201308, 49.646960296260623 ], [ 8.256195376097693, 49.591260637836783 ], [ 8.233031240008065, 49.588071461894216 ], [ 8.19142904540978, 49.627606665606308 ], [ 8.154103118662892, 49.622993405419528 ], [ 8.154501726529491, 49.658080391099702 ], [ 8.102358781566757, 49.698276719767655 ], [ 8.059333400523272, 49.695134847491055 ], [ 8.018479141320247, 49.71089144545661 ], [ 7.986220651782049, 49.69683377358681 ], [ 7.965783188504396, 49.699007156731057 ], [ 7.975892871759098, 49.717926678150263 ], [ 7.935174389223691, 49.736448049224627 ], [ 7.948613035226074, 49.755754408363593 ], [ 7.918969007955608, 49.742021766687067 ], [ 7.904614506882949, 49.750525331699514 ], [ 7.934571238339668, 49.768022674406133 ], [ 7.924364031875119, 49.805375611706374 ], [ 7.941603804448906, 49.823886683847682 ], [ 8.028198840547933, 49.850297746836524 ], [ 8.064866504407496, 49.87127109516085 ], [ 8.053293222635693, 49.886127793780162 ] ] ] } },
{ "type": "Feature", "properties": { "ags": "07332" }, "geometry": { "type": "Polygon", "coordinates": [ [ [ 8.183276579322847, 49.628853167757875 ], [ 8.233031240008065, 49.588071461894216 ], [ 8.281006984082824, 49.586764107810914 ], [ 8.281691777923424, 49.542784523823691 ], [ 8.256204520758446, 49.536223979611066 ], [ 8.276119671547615, 49.499015459101166 ], [ 8.238791673728763, 49.492081624599734 ], [ 8.271189902864794, 49.478758149739832 ], [ 8.283674340323559, 49.446865455524325 ], [ 8.232727444215822, 49.43340534602104 ], [ 8.298385562251269, 49.369108509885599 ], [ 8.314431330521813, 49.311451615328373 ], [ 8.226672881954659, 49.332934934869101 ], [ 8.223392260080029, 49.379784462277513 ], [ 8.132944024233527, 49.400887692139953 ], [ 8.123063640132392, 49.381247984298255 ], [ 8.100363771469789, 49.392178899853064 ], [ 8.103518267208791, 49.364912086350515 ], [ 8.019452743060601, 49.354792027046088 ], [ 7.936718516390458, 49.308977451133202 ], [ 7.871260074379572, 49.311255165471898 ], [ 7.852397444256562, 49.33402655928019 ], [ 7.831963414020843, 49.323750233155025 ], [ 7.827487098573722, 49.345301160545475 ], [ 7.857086716448055, 49.373463436290763 ], [ 7.947610434791894, 49.389008998483497 ], [ 7.963398640493528, 49.400481967117038 ], [ 7.950881442169801, 49.417134186223969 ], [ 8.0025594551729, 49.434012303033512 ], [ 7.983040996722812, 49.437754549040562 ], [ 7.998763546513541, 49.44328010572864 ], [ 7.995423430938976, 49.451459846444862 ], [ 7.961730167740756, 49.445305618192265 ], [ 7.949601497156351, 49.485663439832607 ], [ 8.008123694757321, 49.497952502165418 ], [ 8.101376461131675, 49.553959823025139 ], [ 8.0869386692984, 49.567237825646572 ], [ 8.115642373912983, 49.604702753573946 ], [ 8.183276579322847, 49.628853167757875 ] ] ] } },
{ "type": "Feature", "properties": { "ags": "07333" }, "geometry": { "type": "Polygon", "coordinates": [ [ [ 7.767705100296368, 49.763542142091474 ], [ 7.780444108186026, 49.751235328772331 ], [ 7.899734073965961, 49.762044444756228 ], [ 7.918969007955608, 49.742021766687067 ], [ 7.948613035226074, 49.755754408363593 ], [ 7.935174389223691, 49.736448049224627 ], [ 7.975892871759098, 49.717926678150263 ], [ 7.965783188504396, 49.699007156731057 ], [ 8.018479141320247, 49.71089144545661 ], [ 8.059333400523272, 49.695134847491055 ], [ 8.102358781566757, 49.698276719767655 ], [ 8.154501726529491, 49.658080391099702 ], [ 8.152376575472738, 49.626875195763894 ], [ 8.089521126507471, 49.576434911233122 ], [ 8.101376461131675, 49.553959823025139 ], [ 8.008123694757321, 49.497952502165418 ], [ 7.956642916455945, 49.493041425435862 ], [ 7.957772057867963, 49.532933825541967 ], [ 7.833615305525615, 49.513326892402191 ], [ 7.834633150422077, 49.530796623539452 ], [ 7.772285435470572, 49.532485486478393 ], [ 7.782840257852636, 49.559242449742527 ], [ 7.741508500582657, 49.578451352507031 ], [ 7.744800780202573, 49.597112852200425 ], [ 7.696266451481823, 49.58866356382147 ], [ 7.696935010546762, 49.619991754346138 ], [ 7.728178901036669, 49.642384500522006 ], [ 7.69908345886235, 49.65754181902723 ], [ 7.73522874569091, 49.697412330539862 ], [ 7.724406641150988, 49.720708338996666 ], [ 7.766774430958096, 49.743654552606678 ], [ 7.767705100296368, 49.763542142091474 ] ] ] } },
{ "type": "Feature", "properties": { "ags": "07334" }, "geometry": { "type": "Polygon", "coordinates": [ [ [ 8.327196237132013, 49.297743034565521 ], [ 8.413072413493213, 49.249816518456548 ], [ 8.386379408504308, 49.228325802032991 ], [ 8.405251527634062, 49.220560780500385 ], [ 8.368431127762731, 49.168052403927774 ], [ 8.358091294359316, 49.097784194121687 ], [ 8.311686690218973, 49.054307173061588 ], [ 8.287596666780804, 48.998427460888053 ], [ 8.232632820043241, 48.96657144550398 ], [ 8.087683835382103, 48.98982019750288 ], [ 8.068659910871304, 48.997750684165794 ], [ 8.076448995273992, 49.033347202820799 ], [ 8.055623884488098, 49.07382263215753 ], [ 8.102366787300708, 49.085300214487177 ], [ 8.118048326353772, 49.131801422225791 ], [ 8.170044688303083, 49.137061661969511 ], [ 8.210627103372294, 49.109056605481683 ], [ 8.223759133292246, 49.12706120598002 ], [ 8.264041201151397, 49.125825267738215 ], [ 8.256135979412283, 49.172700082563701 ], [ 8.216341795927496, 49.171068612599996 ], [ 8.215874711779888, 49.20930578685708 ], [ 8.237846384200449, 49.212927678649223 ], [ 8.231770369572549, 49.260267496012467 ], [ 8.327196237132013, 49.297743034565521 ] ] ] } },
{ "type": "Feature", "properties": { "ags": "07335" }, "geometry": { "type": "Polygon", "coordinates": [ [ [ 7.741575615562201, 49.590363344966683 ], [ 7.782840257852636, 49.559242449742527 ], [ 7.772285435470572, 49.532485486478393 ], [ 7.834633150422077, 49.530796623539452 ], [ 7.833615305525615, 49.513326892402191 ], [ 7.914906612247287, 49.535336290952969 ], [ 7.960460073793945, 49.532319200990976 ], [ 7.951261441979576, 49.461226543690678 ], [ 7.966351132173455, 49.441719124674357 ], [ 7.995423430938976, 49.451459846444862 ], [ 7.983040996722812, 49.437754549040562 ], [ 8.0025594551729, 49.434012303033512 ], [ 7.950881442169801, 49.417134186223969 ], [ 7.950383879283529, 49.390529994988086 ], [ 7.918322543563365, 49.392859831216711 ], [ 7.848753366265445, 49.362204588705474 ], [ 7.81523175463768, 49.395705885301119 ], [ 7.86906688763424, 49.408407979147782 ], [ 7.843550221885533, 49.465469500986977 ], [ 7.81203824348938, 49.46247336226034 ], [ 7.778335037865755, 49.490687152873505 ], [ 7.737701524173148, 49.472941038800279 ], [ 7.703015913807356, 49.49513210491147 ], [ 7.676229656056908, 49.467317549439272 ], [ 7.701486451595287, 49.442154405133607 ], [ 7.63516117932486, 49.446643048442326 ], [ 7.629880059332664, 49.425181249452088 ], [ 7.661687623843345, 49.426419143124711 ], [ 7.694418951621647, 49.384765939398825 ], [ 7.769689438242531, 49.395157924639342 ], [ 7.840510657980671, 49.358904802729185 ], [ 7.827858313390326, 49.317585878719903 ], [ 7.774288058474615, 49.310555013573001 ], [ 7.759317624820889, 49.344999658257471 ], [ 7.669572446515516, 49.332445674294696 ], [ 7.668083275253149, 49.342423238775254 ], [ 7.62783956699352, 49.342064063401203 ], [ 7.603344990763535, 49.376986572906375 ], [ 7.523302585208508, 49.335514988901444 ], [ 7.502883891295166, 49.355953946116621 ], [ 7.486079683641496, 49.339914371890806 ], [ 7.408984142631224, 49.361842890182324 ], [ 7.392535277548866, 49.383256874535128 ], [ 7.410569382282204, 49.423161936413834 ], [ 7.46253866294425, 49.438212400363426 ], [ 7.446195389410007, 49.454543575012714 ], [ 7.478136813941962, 49.497075909996525 ], [ 7.529387460280068, 49.528043159230229 ], [ 7.546631811441174, 49.517632083884301 ], [ 7.584600633629793, 49.529974168620548 ], [ 7.607984559799817, 49.521981191286187 ], [ 7.660937620721659, 49.561572666123865 ], [ 7.639295612913055, 49.57500119468299 ], [ 7.651670002753013, 49.588052868490124 ], [ 7.741575615562201, 49.590363344966683 ] ] ] } },
{ "type": "Feature", "properties": { "ags": "07336" }, "geometry": { "type": "Polygon", "coordinates": [ [ [ 7.536198593810246, 49.713989590653334 ], [ 7.54785376193972, 49.692837884887958 ], [ 7.599680400710016, 49.679807068675373 ], [ 7.658556657874131, 49.701619590656584 ], [ 7.674333836746604, 49.668088566350434 ], [ 7.656855767824864, 49.637744788084504 ], [ 7.726925193783699, 49.649861309964528 ], [ 7.722976086693948, 49.627791169182665 ], [ 7.696935010546762, 49.619991754346138 ], [ 7.696266451481823, 49.58866356382147 ], [ 7.649711134862133, 49.586364023834953 ], [ 7.639295612913055, 49.57500119468299 ], [ 7.660937620721659, 49.561572666123865 ], [ 7.607984559799817, 49.521981191286187 ], [ 7.584600633629793, 49.529974168620548 ], [ 7.546631811441174, 49.517632083884301 ], [ 7.529387460280068, 49.528043159230229 ], [ 7.478136813941962, 49.497075909996525 ], [ 7.446195389410007, 49.454543575012714 ], [ 7.46253866294425, 49.438212400363426 ], [ 7.410856862306154, 49.423412917781924 ], [ 7.404828735914883, 49.377830139382837 ], [ 7.366870347679701, 49.363187450285608 ], [ 7.355817014402018, 49.379770144748228 ], [ 7.289341251839404, 49.388814348609344 ], [ 7.290070229069828, 49.414705288992316 ], [ 7.25024633302028, 49.435177933241683 ], [ 7.30482573921774, 49.472445941706397 ], [ 7.278135696923925, 49.484274794571711 ], [ 7.285688643568949, 49.51690660630257 ], [ 7.309871873966949, 49.523220518033476 ], [ 7.275605222956255, 49.548101930852319 ], [ 7.324341753594585, 49.555909438732137 ], [ 7.363036851146026, 49.595853387923903 ], [ 7.439787877215783, 49.593986187951288 ], [ 7.448941380915499, 49.615275883602472 ], [ 7.425678741389571, 49.653516944680398 ], [ 7.453759832645263, 49.67398614709299 ], [ 7.521901223708611, 49.678805941381505 ], [ 7.536198593810246, 49.713989590653334 ] ] ] } },
{ "type": "Feature", "properties": { "ags": "07337" }, "geometry": { "type": "Polygon", "coordinates": [ [ [ 7.939324407884501, 49.320008802540144 ], [ 8.022848255739424, 49.333310541854061 ], [ 8.012894373625898, 49.321273180653883 ], [ 8.172632668590921, 49.314792934926892 ], [ 8.200943152645701, 49.310317552716299 ], [ 8.196703135061743, 49.296542210338195 ], [ 8.324318373450533, 49.300452823759365 ], [ 8.231770369572549, 49.260267496012467 ], [ 8.237846384200449, 49.212927678649223 ], [ 8.215874711779888, 49.20930578685708 ], [ 8.216341795927496, 49.171068612599996 ], [ 8.256135979412283, 49.172700082563701 ], [ 8.264041201151397, 49.125825267738215 ], [ 8.223759133292246, 49.12706120598002 ], [ 8.210627103372294, 49.109056605481683 ], [ 8.170044688303083, 49.137061661969511 ], [ 8.118048326353772, 49.131801422225791 ], [ 8.102366787300708, 49.085300214487177 ], [ 8.055623884488098, 49.07382263215753 ], [ 8.076448995273992, 49.033347202820799 ], [ 8.06840748634642, 48.999316647124225 ], [ 7.974788940898802, 49.026799536090579 ], [ 7.945138574345406, 49.055406136015158 ], [ 7.913112205414295, 49.040114308941604 ], [ 7.902780613412922, 49.056653653661954 ], [ 7.882807637164155, 49.052228001418882 ], [ 7.9113896646175, 49.115002560836601 ], [ 7.86368519488317, 49.116085571569954 ], [ 7.845714890133928, 49.133184961590935 ], [ 7.862527952688668, 49.156065363415152 ], [ 7.896991564680727, 49.147564819583089 ], [ 7.916699787662688, 49.177920053311382 ], [ 7.888147330303293, 49.190525277256008 ], [ 7.916555057310211, 49.202640912104322 ], [ 7.901471011997969, 49.2327235127566 ], [ 7.865464342702256, 49.234413307377338 ], [ 7.878019998036654, 49.249432620341864 ], [ 7.849190489758628, 49.257352591776005 ], [ 7.826545419799326, 49.245813036164606 ], [ 7.82833607432637, 49.26615542125527 ], [ 7.934489493643218, 49.290262916013809 ], [ 7.946435044987288, 49.280261381895144 ], [ 7.925572389102808, 49.275491898668321 ], [ 7.963949510225786, 49.259110851486831 ], [ 7.964018016927294, 49.295114603832182 ], [ 7.938736343225274, 49.292813106938389 ], [ 7.939324407884501, 49.320008802540144 ] ], [ [ 7.991366343665082, 49.16951757568097 ], [ 7.983282623822054, 49.18159450163872 ], [ 7.977074085324801, 49.178241920279724 ], [ 7.991366343665082, 49.16951757568097 ] ], [ [ 8.150113009268471, 49.229177648651202 ], [ 8.057602233284081, 49.221856561804152 ], [ 8.065371115104575, 49.203539594123754 ], [ 8.018240545208766, 49.192984715770407 ], [ 8.070595070753988, 49.18629222096434 ], [ 8.063970117892721, 49.155747357304115 ], [ 8.090939886828716, 49.155871386841639 ], [ 8.110832629383426, 49.1750342815427 ], [ 8.178041266396233, 49.164684298505918 ], [ 8.180822806339968, 49.208127708093251 ], [ 8.157034943256603, 49.206670487744333 ], [ 8.150113009268471, 49.229177648651202 ] ] ] } },
{ "type": "Feature", "properties": { "ags": "07338" }, "geometry": { "type": "Polygon", "coordinates": [ [ [ 8.353994024779837, 49.607334029962971 ], [ 8.414773932864625, 49.595052036135712 ], [ 8.423488768866596, 49.576114900756941 ], [ 8.402050195800273, 49.582432923279391 ], [ 8.385944087969575, 49.565402166854582 ], [ 8.357661290862278, 49.571068393167693 ], [ 8.312861614508622, 49.549757762560866 ], [ 8.311641517361787, 49.460128457902357 ], [ 8.357507052585104, 49.471047131417436 ], [ 8.399437010871747, 49.42739456250095 ], [ 8.472505640170747, 49.443513736060254 ], [ 8.508242486972087, 49.434493419005811 ], [ 8.496188845489931, 49.402136358294875 ], [ 8.463528357841538, 49.384428915790721 ], [ 8.473231191674012, 49.373364270854765 ], [ 8.500397518447798, 49.389013647651907 ], [ 8.496811190906646, 49.364180495561129 ], [ 8.479772448266619, 49.345956981666269 ], [ 8.46821814838391, 49.358147532524562 ], [ 8.491255960541791, 49.364166530046042 ], [ 8.448948322194303, 49.366598160932369 ], [ 8.441972342279493, 49.351253510153057 ], [ 8.422542515788171, 49.376570865736198 ], [ 8.375421410818726, 49.341980330977492 ], [ 8.406927021885258, 49.328847346946567 ], [ 8.403519185654119, 49.305341490817959 ], [ 8.466985436486485, 49.282975535616409 ], [ 8.413072413493213, 49.249816518456548 ], [ 8.314232426069276, 49.298313309432039 ], [ 8.298385562251269, 49.369108509885599 ], [ 8.233287960381221, 49.430014622487278 ], [ 8.283674340323559, 49.446865455524325 ], [ 8.271189902864794, 49.478758149739832 ], [ 8.238791673728763, 49.492081624599734 ], [ 8.276119671547615, 49.499015459101166 ], [ 8.256204520758446, 49.536223979611066 ], [ 8.281691777923424, 49.542784523823691 ], [ 8.281006984082824, 49.586764107810914 ], [ 8.353994024779837, 49.607334029962971 ] ] ] } },
{ "type": "Feature", "properties": { "ags": "07339" }, "geometry": { "type": "Polygon", "coordinates": [ [ [ 7.766604393720626, 50.081360772085986 ], [ 7.779659194104947, 50.051106612972724 ], [ 7.850557168326726, 50.013937128147177 ], [ 7.887255214212233, 49.971842872216911 ], [ 7.967401579009414, 49.977772907488699 ], [ 8.190038358453737, 50.035296205809814 ], [ 8.204360631039577, 50.026988757040833 ], [ 8.15550952802705, 50.003311189104757 ], [ 8.147092773624324, 49.965249838106139 ], [ 8.243210891147079, 49.948195991291747 ], [ 8.224782459001357, 49.909345262658867 ], [ 8.248748157929526, 49.895401986137614 ], [ 8.279832948537505, 49.940946224901957 ], [ 8.343030535223287, 49.940506122236783 ], [ 8.344010056602844, 49.880109318687154 ], [ 8.383583802434256, 49.855677860012463 ], [ 8.378448621276531, 49.82482008377356 ], [ 8.400054879785451, 49.803674889803929 ], [ 8.3545493691408, 49.781842051607647 ], [ 8.312727145998421, 49.783582135012047 ], [ 8.287305508771464, 49.749129857980627 ], [ 8.233724365508028, 49.768468107469879 ], [ 8.233614152847199, 49.82303876160853 ], [ 8.195131830389103, 49.823596782067753 ], [ 8.189285714475007, 49.843406727908857 ], [ 8.214920993305887, 49.853322178650046 ], [ 8.176915452178346, 49.900007045265085 ], [ 8.053293222635693, 49.886127793780162 ], [ 8.064866504407496, 49.87127109516085 ], [ 7.963556789752188, 49.833101973836492 ], [ 7.96686282069265, 49.857117368176986 ], [ 7.947704017976903, 49.880557914070593 ], [ 7.919411730016577, 49.881792040994185 ], [ 7.898244553997742, 49.930499408975393 ], [ 7.844612052889859, 49.942953520655152 ], [ 7.811047126322062, 49.933695557692367 ], [ 7.817714332346288, 49.956882429763688 ], [ 7.699726692153799, 50.012836540294245 ], [ 7.69162451441478, 50.03213029724035 ], [ 7.664822719379397, 50.03270092733861 ], [ 7.766604393720626, 50.081360772085986 ] ] ] } },
{ "type": "Feature", "properties": { "ags": "07340" }, "geometry": { "type": "Polygon", "coordinates": [ [ [ 7.604440894046361, 49.374785293508118 ], [ 7.624611851423015, 49.344106467208562 ], [ 7.669572446515516, 49.332445674294696 ], [ 7.759317624820889, 49.344999658257471 ], [ 7.775672645651212, 49.310077547357658 ], [ 7.798749351557355, 49.306826684814773 ], [ 7.855598596507829, 49.332922715187649 ], [ 7.872069606664894, 49.283109908809465 ], [ 7.832215071948094, 49.270118098823879 ], [ 7.82590600738182, 49.246845680118611 ], [ 7.849190489758628, 49.257352591776005 ], [ 7.881005811941417, 49.246613052671655 ], [ 7.869205415911551, 49.23160280072927 ], [ 7.901471011997969, 49.2327235127566 ], [ 7.916555057310211, 49.202640912104322 ], [ 7.888147330303293, 49.190525277256008 ], [ 7.916699787662688, 49.177920053311382 ], [ 7.892187636623752, 49.143033928192445 ], [ 7.862527952688668, 49.156065363415152 ], [ 7.845714890133928, 49.133184961590935 ], [ 7.86368519488317, 49.116085571569954 ], [ 7.911088778216972, 49.115499613073176 ], [ 7.880405943193315, 49.055357782229166 ], [ 7.910689599841277, 49.045106414199289 ], [ 7.889131639945341, 49.049040775007668 ], [ 7.866825985748843, 49.032916682654196 ], [ 7.794402496751828, 49.065685670038292 ], [ 7.761087505658369, 49.045515244120104 ], [ 7.631201346142614, 49.054885705658243 ], [ 7.629311381430224, 49.073550781958325 ], [ 7.528677761218643, 49.097091864100889 ], [ 7.489565927506934, 49.13647444209078 ], [ 7.505979072496112, 49.150515443680078 ], [ 7.49398430978139, 49.169364083374234 ], [ 7.43446110777566, 49.164767752168046 ], [ 7.4456466788918, 49.184151028764177 ], [ 7.365142560313078, 49.171836317776197 ], [ 7.362667863495106, 49.158388645711341 ], [ 7.321208562922945, 49.188517225647132 ], [ 7.362212225870963, 49.218309314574611 ], [ 7.422595617561276, 49.218474760793356 ], [ 7.401828071921467, 49.233849710948128 ], [ 7.410041383666014, 49.257701629127027 ], [ 7.448273017755578, 49.269082642999372 ], [ 7.408618657952368, 49.286472500664694 ], [ 7.406039828546281, 49.316188245661017 ], [ 7.377716038456636, 49.31874136550082 ], [ 7.403773228200992, 49.346115367869608 ], [ 7.3933519277823, 49.363479166134937 ], [ 7.486079683641496, 49.339914371890806 ], [ 7.502883891295166, 49.355953946116621 ], [ 7.523302585208508, 49.335514988901444 ], [ 7.572386287368768, 49.372220441935717 ], [ 7.604440894046361, 49.374785293508118 ] ], [ [ 7.566994904171374, 49.232176840013693 ], [ 7.514912068335106, 49.200429413382906 ], [ 7.563780287617413, 49.165225270699153 ], [ 7.594169903356987, 49.173920964093611 ], [ 7.59093845633008, 49.161495624636537 ], [ 7.583948836609331, 49.155192709669741 ], [ 7.577363932703632, 49.14133836207705 ], [ 7.636518550890171, 49.163641749623473 ], [ 7.673350560812581, 49.228631850464275 ], [ 7.615490696969281, 49.217977492514329 ], [ 7.601208547595148, 49.233335880260448 ], [ 7.566994904171374, 49.232176840013693 ] ] ] } },
{ "type": "Feature", "properties": { "ags": "08111" }, "geometry": { "type": "Polygon", "coordinates": [ [ [ 9.225176787571165, 48.866005921583401 ], [ 9.248432864580266, 48.794276346806775 ], [ 9.315387276026605, 48.777983005369606 ], [ 9.214278458331925, 48.731429873856186 ], [ 9.245221137461549, 48.694628950388982 ], [ 9.202245908814204, 48.690150709930265 ], [ 9.083808322923014, 48.715029982242335 ], [ 9.038993798415326, 48.741316644254887 ], [ 9.077892905863385, 48.754801562505889 ], [ 9.08522803041785, 48.833077076769868 ], [ 9.138084473149981, 48.828051240732059 ], [ 9.14094205263404, 48.860773806007785 ], [ 9.190106035411842, 48.847750120624461 ], [ 9.225176787571165, 48.866005921583401 ] ] ] } },
{ "type": "Feature", "properties": { "ags": "08115" }, "geometry": { "type": "Polygon", "coordinates": [ [ [ 8.938023122666955, 48.86638984422617 ], [ 8.965904606362445, 48.829815103513091 ], [ 9.043103182356761, 48.821128167357685 ], [ 9.030219727421057, 48.79943368140637 ], [ 9.068066717859384, 48.749268447398848 ], [ 9.038993798415326, 48.741316644254887 ], [ 9.104720496584658, 48.709079453024955 ], [ 9.112247486217035, 48.691273428632996 ], [ 9.085295227935816, 48.675231037912724 ], [ 9.127828936617604, 48.676619258292526 ], [ 9.17410852405858, 48.63278070483149 ], [ 9.143859654676254, 48.617932715562219 ], [ 9.151229520168403, 48.604055288609018 ], [ 9.121477885796384, 48.600367591722062 ], [ 9.096610445148178, 48.621882709511041 ], [ 9.079150174230456, 48.58877370298547 ], [ 9.052052588554302, 48.593243691962599 ], [ 9.034799541550026, 48.576853112883732 ], [ 8.951754043240959, 48.587894537504333 ], [ 8.945204057402373, 48.567539163729542 ], [ 8.889811188526961, 48.564472286702205 ], [ 8.886959636146058, 48.541803002532852 ], [ 8.850947222329568, 48.537196751655017 ], [ 8.864937568248298, 48.516236366186369 ], [ 8.83906848371481, 48.49901034626695 ], [ 8.755680298847253, 48.525078314044784 ], [ 8.773340862597259, 48.549864810964898 ], [ 8.748469543528225, 48.604935021654015 ], [ 8.794885838195588, 48.594325503580933 ], [ 8.79873096298064, 48.658625021854228 ], [ 8.851488790839358, 48.684813696806096 ], [ 8.878631015191267, 48.724773041937851 ], [ 8.829202955293205, 48.736472164086535 ], [ 8.835453573966262, 48.754097680681568 ], [ 8.799952235250561, 48.774951653152506 ], [ 8.833067723343772, 48.797887521166281 ], [ 8.897864270562653, 48.79879428811487 ], [ 8.900797604867741, 48.81937967503621 ], [ 8.87211243676178, 48.817176066306772 ], [ 8.873033645933855, 48.83691755364385 ], [ 8.938023122666955, 48.86638984422617 ] ] ] } },
{ "type": "Feature", "properties": { "ags": "08116" }, "geometry": { "type": "MultiPolygon", "coordinates": [ [ [ [ 9.164320851073306, 48.604366687068136 ], [ 9.171596320039553, 48.598609476403233 ], [ 9.163876259778483, 48.597545819047077 ], [ 9.164320851073306, 48.604366687068136 ] ] ], [ [ [ 9.390764779444044, 48.788203981257318 ], [ 9.416802470296803, 48.757478263425995 ], [ 9.445156544887698, 48.77754431220945 ], [ 9.492739415833663, 48.76731853158369 ], [ 9.510548704525402, 48.750623970080284 ], [ 9.487038252566142, 48.726866606855808 ], [ 9.492059900219155, 48.666250848499885 ], [ 9.554857123265062, 48.655615703220278 ], [ 9.534769578296105, 48.632896857531378 ], [ 9.595667918468271, 48.612096652116797 ], [ 9.593666849361375, 48.57456218776926 ], [ 9.560695193997304, 48.552075533867637 ], [ 9.58247526328404, 48.539146907296505 ], [ 9.53008469982962, 48.526749176152428 ], [ 9.530859204886303, 48.513644836205245 ], [ 9.50450883169645, 48.526836860244849 ], [ 9.501791628269791, 48.512730001153614 ], [ 9.469637956093289, 48.513154697588931 ], [ 9.489720432956627, 48.530974386476132 ], [ 9.451356714465421, 48.546372963871669 ], [ 9.392951748754799, 48.530966218429228 ], [ 9.339463053348453, 48.549438549485032 ], [ 9.324124260394809, 48.541236953981262 ], [ 9.312321059307264, 48.581218294158788 ], [ 9.295315135635978, 48.565514512498368 ], [ 9.241229415569014, 48.57843912498663 ], [ 9.216239327334888, 48.568034807807678 ], [ 9.205070655588546, 48.60337521960998 ], [ 9.188314656811475, 48.597647143231072 ], [ 9.180025547106505, 48.605328249117058 ], [ 9.151229520168403, 48.604055288609018 ], [ 9.143859654676254, 48.617932715562219 ], [ 9.174158022026417, 48.633367685849983 ], [ 9.154578038527395, 48.657663410518879 ], [ 9.126638143471226, 48.676946311475753 ], [ 9.085295227935816, 48.675231037912724 ], [ 9.112247486217035, 48.691273428632996 ], [ 9.104720496584658, 48.709079453024955 ], [ 9.245221137461549, 48.694628950388982 ], [ 9.213201402305213, 48.729126131587101 ], [ 9.261153244215997, 48.743897526934248 ], [ 9.276146127771804, 48.770128905933191 ], [ 9.384962174808322, 48.769995814846936 ], [ 9.390764779444044, 48.788203981257318 ] ] ] ] } },
{ "type": "Feature", "properties": { "ags": "08117" }, "geometry": { "type": "Polygon", "coordinates": [ [ [ 9.571029196999866, 48.776346204812505 ], [ 9.614525768055985, 48.769290093568458 ], [ 9.737561601456374, 48.776218176126804 ], [ 9.806053813135119, 48.71669888119613 ], [ 9.839099914036321, 48.730257103760316 ], [ 9.902895311047013, 48.716002443854549 ], [ 9.882552990240328, 48.751153589051839 ], [ 9.909501697542296, 48.753952980539083 ], [ 9.93320146586599, 48.730019527305394 ], [ 9.987770331134211, 48.727253742961636 ], [ 9.99247031817184, 48.705422296406446 ], [ 9.962759982729567, 48.697584618018134 ], [ 9.968503210616111, 48.671757752098223 ], [ 9.931825365244418, 48.66743939739905 ], [ 9.920916697592256, 48.648579134984701 ], [ 9.944071590108431, 48.631755381812198 ], [ 9.891873837197185, 48.622470877769096 ], [ 9.880810045020947, 48.598786528047597 ], [ 9.838927294505774, 48.585837912680113 ], [ 9.81398705064384, 48.557926699686583 ], [ 9.726086258217874, 48.562032486302755 ], [ 9.686608561465405, 48.517291135893629 ], [ 9.611222776063277, 48.541458674408602 ], [ 9.58517450999264, 48.536741253012949 ], [ 9.560695193997304, 48.552075533867637 ], [ 9.593666849361375, 48.57456218776926 ], [ 9.595667918468271, 48.612096652116797 ], [ 9.534769578296105, 48.632896857531378 ], [ 9.554857123265062, 48.655615703220278 ], [ 9.492059900219155, 48.666250848499885 ], [ 9.48400712824937, 48.707662340403317 ], [ 9.50704267237921, 48.760467916209443 ], [ 9.547632081695077, 48.740506107774515 ], [ 9.581437274751764, 48.75053069327722 ], [ 9.571029196999866, 48.776346204812505 ] ], [ [ 9.765935651081758, 48.72830321474553 ], [ 9.780991397712945, 48.728734386552247 ], [ 9.777658624810471, 48.733461238799265 ], [ 9.765935651081758, 48.72830321474553 ] ] ] } },
{ "type": "Feature", "properties": { "ags": "08118" }, "geometry": { "type": "MultiPolygon", "coordinates": [ [ [ [ 9.127201855228597, 49.062572549510691 ], [ 9.236047612045995, 49.02034799873266 ], [ 9.282888547157858, 49.043702638415212 ], [ 9.294907279165802, 49.031895329904764 ], [ 9.400211473852133, 49.034735172952459 ], [ 9.325575550420371, 49.000045813520565 ], [ 9.368022987990777, 48.966833170671464 ], [ 9.304430454732884, 48.948414069577254 ], [ 9.374808087866132, 48.909442351537493 ], [ 9.315329992585552, 48.903699413043711 ], [ 9.293963487559264, 48.862679254715047 ], [ 9.259602395868667, 48.86280549215779 ], [ 9.239882188469275, 48.845658617513564 ], [ 9.220590269882488, 48.867248622574635 ], [ 9.190106035411842, 48.847750120624461 ], [ 9.133686683926076, 48.857482844902208 ], [ 9.138084473149981, 48.828051240732059 ], [ 9.087606899640255, 48.835140148094212 ], [ 9.074994744806425, 48.754236753832799 ], [ 9.030219727421057, 48.79943368140637 ], [ 9.043103182356761, 48.821128167357685 ], [ 8.968182917284633, 48.828856985144498 ], [ 8.957494816214613, 48.855501355507855 ], [ 8.926662945202743, 48.868137094699051 ], [ 8.907248045974123, 48.90987931498141 ], [ 8.926421001171249, 48.919724036546015 ], [ 8.900595887712146, 48.923827721460313 ], [ 8.90297772607769, 48.938835269985475 ], [ 8.948180293168893, 48.941852690429791 ], [ 8.945315066512466, 48.96176575048267 ], [ 8.919409455397574, 49.008289823831227 ], [ 8.876031581130333, 49.035169875193098 ], [ 8.973859518068128, 49.041351858512719 ], [ 9.00753023120161, 49.021610042705639 ], [ 9.060165182832391, 49.025527100072104 ], [ 9.06709907530885, 49.046102833280045 ], [ 9.127201855228597, 49.062572549510691 ] ] ], [ [ [ 9.415039038152596, 49.058015898968272 ], [ 9.41239888018641, 49.044569257803111 ], [ 9.383452100420159, 49.04658683564994 ], [ 9.386876172735244, 49.059529316203744 ], [ 9.415039038152596, 49.058015898968272 ] ] ] ] } },
{ "type": "Feature", "properties": { "ags": "08119" }, "geometry": { "type": "Polygon", "coordinates": [ [ [ 9.505429104143294, 49.076054821355108 ], [ 9.57113310725175, 49.047151497935033 ], [ 9.614739476328534, 49.050392501646222 ], [ 9.595762704325944, 49.045779194056841 ], [ 9.61347343276767, 49.035855633204442 ], [ 9.597719185682257, 49.006946014155631 ], [ 9.676276765362159, 48.989572259067081 ], [ 9.6765833106206, 48.971558349426473 ], [ 9.651923177732293, 48.966840547605081 ], [ 9.693308876801352, 48.964017083170873 ], [ 9.695720005965812, 48.946333385758635 ], [ 9.673526020349309, 48.939870587179549 ], [ 9.701695976801101, 48.911847040339936 ], [ 9.745327693095403, 48.899632172031474 ], [ 9.769657722781206, 48.834415723031761 ], [ 9.719792786011503, 48.81420122921125 ], [ 9.707901424343392, 48.828561347547826 ], [ 9.640188444678463, 48.820227359536517 ], [ 9.65178756807398, 48.809770704931964 ], [ 9.619979220911993, 48.788211245166551 ], [ 9.626125238571156, 48.773419999947308 ], [ 9.573990263047339, 48.780202256205797 ], [ 9.581437274751764, 48.75053069327722 ], [ 9.547632081695077, 48.740506107774515 ], [ 9.472714033828099, 48.77495111164211 ], [ 9.435771545244965, 48.775458251928761 ], [ 9.416802470296803, 48.757478263425995 ], [ 9.392678376332915, 48.787854280420099 ], [ 9.386476691489376, 48.770406727633166 ], [ 9.335556997241186, 48.765640752130984 ], [ 9.290006800617544, 48.791633092578635 ], [ 9.251413519412482, 48.792187135845026 ], [ 9.237327462145457, 48.841804366127768 ], [ 9.259602395868667, 48.86280549215779 ], [ 9.293963487559264, 48.862679254715047 ], [ 9.315329992585552, 48.903699413043711 ], [ 9.359213444099296, 48.90528126581443 ], [ 9.378334204568443, 48.915099599413566 ], [ 9.304430454732884, 48.948414069577254 ], [ 9.371475137021006, 48.971422676049819 ], [ 9.325575550420371, 49.000045813520565 ], [ 9.384145703529112, 49.019508944968408 ], [ 9.399535762638164, 49.043984674715453 ], [ 9.435083704994376, 49.047800955678369 ], [ 9.451571419931382, 49.072504833296371 ], [ 9.505429104143294, 49.076054821355108 ] ] ] } },
{ "type": "Feature", "properties": { "ags": "08121" }, "geometry": { "type": "Polygon", "coordinates": [ [ [ 9.117923290441846, 49.209862003854056 ], [ 9.212830070068641, 49.187822862992547 ], [ 9.300539777892331, 49.114320193773615 ], [ 9.253506616287824, 49.103758252277892 ], [ 9.204206113114084, 49.112898020449059 ], [ 9.159958536969631, 49.093517163809594 ], [ 9.13118787498388, 49.125305944343886 ], [ 9.160804299836498, 49.149701672475643 ], [ 9.04450619099738, 49.197373005850494 ], [ 9.10585688532027, 49.195975019613364 ], [ 9.117923290441846, 49.209862003854056 ] ] ] } },
{ "type": "Feature", "properties": { "ags": "08125" }, "geometry": { "type": "Polygon", "coordinates": [ [ [ 9.335126466640585, 49.385237634427483 ], [ 9.355240301934451, 49.366442999992358 ], [ 9.45484875447344, 49.360214658063995 ], [ 9.473401316222141, 49.321575357985473 ], [ 9.519124077462163, 49.311934691081412 ], [ 9.439422593179064, 49.289728294799453 ], [ 9.414277380805826, 49.246036841757828 ], [ 9.452209129644986, 49.220479802615102 ], [ 9.343376839424653, 49.174404022413995 ], [ 9.386557465003921, 49.148798228706127 ], [ 9.431800410134239, 49.151154625440689 ], [ 9.419676684163452, 49.131589808335001 ], [ 9.448119236112754, 49.117863369128948 ], [ 9.437042447675093, 49.095978650450554 ], [ 9.45683019809389, 49.11284891302622 ], [ 9.487828112390645, 49.111635568072117 ], [ 9.484835099111862, 49.137974241418462 ], [ 9.508177137430884, 49.133604566893908 ], [ 9.507513603608766, 49.113880683294404 ], [ 9.527490531620154, 49.108550759631981 ], [ 9.502584477095088, 49.102953831749893 ], [ 9.497278199890427, 49.076242953466021 ], [ 9.451571419931382, 49.072504833296371 ], [ 9.435083704994376, 49.047800955678369 ], [ 9.413837815056015, 49.048127385254027 ], [ 9.411253745612704, 49.063817110828566 ], [ 9.385030380438694, 49.058845276935202 ], [ 9.397560509212679, 49.037596552472309 ], [ 9.294907279165802, 49.031895329904764 ], [ 9.282888547157858, 49.043702638415212 ], [ 9.236047612045995, 49.02034799873266 ], [ 9.118574143672509, 49.064598397871549 ], [ 9.064853222053481, 49.044769615297042 ], [ 9.060165182832391, 49.025527100072104 ], [ 9.00753023120161, 49.021610042705639 ], [ 8.973859518068128, 49.041351858512719 ], [ 8.876031581130333, 49.035169875193098 ], [ 8.864318698871777, 49.071570173206105 ], [ 8.891094821623801, 49.081260845732565 ], [ 8.891526463050448, 49.111477851719876 ], [ 8.869701472267886, 49.131980905065689 ], [ 8.826426108053077, 49.126592401744837 ], [ 8.842161092416587, 49.15021848932151 ], [ 8.817688662726539, 49.157789249669058 ], [ 8.818232824024996, 49.194496909660948 ], [ 8.872847924577988, 49.174387512305465 ], [ 8.896088792931023, 49.182033628913317 ], [ 8.886538751059113, 49.202463902877511 ], [ 8.957253556657051, 49.213058266210233 ], [ 9.005588019631835, 49.24201650643392 ], [ 8.997582042490878, 49.26518488948453 ], [ 9.020581270772873, 49.256718082821202 ], [ 9.042199069692, 49.278161521938408 ], [ 9.021548683423925, 49.298602947775528 ], [ 9.071542331391489, 49.278232466691186 ], [ 9.150749429218168, 49.273998881990209 ], [ 9.131044701576274, 49.293179021951453 ], [ 9.156730807198834, 49.295041573719452 ], [ 9.162100465206988, 49.328910398044108 ], [ 9.197876699261469, 49.326883085808937 ], [ 9.251897325694523, 49.298024942754402 ], [ 9.269130242612208, 49.330323815280323 ], [ 9.315328956289258, 49.357078411494975 ], [ 9.310340392866411, 49.377171469864003 ], [ 9.335126466640585, 49.385237634427483 ] ], [ [ 9.113953396886068, 49.209435184285276 ], [ 9.10585688532027, 49.195975019613364 ], [ 9.04450619099738, 49.197373005850494 ], [ 9.160804299836498, 49.149701672475643 ], [ 9.13118787498388, 49.125305944343886 ], [ 9.159958536969631, 49.093517163809594 ], [ 9.204206113114084, 49.112898020449059 ], [ 9.253506616287824, 49.103758252277892 ], [ 9.300539777892331, 49.114320193773615 ], [ 9.212830070068641, 49.187822862992547 ], [ 9.113953396886068, 49.209435184285276 ] ] ] } },
{ "type": "Feature", "properties": { "ags": "08126" }, "geometry": { "type": "Polygon", "coordinates": [ [ [ 9.619026432329186, 49.430089688213577 ], [ 9.671522675709269, 49.406971524140474 ], [ 9.705202019158325, 49.417847609751902 ], [ 9.712203243888251, 49.398770931146089 ], [ 9.774585635088457, 49.393558359578456 ], [ 9.800002312369301, 49.407600035831521 ], [ 9.811251138392487, 49.388453889458667 ], [ 9.830432865085415, 49.394470899207484 ], [ 9.8576625539896, 49.363926476632862 ], [ 9.840706778494877, 49.308765372108454 ], [ 9.860396262713049, 49.29001527410486 ], [ 9.819953339384712, 49.280035633533039 ], [ 9.815142220471374, 49.25869593419808 ], [ 9.757674588944649, 49.245647137197089 ], [ 9.764989246558528, 49.224627794767379 ], [ 9.733316481223495, 49.224010769005716 ], [ 9.747624763680541, 49.197704919729759 ], [ 9.696787234294199, 49.18986957191396 ], [ 9.649857884667666, 49.129569825031609 ], [ 9.607721656091579, 49.136978158119618 ], [ 9.610854085437822, 49.146286258826372 ], [ 9.605991948914623, 49.152284422846733 ], [ 9.579577569485, 49.133305294626702 ], [ 9.613106430858354, 49.119246205367432 ], [ 9.609482231156942, 49.105472730399754 ], [ 9.553557924012273, 49.133349402495014 ], [ 9.535815779034918, 49.101957210433625 ], [ 9.491775353730599, 49.139800023565499 ], [ 9.487828112390645, 49.111635568072117 ], [ 9.45683019809389, 49.11284891302622 ], [ 9.437042447675093, 49.095978650450554 ], [ 9.448119236112754, 49.117863369128948 ], [ 9.419676684163452, 49.131589808335001 ], [ 9.431800410134239, 49.151154625440689 ], [ 9.386557465003921, 49.148798228706127 ], [ 9.343376839424653, 49.174404022413995 ], [ 9.452209129644986, 49.220479802615102 ], [ 9.414277380805826, 49.246036841757828 ], [ 9.439422593179064, 49.289728294799453 ], [ 9.519691786943838, 49.310410301002904 ], [ 9.471020648901728, 49.324135524710378 ], [ 9.464569447463449, 49.355026924641805 ], [ 9.440470138755289, 49.366255920162807 ], [ 9.446274696595234, 49.390659710779666 ], [ 9.571410692836357, 49.375306640151685 ], [ 9.593832241857456, 49.391808498889844 ], [ 9.570059276084438, 49.416015718446396 ], [ 9.619026432329186, 49.430089688213577 ] ] ] } },
{ "type": "Feature", "properties": { "ags": "08127" }, "geometry": { "type": "Polygon", "coordinates": [ [ [ 10.108309923426564, 49.394880213483347 ], [ 10.124555669428069, 49.356137562109929 ], [ 10.103278410226075, 49.341644384041736 ], [ 10.140101716545114, 49.325576271953167 ], [ 10.132298988220642, 49.30031883740093 ], [ 10.156620294444075, 49.280758908494924 ], [ 10.109875036622016, 49.258298030039576 ], [ 10.133209340813092, 49.25310543389147 ], [ 10.119829081117919, 49.247357973848381 ], [ 10.14013595038791, 49.208889742412772 ], [ 10.124899272642603, 49.199736859051782 ], [ 10.18118266369949, 49.18240668973619 ], [ 10.196814396694469, 49.155762235737761 ], [ 10.2183791107046, 49.163489847698905 ], [ 10.248022909932772, 49.149281106820027 ], [ 10.25694731940624, 49.129050426457432 ], [ 10.204997648173794, 49.09811900149225 ], [ 10.250596709812735, 49.092815123360616 ], [ 10.234169894664303, 49.076362320599422 ], [ 10.264630447997108, 49.061364543585768 ], [ 10.203073618533244, 49.040716128949477 ], [ 10.174757516354713, 49.060863472763508 ], [ 10.114947902145474, 49.036520932500302 ], [ 10.020135640428869, 49.05252427062868 ], [ 9.988458000179239, 49.032874812219461 ], [ 9.981368330393069, 49.0447059020415 ], [ 9.974193219273575, 49.018658688069202 ], [ 9.991533638117597, 49.018776567345945 ], [ 10.014453221347114, 48.981817050139249 ], [ 9.942103360293174, 48.974396517270669 ], [ 9.938174925068152, 48.958537987671981 ], [ 9.914168290189579, 48.967174999344451 ], [ 9.874627187089921, 48.917595878789172 ], [ 9.834887905930316, 48.917919287437329 ], [ 9.844914277394706, 48.934694906139995 ], [ 9.796710185802421, 48.943777387845309 ], [ 9.797067623355442, 48.955841002531344 ], [ 9.758374532384268, 48.95051786821751 ], [ 9.724334498057122, 48.975758835176478 ], [ 9.713407375690862, 48.956191379275715 ], [ 9.651923177732293, 48.966840547605081 ], [ 9.6765833106206, 48.971558349426473 ], [ 9.676276765362159, 48.989572259067081 ], [ 9.597719185682257, 49.006946014155631 ], [ 9.61347343276767, 49.035855633204442 ], [ 9.595762704325944, 49.045779194056841 ], [ 9.614739476328534, 49.050392501646222 ], [ 9.534528403264167, 49.057923601279533 ], [ 9.501413663084048, 49.078213910091598 ], [ 9.502584477095088, 49.102953831749893 ], [ 9.535815779034918, 49.101957210433625 ], [ 9.553557924012273, 49.133349402495014 ], [ 9.609482231156942, 49.105472730399754 ], [ 9.613106430858354, 49.119246205367432 ], [ 9.579577569485, 49.133305294626702 ], [ 9.603406000878923, 49.150841558603148 ], [ 9.645265918074506, 49.12725009562228 ], [ 9.696787234294199, 49.18986957191396 ], [ 9.744731562434763, 49.194844402337189 ], [ 9.754110903820518, 49.211386708537951 ], [ 9.733316481223495, 49.224010769005716 ], [ 9.764989246558528, 49.224627794767379 ], [ 9.757674588944649, 49.245647137197089 ], [ 9.815142220471374, 49.25869593419808 ], [ 9.819953339384712, 49.280035633533039 ], [ 9.860396262713049, 49.29001527410486 ], [ 9.840706778494877, 49.308765372108454 ], [ 9.855564439613619, 49.368367431798973 ], [ 9.923955680778965, 49.37338380340946 ], [ 9.935250078777617, 49.352198167978429 ], [ 9.977510805393711, 49.37753634583472 ], [ 10.03996057091266, 49.369271853420955 ], [ 10.032468637948746, 49.38465966163146 ], [ 10.108309923426564, 49.394880213483347 ] ] ] } },
{ "type": "Feature", "properties": { "ags": "08128" }, "geometry": { "type": "Polygon", "coordinates": [ [ [ 9.64873620306917, 49.791477649905381 ], [ 9.632460374796874, 49.693186098887047 ], [ 9.676147908498365, 49.693347264435921 ], [ 9.677193872396691, 49.71620121280715 ], [ 9.709719303332484, 49.727058056307548 ], [ 9.728511969640264, 49.688376236325958 ], [ 9.79372977244239, 49.731361456687246 ], [ 9.831804629754352, 49.703803317604923 ], [ 9.840933845908303, 49.681616637331665 ], [ 9.822358444275633, 49.664710082987 ], [ 9.872808264811251, 49.610076170038312 ], [ 9.811544997310456, 49.555682630498083 ], [ 9.859309914727428, 49.546044484203485 ], [ 9.875725005103201, 49.578631471236747 ], [ 9.912438199523928, 49.585908402094603 ], [ 9.897989948636395, 49.564070018282386 ], [ 9.92685272110263, 49.551643118699658 ], [ 9.913740586249665, 49.493252988891115 ], [ 9.95188174100557, 49.480364254100508 ], [ 10.018914617440345, 49.485905639223589 ], [ 10.057305790467121, 49.516827845995643 ], [ 10.040019271431747, 49.529010433958717 ], [ 10.083723462512932, 49.543560763117412 ], [ 10.081353762147316, 49.513677648212834 ], [ 10.121323094646582, 49.511046204781501 ], [ 10.099991354512131, 49.491727678976609 ], [ 10.12225183161897, 49.463907839729941 ], [ 10.094741443319418, 49.447898568249855 ], [ 10.133705132565083, 49.437146858548239 ], [ 10.151680497558479, 49.412294461770948 ], [ 10.138638066797547, 49.403095722063377 ], [ 10.16121077775586, 49.390355977128749 ], [ 10.067879093895007, 49.392618380257446 ], [ 10.032468637948746, 49.38465966163146 ], [ 10.03996057091266, 49.369271853420955 ], [ 9.977510805393711, 49.37753634583472 ], [ 9.935250078777617, 49.352198167978429 ], [ 9.923955680778965, 49.37338380340946 ], [ 9.844096136618564, 49.368912925436312 ], [ 9.800002312369301, 49.407600035831521 ], [ 9.748126162190351, 49.394257479865715 ], [ 9.712203243888251, 49.398770931146089 ], [ 9.705202019158325, 49.417847609751902 ], [ 9.63811233956797, 49.413423133662086 ], [ 9.642261622011292, 49.429675116171886 ], [ 9.606402814059935, 49.425798020172294 ], [ 9.549779514812403, 49.449805353383844 ], [ 9.510311060783202, 49.439254781162006 ], [ 9.517378095577715, 49.472182800320645 ], [ 9.494954625780059, 49.502500542154834 ], [ 9.545762962735136, 49.524722492845633 ], [ 9.499369757082597, 49.587380432856456 ], [ 9.511635624125219, 49.602219622677936 ], [ 9.544197494576959, 49.601038683247957 ], [ 9.547451073138815, 49.634346078330971 ], [ 9.405082233913406, 49.666015822654614 ], [ 9.422312961008055, 49.69607938360258 ], [ 9.399960653135052, 49.728840512593059 ], [ 9.357409236277622, 49.704288292737466 ], [ 9.344030942141142, 49.71861396852286 ], [ 9.374211197997028, 49.728002029938175 ], [ 9.295673221444426, 49.740530935556109 ], [ 9.323124375906037, 49.743797269525864 ], [ 9.315683247835194, 49.768328736791283 ], [ 9.37261033699416, 49.778976811882892 ], [ 9.391546883134875, 49.770120605433974 ], [ 9.423866929580745, 49.789466134042506 ], [ 9.45700733837495, 49.769472252911001 ], [ 9.50323240379389, 49.788395362232357 ], [ 9.514512299364608, 49.763786793532994 ], [ 9.546462236927006, 49.766426001270162 ], [ 9.561061822990135, 49.744567215212932 ], [ 9.563406697027121, 49.781376748612992 ], [ 9.64873620306917, 49.791477649905381 ] ] ] } },
{ "type": "Feature", "properties": { "ags": "08135" }, "geometry": { "type": "MultiPolygon", "coordinates": [ [ [ [ 10.240329607131077, 48.506585129280261 ], [ 10.23750668306152, 48.500195839593019 ], [ 10.234691577588357, 48.505341381164413 ], [ 10.240329607131077, 48.506585129280261 ] ] ], [ [ [ 10.151588421320229, 48.787170522032575 ], [ 10.175419197960133, 48.748491164077208 ], [ 10.179611130785434, 48.77686758625839 ], [ 10.220899067394807, 48.783229082428669 ], [ 10.331759656143927, 48.738891427638258 ], [ 10.319046359301632, 48.73178504337632 ], [ 10.357431883577163, 48.729961623224909 ], [ 10.385823375005389, 48.748402688235622 ], [ 10.447883534934498, 48.728044195869586 ], [ 10.461704263005968, 48.735941641322697 ], [ 10.495748779446643, 48.688434265684961 ], [ 10.410638818202274, 48.661033947187178 ], [ 10.437393747647626, 48.693101879799912 ], [ 10.40887135939775, 48.69879250285706 ], [ 10.361128680270037, 48.652826841103831 ], [ 10.337429497339212, 48.689021806492562 ], [ 10.317503170022107, 48.682933763308796 ], [ 10.268706812899538, 48.703547118042906 ], [ 10.259529864328201, 48.654892335874052 ], [ 10.323094951677263, 48.609132703849376 ], [ 10.295230107525086, 48.59977954485619 ], [ 10.314838711738648, 48.526509285710205 ], [ 10.296265003029804, 48.516936357925282 ], [ 10.219673557547157, 48.51210212514961 ], [ 10.187036984390836, 48.558104254953633 ], [ 10.113346370474032, 48.556067106975966 ], [ 10.039992930586912, 48.606817871681102 ], [ 9.964788256276154, 48.59519809595497 ], [ 9.969364013096593, 48.61518907891741 ], [ 9.921296935940029, 48.637133416536209 ], [ 9.931825365244418, 48.66743939739905 ], [ 9.968503210616111, 48.671757752098223 ], [ 9.962759982729567, 48.697584618018134 ], [ 9.99247031817184, 48.705422296406446 ], [ 9.987770331134211, 48.727253742961636 ], [ 10.016002022701626, 48.732884023419352 ], [ 10.016865357369312, 48.762304350127685 ], [ 10.070894382621715, 48.747165648799935 ], [ 10.133946342656255, 48.765970866502457 ], [ 10.151588421320229, 48.787170522032575 ] ] ] ] } },
{ "type": "Feature", "properties": { "ags": "08136" }, "geometry": { "type": "MultiPolygon", "coordinates": [ [ [ [ 9.780991397712945, 48.728734386552247 ], [ 9.765935651081758, 48.72830321474553 ], [ 9.777658624810471, 48.733461238799265 ], [ 9.780991397712945, 48.728734386552247 ] ] ], [ [ [ 10.254748823044295, 49.059452890430833 ], [ 10.251863838642532, 49.039161194353404 ], [ 10.35025658433168, 49.028422071269446 ], [ 10.352157951160487, 49.006002050380587 ], [ 10.401254133925168, 48.986201720973675 ], [ 10.403681378890562, 48.966790255729151 ], [ 10.451372668937577, 48.938660725526773 ], [ 10.437809328014287, 48.93315103974362 ], [ 10.457000572727212, 48.917141425345626 ], [ 10.42132036785509, 48.905762889103038 ], [ 10.453999263720524, 48.887470065989511 ], [ 10.452795141693462, 48.851859522613516 ], [ 10.427415498218449, 48.842988997734231 ], [ 10.449594084039875, 48.825065602112616 ], [ 10.421083752769604, 48.799411567475325 ], [ 10.42368935692145, 48.744234480271359 ], [ 10.319046359301632, 48.73178504337632 ], [ 10.331759656143927, 48.738891427638258 ], [ 10.220899067394807, 48.783229082428669 ], [ 10.179611130785434, 48.77686758625839 ], [ 10.175419197960133, 48.748491164077208 ], [ 10.151588421320229, 48.787170522032575 ], [ 10.133946342656255, 48.765970866502457 ], [ 10.070894382621715, 48.747165648799935 ], [ 10.023500095987982, 48.765444626572389 ], [ 9.997076846546385, 48.7264149257553 ], [ 9.93320146586599, 48.730019527305394 ], [ 9.909501697542296, 48.753952980539083 ], [ 9.882552990240328, 48.751153589051839 ], [ 9.902895311047013, 48.716002443854549 ], [ 9.839099914036321, 48.730257103760316 ], [ 9.806053813135119, 48.71669888119613 ], [ 9.743234694398708, 48.774548135804174 ], [ 9.621372077725423, 48.7759187886153 ], [ 9.65178756807398, 48.809770704931964 ], [ 9.640188444678463, 48.820227359536517 ], [ 9.707901424343392, 48.828561347547826 ], [ 9.719792786011503, 48.81420122921125 ], [ 9.769630272477153, 48.833844435516937 ], [ 9.745327693095403, 48.899632172031474 ], [ 9.701695976801101, 48.911847040339936 ], [ 9.673526020349309, 48.939870587179549 ], [ 9.695720005965812, 48.946333385758635 ], [ 9.693308876801352, 48.964017083170873 ], [ 9.713407375690862, 48.956191379275715 ], [ 9.724334498057122, 48.975758835176478 ], [ 9.758374532384268, 48.95051786821751 ], [ 9.797067623355442, 48.955841002531344 ], [ 9.796710185802421, 48.943777387845309 ], [ 9.844914277394706, 48.934694906139995 ], [ 9.834887905930316, 48.917919287437329 ], [ 9.874627187089921, 48.917595878789172 ], [ 9.914168290189579, 48.967174999344451 ], [ 9.938174925068152, 48.958537987671981 ], [ 9.942103360293174, 48.974396517270669 ], [ 10.014453221347114, 48.981817050139249 ], [ 9.991533638117597, 49.018776567345945 ], [ 9.974193219273575, 49.018658688069202 ], [ 9.981368330393069, 49.0447059020415 ], [ 9.988458000179239, 49.032874812219461 ], [ 10.020135640428869, 49.05252427062868 ], [ 10.114947902145474, 49.036520932500302 ], [ 10.174757516354713, 49.060863472763508 ], [ 10.203073618533244, 49.040716128949477 ], [ 10.254748823044295, 49.059452890430833 ] ] ] ] } },
{ "type": "Feature", "properties": { "ags": "08211" }, "geometry": { "type": "MultiPolygon", "coordinates": [ [ [ [ 8.120605782688838, 48.738881211102608 ], [ 8.114747344153685, 48.741005032401901 ], [ 8.126797819955357, 48.744682108595747 ], [ 8.120605782688838, 48.738881211102608 ] ] ], [ [ [ 8.133191986241545, 48.748597451769719 ], [ 8.132064109761673, 48.752478400609284 ], [ 8.135041350278703, 48.751974931474734 ], [ 8.133191986241545, 48.748597451769719 ] ] ], [ [ [ 8.162567216966723, 48.830369325865526 ], [ 8.167895977974123, 48.841431517965624 ], [ 8.179755752584096, 48.843424844070164 ], [ 8.221553568364522, 48.825977533263341 ], [ 8.254192614315558, 48.79442087011325 ], [ 8.294861500391754, 48.788603412891746 ], [ 8.280112357984134, 48.764827403162457 ], [ 8.315096725124851, 48.740139949955683 ], [ 8.320420258940109, 48.708170940890248 ], [ 8.275289320072167, 48.668625997404312 ], [ 8.236317547024727, 48.667505020408193 ], [ 8.228912211441758, 48.700759284826795 ], [ 8.191869176539537, 48.717468053367341 ], [ 8.108811981470412, 48.727533983343129 ], [ 8.202200268802422, 48.752636667494329 ], [ 8.146454242665724, 48.790049899308684 ], [ 8.192441896714229, 48.834942550196764 ], [ 8.162567216966723, 48.830369325865526 ] ], [ [ 8.218381497356196, 48.717502927041956 ], [ 8.220133205278088, 48.723063135000444 ], [ 8.211607865593566, 48.719576895395697 ], [ 8.218381497356196, 48.717502927041956 ] ], [ [ 8.210928102160496, 48.743981932017157 ], [ 8.204579714699422, 48.736801416345138 ], [ 8.21901687949393, 48.735267396817243 ], [ 8.210928102160496, 48.743981932017157 ] ], [ [ 8.191775645814785, 48.74579861536489 ], [ 8.196676687422567, 48.745729339005123 ], [ 8.195114664847441, 48.747397459439128 ], [ 8.191775645814785, 48.74579861536489 ] ] ], [ [ [ 8.121268362420338, 48.757034675804 ], [ 8.125449042971267, 48.760983523976954 ], [ 8.127194650976461, 48.755226824037031 ], [ 8.121268362420338, 48.757034675804 ] ] ] ] } },
{ "type": "Feature", "properties": { "ags": "08212" }, "geometry": { "type": "Polygon", "coordinates": [ [ [ 8.428876386323095, 49.091179879123146 ], [ 8.448880070545005, 49.050859678657488 ], [ 8.471615163580966, 49.039514294965208 ], [ 8.481740225215988, 49.060878129690231 ], [ 8.519946215530078, 49.031014171274627 ], [ 8.499635651046848, 48.992764160776701 ], [ 8.509496259906303, 48.967259471427731 ], [ 8.542898298057013, 48.959916938184165 ], [ 8.511124737641511, 48.94278256162282 ], [ 8.438983719745565, 48.946215153149311 ], [ 8.439443951095257, 48.97102966429938 ], [ 8.387714693870919, 48.956620536729247 ], [ 8.381231644729464, 48.973944203904828 ], [ 8.329742382249261, 48.991959011349756 ], [ 8.281131668051714, 48.983049598680253 ], [ 8.331265668091037, 49.073886051962482 ], [ 8.408796576144418, 49.062579572271012 ], [ 8.428876386323095, 49.091179879123146 ] ] ] } },
{ "type": "Feature", "properties": { "ags": "08215" }, "geometry": { "type": "MultiPolygon", "coordinates": [ [ [ [ 8.366231026151821, 48.839883908437471 ], [ 8.384802025077422, 48.835667660060984 ], [ 8.376153938211278, 48.830851541215438 ], [ 8.366231026151821, 48.839883908437471 ] ] ], [ [ [ 8.523207265538339, 49.268386859477737 ], [ 8.675135610147111, 49.229726728004223 ], [ 8.72553689853803, 49.237372993355201 ], [ 8.753002026251087, 49.20641131195184 ], [ 8.813381444678271, 49.201789099684483 ], [ 8.817688662726539, 49.157789249669058 ], [ 8.842161092416587, 49.15021848932151 ], [ 8.826426108053077, 49.126592401744837 ], [ 8.870875660466869, 49.131314224768644 ], [ 8.893285437315837, 49.084576076887785 ], [ 8.867155255657547, 49.077180522913928 ], [ 8.877794372645766, 49.058478404628602 ], [ 8.835585405256113, 49.062167759990601 ], [ 8.838833904408148, 49.038168077350321 ], [ 8.755041259427927, 49.045123947816499 ], [ 8.72365315568446, 48.990163091064922 ], [ 8.671897118528932, 48.993358680428479 ], [ 8.660740838009131, 49.007594937077798 ], [ 8.647839563411996, 48.990206240720767 ], [ 8.576856798250162, 48.9896936287495 ], [ 8.538148068201101, 48.95056977396338 ], [ 8.53587426367903, 48.926945255934058 ], [ 8.553881445504336, 48.920325525465309 ], [ 8.518094773617284, 48.899630824470755 ], [ 8.519869127742428, 48.868560201513027 ], [ 8.467530585853956, 48.845203882319822 ], [ 8.493572636448247, 48.820182043449407 ], [ 8.438337983519093, 48.813073017005493 ], [ 8.404856536170824, 48.858751910195004 ], [ 8.361157305474377, 48.851707903050702 ], [ 8.364575839255103, 48.840106765927644 ], [ 8.305667314746151, 48.862568215353924 ], [ 8.295346570404025, 48.912913308803574 ], [ 8.35457465278288, 48.934888881091815 ], [ 8.272235959611676, 48.953268742977983 ], [ 8.258357846446302, 48.968836574391574 ], [ 8.277348961395029, 48.989938939225596 ], [ 8.329742382249261, 48.991959011349756 ], [ 8.381231644729464, 48.973944203904828 ], [ 8.387714693870919, 48.956620536729247 ], [ 8.439443951095257, 48.97102966429938 ], [ 8.438983719745565, 48.946215153149311 ], [ 8.462188573680471, 48.940828906620574 ], [ 8.538193678415734, 48.952086915963861 ], [ 8.499635651046848, 48.992764160776701 ], [ 8.519946215530078, 49.031014171274627 ], [ 8.481740225215988, 49.060878129690231 ], [ 8.471615163580966, 49.039514294965208 ], [ 8.448301298860173, 49.051271960212411 ], [ 8.427260656749816, 49.071714612111094 ], [ 8.43561961763981, 49.091560972097206 ], [ 8.408796576144418, 49.062579572271012 ], [ 8.347921823075287, 49.064628358353517 ], [ 8.339969985232585, 49.080150133705487 ], [ 8.405251527634062, 49.220560780500385 ], [ 8.384803777209195, 49.219627642891318 ], [ 8.392943159057392, 49.238334793733593 ], [ 8.487268219067602, 49.290026630923641 ], [ 8.523207265538339, 49.268386859477737 ] ] ] ] } },
{ "type": "Feature", "properties": { "ags": "08216" }, "geometry": { "type": "MultiPolygon", "coordinates": [ [ [ [ 8.223364281884278, 48.718819769746069 ], [ 8.211607865593566, 48.719576895395697 ], [ 8.220133205278088, 48.723063135000444 ], [ 8.223364281884278, 48.718819769746069 ] ] ], [ [ [ 8.210928102160496, 48.743981932017157 ], [ 8.205618546897044, 48.736239577697923 ], [ 8.201776990185495, 48.742595878753292 ], [ 8.210928102160496, 48.743981932017157 ] ] ], [ [ [ 8.196676687422567, 48.745729339005123 ], [ 8.191775645814785, 48.74579861536489 ], [ 8.195114664847441, 48.747397459439128 ], [ 8.196676687422567, 48.745729339005123 ] ] ], [ [ [ 8.26524636756019, 48.957879997958393 ], [ 8.35457465278288, 48.934888881091815 ], [ 8.295346570404025, 48.912913308803574 ], [ 8.288285422738323, 48.886374128614996 ], [ 8.311315480003861, 48.858585465293707 ], [ 8.359158607633047, 48.84109779397636 ], [ 8.366447589468043, 48.853898524188004 ], [ 8.411999686105862, 48.85322136410813 ], [ 8.417110278424797, 48.830725542542581 ], [ 8.366231026151821, 48.839883908437471 ], [ 8.404174674646898, 48.822277554654931 ], [ 8.39046455215353, 48.803853717969687 ], [ 8.425809075612428, 48.791728201104341 ], [ 8.421754802559642, 48.743588984473256 ], [ 8.462411700807856, 48.764088910709667 ], [ 8.485198283508828, 48.754856194646749 ], [ 8.458274265825368, 48.717132871544457 ], [ 8.467010445394832, 48.700353255421959 ], [ 8.439278192938504, 48.695065114536007 ], [ 8.447519732847017, 48.662049110686496 ], [ 8.429968098503524, 48.644621620554219 ], [ 8.389341231760374, 48.636686142643732 ], [ 8.349437782072442, 48.609569831743137 ], [ 8.356843538990857, 48.600033522735274 ], [ 8.291494533495396, 48.586694942968272 ], [ 8.222006886480132, 48.603227692159017 ], [ 8.247466045105948, 48.602686461742508 ], [ 8.241122189163679, 48.62923203280517 ], [ 8.199713303484671, 48.628371775558243 ], [ 8.139605601838317, 48.656870791930288 ], [ 8.113293497582168, 48.650081812040028 ], [ 8.074353610796347, 48.673449199868941 ], [ 7.979727891676791, 48.687122934506398 ], [ 7.99135425667908, 48.705175184802741 ], [ 7.959630742493039, 48.718581081128335 ], [ 7.972005719672472, 48.75812243337564 ], [ 8.014333371673064, 48.761019616687193 ], [ 8.030278977735064, 48.787372957418178 ], [ 8.09431475946972, 48.808345755207732 ], [ 8.196392617257896, 48.956501102865644 ], [ 8.261284157313501, 48.980916850868532 ], [ 8.26524636756019, 48.957879997958393 ] ], [ [ 8.080961726421016, 48.673062581099174 ], [ 8.077851977989644, 48.67249089781513 ], [ 8.079916077920975, 48.671141324679262 ], [ 8.080961726421016, 48.673062581099174 ] ], [ [ 8.016210396303268, 48.69389274186409 ], [ 8.024663636268054, 48.693370704981589 ], [ 8.015867030759683, 48.695027782615981 ], [ 8.016210396303268, 48.69389274186409 ] ], [ [ 8.043917565084501, 48.697235428237676 ], [ 8.049686913413945, 48.699000477510452 ], [ 8.073506655610345, 48.711427428891419 ], [ 8.062348588040553, 48.711641949386355 ], [ 8.043917565084501, 48.697235428237676 ] ], [ [ 8.118047249696918, 48.738070600377668 ], [ 8.124968076801302, 48.745343630845902 ], [ 8.113724140323781, 48.73967840695196 ], [ 8.118047249696918, 48.738070600377668 ] ], [ [ 8.132064109761673, 48.752478400609284 ], [ 8.133191986241545, 48.748597451769719 ], [ 8.135041350278703, 48.751974931474734 ], [ 8.132064109761673, 48.752478400609284 ] ], [ [ 8.155199852588245, 48.847586762476666 ], [ 8.162567216966723, 48.830369325865526 ], [ 8.192441896714229, 48.834942550196764 ], [ 8.146454242665724, 48.790049899308684 ], [ 8.202200268802422, 48.752636667494329 ], [ 8.108811981470412, 48.727533983343129 ], [ 8.191869176539537, 48.717468053367341 ], [ 8.228912211441758, 48.700759284826795 ], [ 8.236317547024727, 48.667505020408193 ], [ 8.275289320072167, 48.668625997404312 ], [ 8.320420258940109, 48.708170940890248 ], [ 8.315096725124851, 48.740139949955683 ], [ 8.280112357984134, 48.764827403162457 ], [ 8.294861500391754, 48.788603412891746 ], [ 8.254192614315558, 48.79442087011325 ], [ 8.221553568364522, 48.825977533263341 ], [ 8.155199852588245, 48.847586762476666 ] ], [ [ 8.126510024601753, 48.757542607707862 ], [ 8.125449042971267, 48.760983523976954 ], [ 8.121268362420338, 48.757034675804 ], [ 8.126510024601753, 48.757542607707862 ] ] ] ] } },
{ "type": "Feature", "properties": { "ags": "08221" }, "geometry": { "type": "Polygon", "coordinates": [ [ [ 8.74559779826164, 49.459480021733064 ], [ 8.789295062832101, 49.430313275497383 ], [ 8.793744746881954, 49.405294029791385 ], [ 8.768901814439774, 49.379180510628153 ], [ 8.725838532548622, 49.37534284852623 ], [ 8.719225934130337, 49.356342352489328 ], [ 8.65323367595988, 49.353437815557967 ], [ 8.645553807106751, 49.371109838392513 ], [ 8.620378292227064, 49.354122939121893 ], [ 8.601321219024447, 49.365973924335243 ], [ 8.647605896886718, 49.388543287888972 ], [ 8.631699672735108, 49.412585533656909 ], [ 8.611558454252343, 49.405390332441726 ], [ 8.573136546782516, 49.423648548929364 ], [ 8.610233159574181, 49.424654661666573 ], [ 8.628307633266926, 49.442962569562447 ], [ 8.74605073221416, 49.44710534392744 ], [ 8.74559779826164, 49.459480021733064 ] ] ] } },
{ "type": "Feature", "properties": { "ags": "08222" }, "geometry": { "type": "Polygon", "coordinates": [ [ [ 8.472863519843509, 49.585056693364457 ], [ 8.552579372749532, 49.520520348158513 ], [ 8.58337985063967, 49.519418508581893 ], [ 8.587665029617384, 49.501772128704296 ], [ 8.546646124072639, 49.477382875082277 ], [ 8.590068470101045, 49.459535970121657 ], [ 8.573519057212639, 49.415844158164113 ], [ 8.497315944340718, 49.411346935674032 ], [ 8.50445875622057, 49.440140904123417 ], [ 8.442690859932403, 49.450239189525604 ], [ 8.463795388682826, 49.470402658150398 ], [ 8.41458341844455, 49.561983363127837 ], [ 8.422439263083017, 49.583385412977862 ], [ 8.472863519843509, 49.585056693364457 ] ] ] } },
{ "type": "Feature", "properties": { "ags": "08225" }, "geometry": { "type": "Polygon", "coordinates": [ [ [ 9.415311364626032, 49.663010145380014 ], [ 9.547451073138815, 49.634346078330971 ], [ 9.544197494576959, 49.601038683247957 ], [ 9.511635624125219, 49.602219622677936 ], [ 9.499369757082597, 49.587380432856456 ], [ 9.545762962735136, 49.524722492845633 ], [ 9.491559382735847, 49.487922506454943 ], [ 9.516822307237074, 49.473634743724702 ], [ 9.510311060783202, 49.439254781162006 ], [ 9.549779514812403, 49.449805353383844 ], [ 9.600987795471752, 49.431348223214506 ], [ 9.570059276084438, 49.416015718446396 ], [ 9.593832241857456, 49.391808498889844 ], [ 9.571410692836357, 49.375306640151685 ], [ 9.507591223984566, 49.375365013146649 ], [ 9.464676255016025, 49.396947967028012 ], [ 9.426931169269491, 49.357064131268487 ], [ 9.355240301934451, 49.366442999992358 ], [ 9.328427697769783, 49.387543280948911 ], [ 9.251897325694523, 49.298024942754402 ], [ 9.197876699261469, 49.326883085808937 ], [ 9.162100465206988, 49.328910398044108 ], [ 9.156730807198834, 49.295041573719452 ], [ 9.131044701576274, 49.293179021951453 ], [ 9.150749429218168, 49.273998881990209 ], [ 9.0687013641283, 49.27897005053525 ], [ 9.048547550404159, 49.290164695353027 ], [ 9.05070768356094, 49.323004811263004 ], [ 8.970539163318948, 49.342300859647978 ], [ 8.937966286568418, 49.388130993773615 ], [ 8.989364921355596, 49.400357937051552 ], [ 8.990610914210871, 49.423858246962538 ], [ 9.02421872005892, 49.421379132401512 ], [ 9.048496328603123, 49.445438765489378 ], [ 9.024676531350936, 49.471510614395982 ], [ 9.086159386404216, 49.500073218902493 ], [ 9.077059298644407, 49.523127902640674 ], [ 9.099554223860654, 49.526189352425348 ], [ 9.106127382022329, 49.509796065157261 ], [ 9.12641383156719, 49.516945795416987 ], [ 9.084390615336318, 49.5430239529353 ], [ 9.103006166148353, 49.577456012276301 ], [ 9.238701536711403, 49.581291538239604 ], [ 9.285023050570874, 49.614801328709909 ], [ 9.270722601711526, 49.634018564928155 ], [ 9.30408305762046, 49.654944252345551 ], [ 9.343880585023754, 49.644299652205667 ], [ 9.367577759361151, 49.658746057543063 ], [ 9.383570291262661, 49.642826508533396 ], [ 9.415311364626032, 49.663010145380014 ] ] ] } },
{ "type": "Feature", "properties": { "ags": "08226" }, "geometry": { "type": "MultiPolygon", "coordinates": [ [ [ [ 8.69009151292968, 49.623523359869843 ], [ 8.686368561403091, 49.608480434371664 ], [ 8.672139780830511, 49.611194103474432 ], [ 8.697997510347824, 49.599757333565471 ], [ 8.68098934114616, 49.575547927315874 ], [ 8.727711250548202, 49.518338548628407 ], [ 8.798590607416424, 49.511688750134773 ], [ 8.82187400469863, 49.524636470374503 ], [ 8.833855255931406, 49.490683270150853 ], [ 8.89957270824268, 49.503655730186594 ], [ 8.876495013211429, 49.466686032722563 ], [ 8.851932272377041, 49.483588213666764 ], [ 8.826602841923702, 49.469349219822369 ], [ 8.837152293916512, 49.433521896311348 ], [ 8.806587634738657, 49.419200824337885 ], [ 8.814612219720019, 49.396852372056237 ], [ 8.83041350186685, 49.408335856394679 ], [ 8.85313534935181, 49.39596235476148 ], [ 8.900948949268265, 49.443368670479749 ], [ 8.950348719633418, 49.454992882674546 ], [ 8.931879784188087, 49.470636807380266 ], [ 8.954639721707194, 49.482009229220104 ], [ 8.95183248391894, 49.505626233491348 ], [ 9.040756947353691, 49.499069414075016 ], [ 9.064950779110642, 49.529606009696778 ], [ 9.083426413506844, 49.526087198866271 ], [ 9.070151622821733, 49.508680369595119 ], [ 9.086159386404216, 49.500073218902493 ], [ 9.024676531350936, 49.471510614395982 ], [ 9.048496328603123, 49.445438765489378 ], [ 9.02421872005892, 49.421379132401512 ], [ 8.990610914210871, 49.423858246962538 ], [ 8.989364921355596, 49.400357937051552 ], [ 8.937966286568418, 49.388130993773615 ], [ 8.970539163318948, 49.342300859647978 ], [ 9.05070768356094, 49.323004811263004 ], [ 9.04912639296519, 49.292862272070167 ], [ 9.021548683423925, 49.298602947775528 ], [ 9.042199069692, 49.278161521938408 ], [ 9.020581270772873, 49.256718082821202 ], [ 8.997582042490878, 49.26518488948453 ], [ 9.005588019631835, 49.24201650643392 ], [ 8.957253556657051, 49.213058266210233 ], [ 8.886538751059113, 49.202463902877511 ], [ 8.896088792931023, 49.182033628913317 ], [ 8.872847924577988, 49.174387512305465 ], [ 8.813381444678271, 49.201789099684483 ], [ 8.753002026251087, 49.20641131195184 ], [ 8.72553689853803, 49.237372993355201 ], [ 8.683812411461565, 49.228436804539676 ], [ 8.525506630783514, 49.265392311276983 ], [ 8.451273703143345, 49.318984437795521 ], [ 8.500916692475194, 49.3763609837359 ], [ 8.500397518447798, 49.389013647651907 ], [ 8.473231191674012, 49.373364270854765 ], [ 8.465379837722809, 49.387252080773152 ], [ 8.522597789818663, 49.418203607925093 ], [ 8.630752511200756, 49.413532670857307 ], [ 8.647605896886718, 49.388543287888972 ], [ 8.601321219024447, 49.365973924335243 ], [ 8.625675616787547, 49.352159661457343 ], [ 8.645553807106751, 49.371109838392513 ], [ 8.65323367595988, 49.353437815557967 ], [ 8.724157930559523, 49.357446066531423 ], [ 8.725838532548622, 49.37534284852623 ], [ 8.768901814439774, 49.379180510628153 ], [ 8.793744746881954, 49.405294029791385 ], [ 8.754856775928117, 49.459587677888358 ], [ 8.74605073221416, 49.44710534392744 ], [ 8.628307633266926, 49.442962569562447 ], [ 8.610233159574181, 49.424654661666573 ], [ 8.582887274882411, 49.426469478310189 ], [ 8.590068470101045, 49.459535970121657 ], [ 8.546646124072639, 49.477382875082277 ], [ 8.621299695973265, 49.54500988974587 ], [ 8.593888978444102, 49.610946646694806 ], [ 8.677933667396479, 49.625946974549564 ], [ 8.69009151292968, 49.623523359869843 ] ], [ [ 8.676408941157945, 49.619803068124355 ], [ 8.67186358327551, 49.615878134348506 ], [ 8.68597975416453, 49.618355085514544 ], [ 8.685867891015073, 49.621664925993343 ], [ 8.676408941157945, 49.619803068124355 ] ] ], [ [ [ 9.082631682942875, 49.561789203740481 ], [ 9.088190382430216, 49.548740060562707 ], [ 9.073074327949024, 49.574941000231583 ], [ 9.082631682942875, 49.561789203740481 ] ] ], [ [ [ 8.680067486224273, 49.618665101015651 ], [ 8.684052727062204, 49.620222966140979 ], [ 8.683707192487207, 49.619110541503105 ], [ 8.680067486224273, 49.618665101015651 ] ] ] ] } },
{ "type": "Feature", "properties": { "ags": "08231" }, "geometry": { "type": "Polygon", "coordinates": [ [ [ 8.628894026578818, 48.908283613938863 ], [ 8.75880899677426, 48.923081294006487 ], [ 8.757294999646369, 48.899514470591583 ], [ 8.792790367540604, 48.891390872412998 ], [ 8.80860927311392, 48.862503582672431 ], [ 8.77583156527292, 48.852515173827868 ], [ 8.769381869512479, 48.834625567304741 ], [ 8.732063166824414, 48.843826990096055 ], [ 8.74985412016097, 48.830082631692903 ], [ 8.724104874627947, 48.819924285133688 ], [ 8.709179997252221, 48.839737041343646 ], [ 8.658907588749857, 48.834967983749941 ], [ 8.630183974095397, 48.84832571381601 ], [ 8.648759959633384, 48.878782776906611 ], [ 8.628894026578818, 48.908283613938863 ] ] ] } },
{ "type": "Feature", "properties": { "ags": "08235" }, "geometry": { "type": "Polygon", "coordinates": [ [ [ 8.379367005896796, 48.830921781796782 ], [ 8.416624814815679, 48.8353678940354 ], [ 8.438337983519093, 48.813073017005493 ], [ 8.458062986385276, 48.822568270348654 ], [ 8.519797104060316, 48.812878595733643 ], [ 8.537823532359996, 48.784514878014257 ], [ 8.559677066675683, 48.81027025937022 ], [ 8.608747505987409, 48.810413171572193 ], [ 8.612131988968317, 48.827410585660608 ], [ 8.665662863500044, 48.810332564065853 ], [ 8.695785780672246, 48.816571946939391 ], [ 8.69972745044943, 48.837205614163985 ], [ 8.729021824563427, 48.797967703104021 ], [ 8.768804363790942, 48.777147802972479 ], [ 8.80344103941264, 48.778354558854616 ], [ 8.835453573966262, 48.754097680681568 ], [ 8.829202955293205, 48.736472164086535 ], [ 8.878631015191267, 48.724773041937851 ], [ 8.851488790839358, 48.684813696806096 ], [ 8.79873096298064, 48.658625021854228 ], [ 8.794885838195588, 48.594325503580933 ], [ 8.748469543528225, 48.604935021654015 ], [ 8.773340862597259, 48.549864810964898 ], [ 8.755294719677893, 48.526016640662348 ], [ 8.771843455047621, 48.519458628300413 ], [ 8.734115742064141, 48.487104295718943 ], [ 8.693309830016029, 48.484142645192414 ], [ 8.67400517725234, 48.510161175645251 ], [ 8.605618862979172, 48.504864829928934 ], [ 8.604414014964984, 48.525088574685689 ], [ 8.629432037839383, 48.538556271582038 ], [ 8.597616087678253, 48.553956148139761 ], [ 8.559400226160941, 48.549744057208791 ], [ 8.575845407252912, 48.578108796091144 ], [ 8.562505766107117, 48.569070835491758 ], [ 8.404283876499552, 48.636911948447384 ], [ 8.445130545978358, 48.658487450110044 ], [ 8.439278192938504, 48.695065114536007 ], [ 8.467010445394832, 48.700353255421959 ], [ 8.458274265825368, 48.717132871544457 ], [ 8.485198283508828, 48.754856194646749 ], [ 8.462411700807856, 48.764088910709667 ], [ 8.421754802559642, 48.743588984473256 ], [ 8.433392115658146, 48.774491478940789 ], [ 8.39046455215353, 48.803853717969687 ], [ 8.409064608514086, 48.810925422908809 ], [ 8.379367005896796, 48.830921781796782 ] ] ] } },
{ "type": "Feature", "properties": { "ags": "08236" }, "geometry": { "type": "Polygon", "coordinates": [ [ [ 8.844625012779057, 49.062058971100591 ], [ 8.879286600906218, 49.058068199287831 ], [ 8.872444745682552, 49.037200813120805 ], [ 8.919409455397574, 49.008289823831227 ], [ 8.945955402628321, 48.958841985094502 ], [ 8.948180293168893, 48.941852690429791 ], [ 8.90236218823053, 48.93558940724774 ], [ 8.900595887712146, 48.923827721460313 ], [ 8.926421001171249, 48.919724036546015 ], [ 8.907248045974123, 48.90987931498141 ], [ 8.929089907622783, 48.865616589686937 ], [ 8.873033645933855, 48.83691755364385 ], [ 8.871871335603668, 48.817460395763014 ], [ 8.900797604867741, 48.81937967503621 ], [ 8.900150070244171, 48.800500303941398 ], [ 8.833067723343772, 48.797887521166281 ], [ 8.782074790736955, 48.774304646188206 ], [ 8.725730318220592, 48.80029541851971 ], [ 8.698164677664467, 48.83799405303138 ], [ 8.74212256575262, 48.822737812033068 ], [ 8.732063166824414, 48.843826990096055 ], [ 8.769381869512479, 48.834625567304741 ], [ 8.77583156527292, 48.852515173827868 ], [ 8.80860927311392, 48.862503582672431 ], [ 8.792790367540604, 48.891390872412998 ], [ 8.757294999646369, 48.899514470591583 ], [ 8.75880899677426, 48.923081294006487 ], [ 8.725197350684473, 48.929577710186393 ], [ 8.679319896755159, 48.909837955990305 ], [ 8.647683011251786, 48.920184877209465 ], [ 8.628894026578818, 48.908283613938863 ], [ 8.648790380206544, 48.872269881054443 ], [ 8.625697801747393, 48.853512905033263 ], [ 8.693243240363586, 48.83437885518417 ], [ 8.695785780672246, 48.816571946939391 ], [ 8.665662863500044, 48.810332564065853 ], [ 8.612131988968317, 48.827410585660608 ], [ 8.608747505987409, 48.810413171572193 ], [ 8.559677066675683, 48.81027025937022 ], [ 8.530008225418893, 48.784888381173005 ], [ 8.516948413808882, 48.79724594135628 ], [ 8.532994502510565, 48.80385524148641 ], [ 8.467530585853956, 48.845203882319822 ], [ 8.519869127742428, 48.868560201513027 ], [ 8.518094773617284, 48.899630824470755 ], [ 8.553881445504336, 48.920325525465309 ], [ 8.53587426367903, 48.926945255934058 ], [ 8.538148068201101, 48.95056977396338 ], [ 8.574549442818322, 48.988241328734958 ], [ 8.647839563411996, 48.990206240720767 ], [ 8.660740838009131, 49.007594937077798 ], [ 8.671897118528932, 48.993358680428479 ], [ 8.72365315568446, 48.990163091064922 ], [ 8.755041259427927, 49.045123947816499 ], [ 8.829498777486718, 49.036265675596184 ], [ 8.844625012779057, 49.062058971100591 ] ] ] } },
{ "type": "Feature", "properties": { "ags": "08237" }, "geometry": { "type": "Polygon", "coordinates": [ [ [ 8.410710194601615, 48.63816126411951 ], [ 8.562505766107117, 48.569070835491758 ], [ 8.575845407252912, 48.578108796091144 ], [ 8.559400226160941, 48.549744057208791 ], [ 8.597616087678253, 48.553956148139761 ], [ 8.629432037839383, 48.538556271582038 ], [ 8.604414014964984, 48.525088574685689 ], [ 8.605618862979172, 48.504864829928934 ], [ 8.67400517725234, 48.510161175645251 ], [ 8.702235623890257, 48.483874377677616 ], [ 8.734115742064141, 48.487104295718943 ], [ 8.75242458224956, 48.506705614721085 ], [ 8.82133509081657, 48.469224676054608 ], [ 8.769303449609344, 48.43811492625823 ], [ 8.758634505879275, 48.382625371986904 ], [ 8.717766301643167, 48.377799924968329 ], [ 8.675736153104987, 48.400851706641561 ], [ 8.606042956024112, 48.396175366958509 ], [ 8.595963735537044, 48.410984361817356 ], [ 8.510944769246786, 48.404243633914277 ], [ 8.521479227090641, 48.387086225235642 ], [ 8.483937132115077, 48.38205022562871 ], [ 8.500381837263889, 48.356386613928279 ], [ 8.470435085985454, 48.346859902931442 ], [ 8.499532611391174, 48.319905874428279 ], [ 8.444734078036701, 48.301116404807452 ], [ 8.433190000351312, 48.322027601802894 ], [ 8.359798803723148, 48.33838203696974 ], [ 8.353552606674501, 48.381812821393524 ], [ 8.328560128858367, 48.386954663627343 ], [ 8.303991927136499, 48.349094721376254 ], [ 8.253273839116593, 48.362921646550987 ], [ 8.264012972528738, 48.37927591517316 ], [ 8.233000801249485, 48.401827268239728 ], [ 8.254627557457139, 48.413927210435375 ], [ 8.275435398967835, 48.477856321413952 ], [ 8.211038452392147, 48.521926615349201 ], [ 8.212680617635291, 48.558278317266577 ], [ 8.236917156296634, 48.577826867055428 ], [ 8.207048178420793, 48.602865247192312 ], [ 8.319626848164237, 48.588782132545553 ], [ 8.410710194601615, 48.63816126411951 ] ] ] } },
{ "type": "Feature", "properties": { "ags": "08311" }, "geometry": { "type": "Polygon", "coordinates": [ [ [ 7.815017488639548, 48.071111956777131 ], [ 7.898258984440883, 48.015859626333949 ], [ 7.873933616525114, 48.015365230916082 ], [ 7.928326251185791, 48.010735066025198 ], [ 7.924728693263392, 47.939991947429604 ], [ 7.884969989836223, 47.904207145166112 ], [ 7.862465118549986, 47.915376210084425 ], [ 7.879018605107513, 47.948583604909039 ], [ 7.836621822460985, 47.97263537170852 ], [ 7.802093621655015, 47.964060065145766 ], [ 7.738827879061759, 47.979009225938562 ], [ 7.700650422553963, 47.959230775699311 ], [ 7.662455040009104, 47.965568803115637 ], [ 7.70824225770091, 48.01211798591018 ], [ 7.708256096854689, 48.035265548385006 ], [ 7.731526546959546, 48.038343987677649 ], [ 7.76895486173682, 48.016096908074992 ], [ 7.815017488639548, 48.071111956777131 ] ] ] } },
{ "type": "Feature", "properties": { "ags": "08315" }, "geometry": { "type": "Polygon", "coordinates": [ [ [ 7.587075952050802, 48.110589283674628 ], [ 7.749434410137598, 48.112820562597598 ], [ 7.756954784748449, 48.082650020210529 ], [ 7.824297561718015, 48.069915528521605 ], [ 7.796055166305542, 48.0610572927798 ], [ 7.76895486173682, 48.016096908074992 ], [ 7.731526546959546, 48.038343987677649 ], [ 7.708256096854689, 48.035265548385006 ], [ 7.70824225770091, 48.01211798591018 ], [ 7.662455040009104, 47.965568803115637 ], [ 7.677701849196333, 47.959387818846153 ], [ 7.738827879061759, 47.979009225938562 ], [ 7.802093621655015, 47.964060065145766 ], [ 7.836621822460985, 47.97263537170852 ], [ 7.879018605107513, 47.948583604909039 ], [ 7.862465118549986, 47.915376210084425 ], [ 7.884969989836223, 47.904207145166112 ], [ 7.924728693263392, 47.939991947429604 ], [ 7.928326251185791, 48.010735066025198 ], [ 7.873933616525114, 48.015365230916082 ], [ 7.898258984440883, 48.015859626333949 ], [ 7.854768942133754, 48.036395953768583 ], [ 7.851776907995182, 48.054394000770451 ], [ 7.917169511100638, 48.046914727901694 ], [ 7.921435137857902, 48.065372826999536 ], [ 8.066659284714405, 48.062971421022546 ], [ 8.164583831749805, 47.992327067196804 ], [ 8.314085067525216, 47.992230083712869 ], [ 8.314570202470492, 47.970388283338487 ], [ 8.269865213343568, 47.953048478646693 ], [ 8.314064481456976, 47.951872151277243 ], [ 8.409849493127231, 47.904451300550562 ], [ 8.439033563074259, 47.853638514268219 ], [ 8.369507096382197, 47.838911657689415 ], [ 8.259199162214051, 47.850042765652795 ], [ 8.211601744827824, 47.822747052445209 ], [ 8.227004561585947, 47.79451982813427 ], [ 8.207515493957731, 47.785453270201749 ], [ 8.231759677359914, 47.762654969978072 ], [ 8.194642163545261, 47.762496773519182 ], [ 8.193049017734486, 47.747447760889791 ], [ 8.183250029755211, 47.783329800076466 ], [ 8.154446502360313, 47.772707814179284 ], [ 8.117455177164169, 47.790275824306725 ], [ 8.124565887831396, 47.801985349095474 ], [ 8.098913424258621, 47.805308304455203 ], [ 8.074596171668315, 47.854056799093428 ], [ 8.01796774807322, 47.841120372016221 ], [ 8.01264585043107, 47.866215314685732 ], [ 7.895845991735157, 47.880310461075027 ], [ 7.877593418041569, 47.849386579245355 ], [ 7.777243490364527, 47.803204066996713 ], [ 7.77594947640937, 47.790329384708308 ], [ 7.662501633793054, 47.776761150334814 ], [ 7.619654976584755, 47.757092478101924 ], [ 7.615673213112646, 47.7741742809351 ], [ 7.573550188835228, 47.775561037506399 ], [ 7.545990551780441, 47.743574165691705 ], [ 7.529846167358944, 47.781258246046299 ], [ 7.562921404766466, 47.842692370131488 ], [ 7.556309758135094, 47.877526901473573 ], [ 7.621952269252958, 47.97280642713848 ], [ 7.568529047502765, 48.035184227737325 ], [ 7.587075952050802, 48.110589283674628 ] ] ] } },
{ "type": "Feature", "properties": { "ags": "08316" }, "geometry": { "type": "Polygon", "coordinates": [ [ [ 7.70309429620999, 48.260498743536161 ], [ 7.734417923647287, 48.236841231421309 ], [ 7.781089900079159, 48.241222508218442 ], [ 7.815514228938658, 48.224542632955739 ], [ 7.848179942882474, 48.233926103845192 ], [ 7.948766720179203, 48.202499947033623 ], [ 8.001408179681533, 48.210131309571096 ], [ 7.993005227037635, 48.223684715250165 ], [ 8.017595125500911, 48.234155084998285 ], [ 8.104313749210908, 48.208274677454682 ], [ 8.165696812977915, 48.225946796802035 ], [ 8.180335157482018, 48.183919964912882 ], [ 8.1362972138072, 48.163859792856265 ], [ 8.125374131447213, 48.131694803064178 ], [ 8.166782706653722, 48.075635253954992 ], [ 8.109586739596887, 48.062365566937409 ], [ 8.136036742996742, 48.0093247880977 ], [ 8.066659284714405, 48.062971421022546 ], [ 7.921435137857902, 48.065372826999536 ], [ 7.917169511100638, 48.046914727901694 ], [ 7.902246447122644, 48.057297030035279 ], [ 7.85060231726613, 48.052035983200291 ], [ 7.785424194923979, 48.085963057396597 ], [ 7.756954784748449, 48.082650020210529 ], [ 7.749434410137598, 48.112820562597598 ], [ 7.580816935141167, 48.113517715600018 ], [ 7.680713204517246, 48.257266757908504 ], [ 7.70309429620999, 48.260498743536161 ] ] ] } },
{ "type": "Feature", "properties": { "ags": "08317" }, "geometry": { "type": "MultiPolygon", "coordinates": [ [ [ [ 7.959630742493039, 48.718581081128335 ], [ 7.979727891676791, 48.687122934506398 ], [ 8.074353610796347, 48.673449199868941 ], [ 8.108050434723394, 48.651217891685846 ], [ 8.139605601838317, 48.656870791930288 ], [ 8.199713303484671, 48.628371775558243 ], [ 8.241122189163679, 48.62923203280517 ], [ 8.247466045105948, 48.602686461742508 ], [ 8.206727119526141, 48.602192857605068 ], [ 8.236917156296634, 48.577826867055428 ], [ 8.212680617635291, 48.558278317266577 ], [ 8.211038452392147, 48.521926615349201 ], [ 8.275435398967835, 48.477856321413952 ], [ 8.254627557457139, 48.413927210435375 ], [ 8.23301685671283, 48.401188927081741 ], [ 8.264012972528738, 48.37927591517316 ], [ 8.253273839116593, 48.362921646550987 ], [ 8.317510176447238, 48.336993851642809 ], [ 8.330473935491037, 48.298766770000704 ], [ 8.276832582654428, 48.287134729944079 ], [ 8.309109095476972, 48.190600270754992 ], [ 8.282725388950091, 48.171669929545807 ], [ 8.241663196146112, 48.186869983984209 ], [ 8.225927224706615, 48.158367417596892 ], [ 8.180335157482018, 48.183919964912882 ], [ 8.187582074078522, 48.202268057058312 ], [ 8.158920706976984, 48.228878949581599 ], [ 8.104313749210908, 48.208274677454682 ], [ 8.017595125500911, 48.234155084998285 ], [ 7.993005227037635, 48.223684715250165 ], [ 8.001408179681533, 48.210131309571096 ], [ 7.948766720179203, 48.202499947033623 ], [ 7.848179942882474, 48.233926103845192 ], [ 7.815514228938658, 48.224542632955739 ], [ 7.781089900079159, 48.241222508218442 ], [ 7.734417923647287, 48.236841231421309 ], [ 7.711810990596512, 48.259884458705962 ], [ 7.680713204517246, 48.257266757908504 ], [ 7.693568867915452, 48.301723061556778 ], [ 7.744638259978516, 48.327810934459087 ], [ 7.731640321580635, 48.391704132520751 ], [ 7.768200957327497, 48.489662531070188 ], [ 7.806109473438684, 48.516382723099127 ], [ 7.802141386066292, 48.588843165814488 ], [ 7.84199610822937, 48.643732490396204 ], [ 7.959630742493039, 48.718581081128335 ] ] ], [ [ [ 8.080961726421016, 48.673062581099174 ], [ 8.077851977989644, 48.67249089781513 ], [ 8.078917241966167, 48.67401671648917 ], [ 8.080961726421016, 48.673062581099174 ] ] ], [ [ [ 8.023287562640087, 48.691567454545705 ], [ 8.017274292403783, 48.695950043088189 ], [ 8.024770692986003, 48.692869215862252 ], [ 8.023287562640087, 48.691567454545705 ] ] ], [ [ [ 8.062348588040553, 48.711641949386355 ], [ 8.05182426571392, 48.693532044876235 ], [ 8.042927166242276, 48.695314998859779 ], [ 8.062348588040553, 48.711641949386355 ] ] ] ] } },
{ "type": "Feature", "properties": { "ags": "08325" }, "geometry": { "type": "Polygon", "coordinates": [ [ [ 8.510944769246786, 48.404243633914277 ], [ 8.675736153104987, 48.400851706641561 ], [ 8.73737888221793, 48.379005294687147 ], [ 8.743427757998948, 48.350037529545688 ], [ 8.693340986051433, 48.32849600986787 ], [ 8.718659545109915, 48.315013444080485 ], [ 8.647754606698353, 48.288915069640517 ], [ 8.705702852385302, 48.259001224537379 ], [ 8.703333078283316, 48.222559724686278 ], [ 8.744209450627135, 48.200918293025104 ], [ 8.719245292449228, 48.181569801957984 ], [ 8.753246504406512, 48.153295380438394 ], [ 8.653001170540973, 48.117350275774967 ], [ 8.590039246895744, 48.071141089131203 ], [ 8.542866997555931, 48.113337869356776 ], [ 8.557949809649738, 48.129945092877406 ], [ 8.520675281208053, 48.145934049397205 ], [ 8.517570295834973, 48.166743588915622 ], [ 8.481001174809778, 48.168692620883284 ], [ 8.489105436942275, 48.181899146668464 ], [ 8.436421561284785, 48.181822029707845 ], [ 8.442749422494396, 48.156256121469866 ], [ 8.385854979296617, 48.174080015719703 ], [ 8.330517810518671, 48.158604797764305 ], [ 8.306643276057272, 48.172914371797901 ], [ 8.286041893033206, 48.167590681494467 ], [ 8.312952067826453, 48.206406994753912 ], [ 8.276832582654428, 48.287134729944079 ], [ 8.330473935491037, 48.298766770000704 ], [ 8.303991927136499, 48.349094721376254 ], [ 8.328560128858367, 48.386954663627343 ], [ 8.359587678399212, 48.377504619641037 ], [ 8.363680866529842, 48.335363215910263 ], [ 8.433190000351312, 48.322027601802894 ], [ 8.444734078036701, 48.301116404807452 ], [ 8.499532611391174, 48.319905874428279 ], [ 8.470435085985454, 48.346859902931442 ], [ 8.500381837263889, 48.356386613928279 ], [ 8.483937132115077, 48.38205022562871 ], [ 8.521479227090641, 48.387086225235642 ], [ 8.510944769246786, 48.404243633914277 ] ] ] } },
{ "type": "Feature", "properties": { "ags": "08326" }, "geometry": { "type": "Polygon", "coordinates": [ [ [ 8.252789309245276, 48.182097358468475 ], [ 8.330517810518671, 48.158604797764305 ], [ 8.385854979296617, 48.174080015719703 ], [ 8.442749422494396, 48.156256121469866 ], [ 8.436421561284785, 48.181822029707845 ], [ 8.489105436942275, 48.181899146668464 ], [ 8.481001174809778, 48.168692620883284 ], [ 8.517570295834973, 48.166743588915622 ], [ 8.520675281208053, 48.145934049397205 ], [ 8.557949809649738, 48.129945092877406 ], [ 8.542866997555931, 48.113337869356776 ], [ 8.571827523250791, 48.099732389108681 ], [ 8.567341142952296, 48.079960448501303 ], [ 8.63612144755924, 48.050308458585349 ], [ 8.63019683752472, 48.014879325758479 ], [ 8.663061326978022, 47.999628373298854 ], [ 8.662905249117232, 47.971078560919956 ], [ 8.635741862759723, 47.972057947641751 ], [ 8.635966911067596, 47.950141338386047 ], [ 8.60377885693234, 47.951548372751127 ], [ 8.58675028111306, 47.935760152185473 ], [ 8.592152434543944, 47.902701640019806 ], [ 8.620711549347007, 47.888895052523985 ], [ 8.607826393025482, 47.876963212926384 ], [ 8.640145944830111, 47.854811797438217 ], [ 8.617716384064357, 47.803245956475919 ], [ 8.563511872165364, 47.805318156139492 ], [ 8.574625608270916, 47.780666060422256 ], [ 8.519450452931618, 47.770569827083563 ], [ 8.530938774230565, 47.789838268511268 ], [ 8.491901297913975, 47.796804432978405 ], [ 8.513754536978627, 47.81183190397779 ], [ 8.505922638383115, 47.830326537647117 ], [ 8.47263701027561, 47.829335855361073 ], [ 8.472071588694488, 47.84672257382951 ], [ 8.439033563074259, 47.853638514268219 ], [ 8.41041364441997, 47.90407545085521 ], [ 8.314064481456976, 47.951872151277243 ], [ 8.269865213343568, 47.953048478646693 ], [ 8.314570202470492, 47.970388283338487 ], [ 8.314085067525216, 47.992230083712869 ], [ 8.222619593591215, 47.997608245431401 ], [ 8.196533966062653, 47.983768244935348 ], [ 8.114686213870089, 48.0267932613677 ], [ 8.128698311483253, 48.040974273726384 ], [ 8.109875848225141, 48.063642627061711 ], [ 8.166782706653722, 48.075635253954992 ], [ 8.127145567211553, 48.125608128931752 ], [ 8.1362972138072, 48.163859792856265 ], [ 8.180335157482018, 48.183919964912882 ], [ 8.225927224706615, 48.158367417596892 ], [ 8.252789309245276, 48.182097358468475 ] ] ] } },
{ "type": "Feature", "properties": { "ags": "08327" }, "geometry": { "type": "Polygon", "coordinates": [ [ [ 8.800257590682422, 48.184282044634777 ], [ 8.885085823077599, 48.105427049537987 ], [ 8.953761200680404, 48.107279088511248 ], [ 8.996809091849451, 48.070959892308117 ], [ 8.934216865208064, 48.049369069345147 ], [ 8.952051415826514, 48.029672623221629 ], [ 8.971506651725912, 48.040165192243755 ], [ 9.007586608699315, 48.02560503110012 ], [ 9.020696936893001, 47.947415947017454 ], [ 9.008226131862054, 47.934482480087041 ], [ 8.978711420955641, 47.93752975494332 ], [ 8.973204204901913, 47.922300468709167 ], [ 8.952906410788847, 47.934106830570386 ], [ 8.879594168662369, 47.912107366598718 ], [ 8.845326971971792, 47.877980315206472 ], [ 8.817647017684809, 47.887159074290743 ], [ 8.820528808144601, 47.927452676783922 ], [ 8.799321377118854, 47.913621439757364 ], [ 8.808694440947956, 47.886086149142926 ], [ 8.783296765592718, 47.895633640310791 ], [ 8.735628897276374, 47.884550486357597 ], [ 8.724404616416507, 47.901572933501392 ], [ 8.708670725392627, 47.880257823515635 ], [ 8.690744754613791, 47.888196908952906 ], [ 8.691815997866833, 47.852541798396409 ], [ 8.655092025708395, 47.846245773890175 ], [ 8.590294760806144, 47.906025849231803 ], [ 8.588483238053355, 47.944916476194798 ], [ 8.630730768768528, 47.946689352257508 ], [ 8.635741862759723, 47.972057947641751 ], [ 8.662905249117232, 47.971078560919956 ], [ 8.663061326978022, 47.999628373298854 ], [ 8.63019683752472, 48.014879325758479 ], [ 8.63612144755924, 48.050308458585349 ], [ 8.599139051468338, 48.084616420991274 ], [ 8.705576460313752, 48.140252641488559 ], [ 8.744438881677157, 48.144037013627383 ], [ 8.769251280836338, 48.182710200950289 ], [ 8.800257590682422, 48.184282044634777 ] ] ] } },
{ "type": "Feature", "properties": { "ags": "08335" }, "geometry": { "type": "MultiPolygon", "coordinates": [ [ [ [ 9.123335110062918, 47.673944621159237 ], [ 9.120676412686338, 47.672312941468796 ], [ 9.121535878023154, 47.674835008320173 ], [ 9.123335110062918, 47.673944621159237 ] ] ], [ [ [ 8.704607343585586, 47.713423946426516 ], [ 8.717719625771576, 47.690742263616279 ], [ 8.663354237741832, 47.685892560161953 ], [ 8.664634631074879, 47.713427745153048 ], [ 8.704607343585586, 47.713423946426516 ] ] ], [ [ [ 9.195342785923529, 47.708279576234752 ], [ 9.198598810192998, 47.702431508640075 ], [ 9.187810585052498, 47.705582624474552 ], [ 9.195342785923529, 47.708279576234752 ] ] ], [ [ [ 9.081027623512492, 47.938630420276418 ], [ 9.066707622875111, 47.916203150658639 ], [ 9.146873366122151, 47.897901928967876 ], [ 9.149001894565929, 47.878524609043161 ], [ 9.117787526662793, 47.858933342429395 ], [ 9.120382178359351, 47.841086896945455 ], [ 9.069507320215038, 47.858284834075171 ], [ 9.083188741927287, 47.814299933652144 ], [ 9.03953653014732, 47.817481973581799 ], [ 9.030987173271624, 47.804701764864753 ], [ 9.172740020932075, 47.734862627604343 ], [ 9.179606442966447, 47.705150928727384 ], [ 9.217724767073095, 47.666114732620841 ], [ 9.178425586602245, 47.66699276952923 ], [ 9.175793332634816, 47.653937862531862 ], [ 9.127830523492664, 47.666598648653135 ], [ 9.125641404583673, 47.674293162526311 ], [ 9.112298072008159, 47.685583334630572 ], [ 9.053825721918143, 47.689684878905588 ], [ 9.040724439105933, 47.708340209151842 ], [ 9.108872914495635, 47.690015589952452 ], [ 8.989864116780625, 47.743465934386684 ], [ 9.014928056369069, 47.719972964074891 ], [ 8.960688284959355, 47.73717024477714 ], [ 8.939828360108136, 47.728064756173737 ], [ 8.99915363769051, 47.703362097646796 ], [ 8.99862889221289, 47.687256996260572 ], [ 8.894180799399145, 47.652087552851583 ], [ 8.850583167530724, 47.681163025665704 ], [ 8.872719752389379, 47.704164693647144 ], [ 8.818828358085183, 47.712862624012232 ], [ 8.806440662676884, 47.73826224998195 ], [ 8.769908574772186, 47.718448541520218 ], [ 8.810078414805236, 47.693320495272609 ], [ 8.791550073143261, 47.674898877862596 ], [ 8.727981484772871, 47.692680572625861 ], [ 8.73629401205223, 47.716150937003661 ], [ 8.711256620760404, 47.730071470468687 ], [ 8.741048911629688, 47.751851993648003 ], [ 8.71415973403621, 47.765358550637153 ], [ 8.688610569966579, 47.758336791133182 ], [ 8.656975076826633, 47.800347103239403 ], [ 8.64453692374391, 47.764300091219738 ], [ 8.61941441839719, 47.767675365970938 ], [ 8.636693589883262, 47.850716273949274 ], [ 8.691815997866833, 47.852541798396409 ], [ 8.690744754613791, 47.888196908952906 ], [ 8.708670725392627, 47.880257823515635 ], [ 8.722468129747034, 47.900927285628399 ], [ 8.735628897276374, 47.884550486357597 ], [ 8.783296765592718, 47.895633640310791 ], [ 8.808694440947956, 47.886086149142926 ], [ 8.799321377118854, 47.913621439757364 ], [ 8.820528808144601, 47.927452676783922 ], [ 8.817647017684809, 47.887159074290743 ], [ 8.845326971971792, 47.877980315206472 ], [ 8.879594168662369, 47.912107366598718 ], [ 8.952906410788847, 47.934106830570386 ], [ 8.973204204901913, 47.922300468709167 ], [ 8.981572281040133, 47.938113446435509 ], [ 9.081027623512492, 47.938630420276418 ] ] ] ] } },
{ "type": "Feature", "properties": { "ags": "08336" }, "geometry": { "type": "Polygon", "coordinates": [ [ [ 7.903693229301172, 47.876495204851295 ], [ 8.022338701058739, 47.859736059438177 ], [ 7.999544632477341, 47.82763457527868 ], [ 8.002829993002772, 47.771588752812505 ], [ 7.971855063487791, 47.760390037773703 ], [ 7.956938380241633, 47.729948440697612 ], [ 7.977744782552391, 47.694975787829428 ], [ 7.920733008715284, 47.671825965921727 ], [ 7.898595929940377, 47.644611731970357 ], [ 7.871055948537283, 47.645073475750152 ], [ 7.901760227254482, 47.590226833136157 ], [ 7.820035064882148, 47.587451809957841 ], [ 7.788856365967625, 47.554847195805173 ], [ 7.670427591553352, 47.535009713718345 ], [ 7.634097006407877, 47.561113721065603 ], [ 7.685943342571416, 47.565634964124413 ], [ 7.671741323246869, 47.58735945794762 ], [ 7.693596586288695, 47.600530856168263 ], [ 7.604484107154828, 47.577791102897805 ], [ 7.521079275837696, 47.663847889261078 ], [ 7.513769053000021, 47.702823812630058 ], [ 7.573550188835228, 47.775561037506399 ], [ 7.615673213112646, 47.7741742809351 ], [ 7.619654976584755, 47.757092478101924 ], [ 7.662501633793054, 47.776761150334814 ], [ 7.77594947640937, 47.790329384708308 ], [ 7.903693229301172, 47.876495204851295 ] ] ] } },
{ "type": "Feature", "properties": { "ags": "08337" }, "geometry": { "type": "Polygon", "coordinates": [ [ [ 8.058589439584175, 47.857313526056771 ], [ 8.098913424258621, 47.805308304455203 ], [ 8.124565887831396, 47.801985349095474 ], [ 8.120643741862374, 47.788340268054405 ], [ 8.154446502360313, 47.772707814179284 ], [ 8.183250029755211, 47.783329800076466 ], [ 8.193049017734486, 47.747447760889791 ], [ 8.194642163545261, 47.762496773519182 ], [ 8.231759677359914, 47.762654969978072 ], [ 8.207515493957731, 47.785453270201749 ], [ 8.227004561585947, 47.79451982813427 ], [ 8.211601744827824, 47.822747052445209 ], [ 8.264664245132774, 47.85207897934847 ], [ 8.369507096382197, 47.838911657689415 ], [ 8.443720826624736, 47.856568030157916 ], [ 8.472071588694488, 47.84672257382951 ], [ 8.47263701027561, 47.829335855361073 ], [ 8.505922638383115, 47.830326537647117 ], [ 8.513707328674629, 47.813008798372778 ], [ 8.491901297913975, 47.796804432978405 ], [ 8.530584320659887, 47.788015837143774 ], [ 8.456640671761017, 47.74914799113477 ], [ 8.454988425392056, 47.722258708641256 ], [ 8.404425785258674, 47.698063257687203 ], [ 8.42064154724495, 47.683855451107952 ], [ 8.406018207765483, 47.673263789721453 ], [ 8.46543008619339, 47.657130516628548 ], [ 8.46613739319837, 47.642760858175514 ], [ 8.473494937736499, 47.638306484815033 ], [ 8.473737107620188, 47.649824503654159 ], [ 8.531526839560732, 47.645788638916073 ], [ 8.533353655509847, 47.663194242717488 ], [ 8.606623297708085, 47.672120109440364 ], [ 8.628972088781754, 47.650483597438679 ], [ 8.61732625158047, 47.638071251250025 ], [ 8.607704900506972, 47.652446084193869 ], [ 8.595741548181186, 47.643132862801927 ], [ 8.603360385920926, 47.611095354096115 ], [ 8.566477567325002, 47.597093559363657 ], [ 8.569298052463632, 47.617236160243628 ], [ 8.516732883811557, 47.634141078279463 ], [ 8.508251648034348, 47.617507374552353 ], [ 8.456599807183938, 47.602346283963016 ], [ 8.466937684415178, 47.584202644044218 ], [ 8.494547108830313, 47.581201135036224 ], [ 8.433687447582955, 47.56664774203454 ], [ 8.397356047290927, 47.577195334516645 ], [ 8.383003439382925, 47.5655860459566 ], [ 8.323771406034487, 47.572949101270019 ], [ 8.287721869486719, 47.610638411250434 ], [ 8.226647284629403, 47.605068233522552 ], [ 8.204054414230615, 47.620891678562323 ], [ 8.164908044406246, 47.594140094130545 ], [ 8.109483932111818, 47.582259427070383 ], [ 8.08966199400324, 47.557758951381366 ], [ 7.916124504602732, 47.548172052328262 ], [ 7.871055948537283, 47.645073475750152 ], [ 7.898595929940377, 47.644611731970357 ], [ 7.920733008715284, 47.671825965921727 ], [ 7.977744782552391, 47.694975787829428 ], [ 7.956938380241633, 47.729948440697612 ], [ 7.971855063487791, 47.760390037773703 ], [ 8.002829993002772, 47.771588752812505 ], [ 7.999544632477341, 47.82763457527868 ], [ 8.058589439584175, 47.857313526056771 ] ] ] } },
{ "type": "Feature", "properties": { "ags": "08415" }, "geometry": { "type": "MultiPolygon", "coordinates": [ [ [ [ 9.16242094921027, 48.605405036679798 ], [ 9.205070655588546, 48.60337521960998 ], [ 9.197744767561323, 48.588261130115804 ], [ 9.225095453500284, 48.565672901284458 ], [ 9.241229415569014, 48.57843912498663 ], [ 9.295315135635978, 48.565514512498368 ], [ 9.314057946495156, 48.580580162048925 ], [ 9.324124260394809, 48.541236953981262 ], [ 9.339463053348453, 48.549438549485032 ], [ 9.392951748754799, 48.530966218429228 ], [ 9.463549845839074, 48.544293519293859 ], [ 9.489720432956627, 48.530974386476132 ], [ 9.467085537683346, 48.516727950164714 ], [ 9.47127336077893, 48.512621364607213 ], [ 9.505026674919371, 48.51404506908387 ], [ 9.50450883169645, 48.526836860244849 ], [ 9.530859204886303, 48.513644836205245 ], [ 9.53008469982962, 48.526749176152428 ], [ 9.58517450999264, 48.536741253012949 ], [ 9.582694911240798, 48.489981891359804 ], [ 9.614537466263604, 48.470697589476231 ], [ 9.638795526171814, 48.423485549821599 ], [ 9.62133453108763, 48.395723311065922 ], [ 9.58093039840452, 48.394612079539094 ], [ 9.582724712291373, 48.377389924062456 ], [ 9.60383076385574, 48.374614075361961 ], [ 9.580104177659457, 48.327195550414864 ], [ 9.557578287498107, 48.332570986886516 ], [ 9.534366512988891, 48.318424485058891 ], [ 9.556995552416845, 48.293462847801848 ], [ 9.507523083822232, 48.28060246252948 ], [ 9.53050697831554, 48.26066712123108 ], [ 9.490100484920188, 48.242231974974928 ], [ 9.498069328651685, 48.212518061264717 ], [ 9.467708577474214, 48.196494507539434 ], [ 9.464405465973808, 48.209023553780689 ], [ 9.438104802822931, 48.194882001440924 ], [ 9.391934893021483, 48.196268173276501 ], [ 9.291511932448278, 48.285233006111262 ], [ 9.26678821548944, 48.288519706319512 ], [ 9.26181345699073, 48.272090141448423 ], [ 9.223578485160745, 48.266780164068436 ], [ 9.160532268374721, 48.306413897270637 ], [ 9.21060670648462, 48.307379802987526 ], [ 9.221772789176418, 48.336760354970487 ], [ 9.174117021038043, 48.344371953640021 ], [ 9.179264455324855, 48.3675977984255 ], [ 9.11731182027294, 48.382710628148665 ], [ 9.147767882342581, 48.412511704218211 ], [ 9.11691706425708, 48.427282477513657 ], [ 9.14007867791231, 48.456868770061369 ], [ 9.119697650029492, 48.475285687806739 ], [ 9.153260506522084, 48.492228817540337 ], [ 9.138381313272367, 48.522686589434585 ], [ 9.167219564862313, 48.523622177103256 ], [ 9.175656925779442, 48.538896158587264 ], [ 9.125610891208709, 48.566596716417365 ], [ 9.1291763830662, 48.601266522910706 ], [ 9.16242094921027, 48.605405036679798 ] ], [ [ 9.164320851073306, 48.604366687068136 ], [ 9.171596320039553, 48.598609476403233 ], [ 9.17204481232452, 48.604081746059656 ], [ 9.164320851073306, 48.604366687068136 ] ] ], [ [ [ 9.149699204767762, 48.545218695213194 ], [ 9.144950216411152, 48.54747199178108 ], [ 9.148885327605962, 48.547708938402884 ], [ 9.149699204767762, 48.545218695213194 ] ] ], [ [ [ 9.123328526288308, 48.583134647970496 ], [ 9.117711356587066, 48.581886547076977 ], [ 9.118599922470423, 48.583057812952902 ], [ 9.123328526288308, 48.583134647970496 ] ] ] ] } },
{ "type": "Feature", "properties": { "ags": "08416" }, "geometry": { "type": "Polygon", "coordinates": [ [ [ 9.095623710684309, 48.621667374707989 ], [ 9.131774456131177, 48.60001251465242 ], [ 9.125610891208709, 48.566596716417365 ], [ 9.175656925779442, 48.538896158587264 ], [ 9.167219564862313, 48.523622177103256 ], [ 9.138381313272367, 48.522686589434585 ], [ 9.153260506522084, 48.492228817540337 ], [ 9.119697650029492, 48.475285687806739 ], [ 9.14007867791231, 48.456868770061369 ], [ 9.11691706425708, 48.427282477513657 ], [ 9.147767882342581, 48.412511704218211 ], [ 9.11731182027294, 48.382710628148665 ], [ 9.130328958147205, 48.371488426509671 ], [ 9.073059811689689, 48.362768305111615 ], [ 9.058076593190329, 48.366125571790477 ], [ 9.071417091155789, 48.376991319473518 ], [ 9.024221166814241, 48.371343326859531 ], [ 8.999182920485847, 48.388022887827852 ], [ 8.953705315434384, 48.380841786196505 ], [ 8.875205174465238, 48.397043690236295 ], [ 8.873043414722694, 48.417511478102128 ], [ 8.831836839685561, 48.406392019559497 ], [ 8.767251538197751, 48.416873619470664 ], [ 8.780095477727244, 48.447374245348733 ], [ 8.828929358594852, 48.462693325055625 ], [ 8.755710559017263, 48.504140155959888 ], [ 8.769527448491617, 48.523685714100267 ], [ 8.846692018080095, 48.500077905205856 ], [ 8.864937568248298, 48.516236366186369 ], [ 8.850947222329568, 48.537196751655017 ], [ 8.886959636146058, 48.541803002532852 ], [ 8.889811188526961, 48.564472286702205 ], [ 8.945204057402373, 48.567539163729542 ], [ 8.949216883176561, 48.587103554807321 ], [ 8.984540557168277, 48.591498034256666 ], [ 9.034799541550026, 48.576853112883732 ], [ 9.052052588554302, 48.593243691962599 ], [ 9.079150174230456, 48.58877370298547 ], [ 9.095623710684309, 48.621667374707989 ] ], [ [ 9.144950216411152, 48.54747199178108 ], [ 9.149699204767762, 48.545218695213194 ], [ 9.148885327605962, 48.547708938402884 ], [ 9.144950216411152, 48.54747199178108 ] ], [ [ 9.117711356587066, 48.581886547076977 ], [ 9.123328526288308, 48.583134647970496 ], [ 9.118599922470423, 48.583057812952902 ], [ 9.117711356587066, 48.581886547076977 ] ] ] } },
{ "type": "Feature", "properties": { "ags": "08417" }, "geometry": { "type": "Polygon", "coordinates": [ [ [ 8.765408359203088, 48.413744723105808 ], [ 8.831836839685561, 48.406392019559497 ], [ 8.873043414722694, 48.417511478102128 ], [ 8.875205174465238, 48.397043690236295 ], [ 8.953705315434384, 48.380841786196505 ], [ 8.999182920485847, 48.388022887827852 ], [ 9.024221166814241, 48.371343326859531 ], [ 9.071417091155789, 48.376991319473518 ], [ 9.058076593190329, 48.366125571790477 ], [ 9.073059811689689, 48.362768305111615 ], [ 9.172311484015204, 48.369195923360799 ], [ 9.174117021038043, 48.344371953640021 ], [ 9.220497640804583, 48.338565744959155 ], [ 9.21060670648462, 48.307379802987526 ], [ 9.161679330058805, 48.312785196960391 ], [ 9.186081998448602, 48.271021738442762 ], [ 9.109221494021227, 48.252848266402481 ], [ 9.111616952801162, 48.236453935348734 ], [ 9.186784883547183, 48.208891665184908 ], [ 9.174354361843749, 48.18100443590243 ], [ 9.189039234417553, 48.171281292782957 ], [ 9.160408939722959, 48.134756105273759 ], [ 9.111616612877153, 48.156951624505609 ], [ 9.073326867459491, 48.150176260326781 ], [ 9.033456154957435, 48.165233326445865 ], [ 8.953761200680404, 48.107279088511248 ], [ 8.885085823077599, 48.105427049537987 ], [ 8.809039838942972, 48.184624300124725 ], [ 8.769251280836338, 48.182710200950289 ], [ 8.754642674612935, 48.159773905902611 ], [ 8.724091676495522, 48.172476022974259 ], [ 8.744209450627135, 48.200918293025104 ], [ 8.71307977631259, 48.209583891997504 ], [ 8.705702852385302, 48.259001224537379 ], [ 8.666216893245243, 48.268784941358206 ], [ 8.683523844489283, 48.280787367409552 ], [ 8.648845647617449, 48.293214208741986 ], [ 8.718659545109915, 48.315013444080485 ], [ 8.693340986051433, 48.32849600986787 ], [ 8.743427757998948, 48.350037529545688 ], [ 8.735675693764248, 48.376441900825959 ], [ 8.758634505879275, 48.382625371986904 ], [ 8.765408359203088, 48.413744723105808 ] ] ] } },
{ "type": "Feature", "properties": { "ags": "08421" }, "geometry": { "type": "Polygon", "coordinates": [ [ [ 9.914839855703125, 48.442671315571175 ], [ 10.021039336191629, 48.464339789643915 ], [ 10.042414152555278, 48.429732036208193 ], [ 9.969934361667983, 48.379380285817582 ], [ 9.977741454344518, 48.362658595636091 ], [ 9.999850869059044, 48.362778446557201 ], [ 9.973838651491818, 48.337572546273606 ], [ 9.991412921519725, 48.328072534790657 ], [ 9.960866201090319, 48.306878043870007 ], [ 9.906872523089623, 48.319556519601321 ], [ 9.930410449810132, 48.331874806178945 ], [ 9.91335969684963, 48.350852865966367 ], [ 9.890885009738303, 48.341236488998163 ], [ 9.843790928708902, 48.361331288660637 ], [ 9.87533781074163, 48.396058886308424 ], [ 9.941470730825181, 48.407679395153259 ], [ 9.9249742000508, 48.422097920707124 ], [ 9.941756184379024, 48.431202468029646 ], [ 9.908656016369616, 48.423189658970735 ], [ 9.914839855703125, 48.442671315571175 ] ] ] } },
{ "type": "Feature", "properties": { "ags": "08425" }, "geometry": { "type": "Polygon", "coordinates": [ [ [ 9.948325380358902, 48.631102172290404 ], [ 9.964788256276154, 48.59519809595497 ], [ 10.039992930586912, 48.606817871681102 ], [ 10.113346370474032, 48.556067106975966 ], [ 10.187036984390836, 48.558104254953633 ], [ 10.237966396619221, 48.507821914223818 ], [ 10.241406301620412, 48.491959651219283 ], [ 10.180098200229066, 48.475524476532058 ], [ 10.17184642186613, 48.457786946008248 ], [ 10.13389540878268, 48.454871415547061 ], [ 10.10502694607726, 48.477504355064099 ], [ 10.059621484762175, 48.455832312405136 ], [ 9.972806422483293, 48.467420266097321 ], [ 9.964998074707623, 48.449020452414544 ], [ 9.906194072646679, 48.434595705398998 ], [ 9.917870537789238, 48.42080190802087 ], [ 9.941756184379024, 48.431202468029646 ], [ 9.9249742000508, 48.422097920707124 ], [ 9.941470730825181, 48.407679395153259 ], [ 9.87533781074163, 48.396058886308424 ], [ 9.869209270825877, 48.376054309044996 ], [ 9.847003546551592, 48.373873273466508 ], [ 9.847477128381513, 48.353613656978602 ], [ 9.926409803642308, 48.34110328881529 ], [ 9.906872523089623, 48.319556519601321 ], [ 9.921303091969595, 48.312152822667365 ], [ 9.963949495304997, 48.307144823775353 ], [ 9.991412921519725, 48.328072534790657 ], [ 9.973620189803762, 48.334056050747279 ], [ 9.983233115852725, 48.348262265107735 ], [ 10.009502893502486, 48.343401215859885 ], [ 10.065816519867075, 48.281817122169649 ], [ 10.060721235502802, 48.240090454326328 ], [ 10.092413430046088, 48.159293433712932 ], [ 10.049948908347744, 48.142290009790734 ], [ 10.008584342732393, 48.1514861233182 ], [ 10.035180911358582, 48.152935253914102 ], [ 10.044693834226175, 48.181841401514127 ], [ 10.068538762665181, 48.189740814091451 ], [ 10.03770538555314, 48.195962443831021 ], [ 10.040282095279062, 48.228130868829965 ], [ 10.013279070723529, 48.248341808627345 ], [ 9.990713838882053, 48.243627676402184 ], [ 9.982439330064905, 48.268879173239831 ], [ 9.926151865888755, 48.268672197040836 ], [ 9.921095275423157, 48.286366247648921 ], [ 9.881999535102377, 48.294002792513083 ], [ 9.844547230344864, 48.246297739577045 ], [ 9.803958120498248, 48.251451914809614 ], [ 9.794872944539382, 48.23165089183459 ], [ 9.76441275440512, 48.226794435332074 ], [ 9.725685119419893, 48.188589231940348 ], [ 9.745560722829939, 48.183063545171422 ], [ 9.735530261997983, 48.172799369107608 ], [ 9.688071998911655, 48.179293303225059 ], [ 9.660381177062906, 48.157210415329708 ], [ 9.642845843020744, 48.188873714386062 ], [ 9.617492718215971, 48.185685717196513 ], [ 9.623783437171785, 48.200033464419654 ], [ 9.595914069398773, 48.206865488097705 ], [ 9.545917689151787, 48.19034101708754 ], [ 9.489158049020544, 48.240281274352085 ], [ 9.53050697831554, 48.26066712123108 ], [ 9.507523083822232, 48.28060246252948 ], [ 9.556995552416845, 48.293462847801848 ], [ 9.534366512988891, 48.318424485058891 ], [ 9.557578287498107, 48.332570986886516 ], [ 9.580104177659457, 48.327195550414864 ], [ 9.60383076385574, 48.374614075361961 ], [ 9.582724712291373, 48.377389924062456 ], [ 9.58093039840452, 48.394612079539094 ], [ 9.62133453108763, 48.395723311065922 ], [ 9.638795526171814, 48.423485549821599 ], [ 9.614537466263604, 48.470697589476231 ], [ 9.582694911240798, 48.489981891359804 ], [ 9.587344069627891, 48.54020330676834 ], [ 9.686608561465405, 48.517291135893629 ], [ 9.726086258217874, 48.562032486302755 ], [ 9.81398705064384, 48.557926699686583 ], [ 9.838927294505774, 48.585837912680113 ], [ 9.880810045020947, 48.598786528047597 ], [ 9.891873837197185, 48.622470877769096 ], [ 9.948325380358902, 48.631102172290404 ] ] ] } },
{ "type": "Feature", "properties": { "ags": "08426" }, "geometry": { "type": "Polygon", "coordinates": [ [ [ 9.885155037928978, 48.293786685854599 ], [ 9.921095275423157, 48.286366247648921 ], [ 9.926151865888755, 48.268672197040836 ], [ 9.982439330064905, 48.268879173239831 ], [ 9.990713838882053, 48.243627676402184 ], [ 10.013279070723529, 48.248341808627345 ], [ 10.040282095279062, 48.228130868829965 ], [ 10.03770538555314, 48.195962443831021 ], [ 10.068538762665181, 48.189740814091451 ], [ 10.044693834226175, 48.181841401514127 ], [ 10.035180911358582, 48.152935253914102 ], [ 10.008584342732393, 48.1514861233182 ], [ 10.049948908347744, 48.142290009790734 ], [ 10.095357457475291, 48.164014941453509 ], [ 10.136247104971597, 48.111443049081082 ], [ 10.143901695916718, 48.059007066809578 ], [ 10.11545729053563, 47.977023224403958 ], [ 10.069785802117419, 47.975028649825902 ], [ 10.039849116711519, 47.946466962159036 ], [ 10.006457597950558, 47.952859131343786 ], [ 10.007734831234064, 47.970237053744974 ], [ 9.981147485922568, 47.974493780568501 ], [ 9.95350621864946, 47.958549805800722 ], [ 9.909865975793355, 47.984584606175311 ], [ 9.869081307326072, 47.980644449429349 ], [ 9.83857146710646, 47.953703407660022 ], [ 9.81090084536682, 47.96179680497012 ], [ 9.791613218354023, 47.950769188361548 ], [ 9.766761943354522, 47.956726717244116 ], [ 9.773190813873564, 47.97089088178307 ], [ 9.725755923351254, 47.980911918208186 ], [ 9.711870654520711, 47.97099940804754 ], [ 9.696320327259498, 47.983210287559324 ], [ 9.684746803304186, 47.967166898151859 ], [ 9.662862582651174, 47.976674858757924 ], [ 9.624495976605088, 47.965249375245918 ], [ 9.604254162253607, 48.009784589934839 ], [ 9.527421950907549, 48.065682985167825 ], [ 9.455702819119914, 48.076090228736703 ], [ 9.411926820903439, 48.10236547454349 ], [ 9.354010606251801, 48.094278197928347 ], [ 9.288904303368369, 48.149278122928941 ], [ 9.260296230087125, 48.151923527443131 ], [ 9.299249186435389, 48.163396815337862 ], [ 9.32046628087069, 48.189304495278662 ], [ 9.30781079307838, 48.224350110916149 ], [ 9.347566574675453, 48.239501213678764 ], [ 9.391934893021483, 48.196268173276501 ], [ 9.438104802822931, 48.194882001440924 ], [ 9.464405465973808, 48.209023553780689 ], [ 9.467708577474214, 48.196494507539434 ], [ 9.498069328651685, 48.212518061264717 ], [ 9.49713962589149, 48.233026682558162 ], [ 9.545917689151787, 48.19034101708754 ], [ 9.595914069398773, 48.206865488097705 ], [ 9.623783437171785, 48.200033464419654 ], [ 9.617492718215971, 48.185685717196513 ], [ 9.642845843020744, 48.188873714386062 ], [ 9.660381177062906, 48.157210415329708 ], [ 9.688071998911655, 48.179293303225059 ], [ 9.730589106114955, 48.171623142785641 ], [ 9.745560722829939, 48.183063545171422 ], [ 9.725685119419893, 48.188589231940348 ], [ 9.76441275440512, 48.226794435332074 ], [ 9.794872944539382, 48.23165089183459 ], [ 9.803958120498248, 48.251451914809614 ], [ 9.844547230344864, 48.246297739577045 ], [ 9.885155037928978, 48.293786685854599 ] ] ] } },
{ "type": "Feature", "properties": { "ags": "08435" }, "geometry": { "type": "Polygon", "coordinates": [ [ [ 9.270160287128054, 47.880062032959692 ], [ 9.288314459820857, 47.858827435667351 ], [ 9.338361975181581, 47.862175524474623 ], [ 9.381677730938103, 47.823815272003102 ], [ 9.448868954233042, 47.825480550585709 ], [ 9.435939134376529, 47.810418625708721 ], [ 9.456927804950917, 47.812885182428012 ], [ 9.461196692527581, 47.800307089275741 ], [ 9.433576192171101, 47.773552926040352 ], [ 9.453510760052346, 47.756156096584235 ], [ 9.472137556929175, 47.76483061533667 ], [ 9.499358733580269, 47.754222758470803 ], [ 9.498710191738013, 47.732827112989838 ], [ 9.569169196601631, 47.737135864754805 ], [ 9.624626768274375, 47.70147790460971 ], [ 9.655882473576028, 47.704993505793993 ], [ 9.663624212138329, 47.683557337611035 ], [ 9.725878826571972, 47.684210497398183 ], [ 9.74434382175294, 47.654392517285721 ], [ 9.730183153316302, 47.63780170153202 ], [ 9.688590310106138, 47.635568785144059 ], [ 9.69215155728771, 47.610423471272284 ], [ 9.637691059941659, 47.60439504007914 ], [ 9.64328483570703, 47.589759736270217 ], [ 9.55891462434014, 47.584933175245176 ], [ 9.495284089081155, 47.650131270928902 ], [ 9.310423360950994, 47.674222396344312 ], [ 9.239266617999744, 47.710082054391634 ], [ 9.223718850473572, 47.74091828103802 ], [ 9.070526094644142, 47.807303273844845 ], [ 9.069507320215038, 47.858284834075171 ], [ 9.103436698662108, 47.841617597421909 ], [ 9.191828881950102, 47.84057283699395 ], [ 9.242277893603566, 47.854805704565727 ], [ 9.238913619014625, 47.877513643746617 ], [ 9.270160287128054, 47.880062032959692 ] ] ] } },
{ "type": "Feature", "properties": { "ags": "08436" }, "geometry": { "type": "Polygon", "coordinates": [ [ [ 9.565522620910988, 47.9950602920498 ], [ 9.606075880470138, 48.001729436783847 ], [ 9.624495976605088, 47.965249375245918 ], [ 9.725755923351254, 47.980911918208186 ], [ 9.773190813873564, 47.97089088178307 ], [ 9.766761943354522, 47.956726717244116 ], [ 9.791613218354023, 47.950769188361548 ], [ 9.81090084536682, 47.96179680497012 ], [ 9.839788048210572, 47.953862650982721 ], [ 9.869081307326072, 47.980644449429349 ], [ 9.90253864886092, 47.984877462265253 ], [ 9.95350621864946, 47.958549805800722 ], [ 9.981147485922568, 47.974493780568501 ], [ 10.007734831234064, 47.970237053744974 ], [ 10.006457597950558, 47.952859131343786 ], [ 10.035834751831068, 47.945746071999672 ], [ 10.069785802117419, 47.975028649825902 ], [ 10.105300723926682, 47.974638367130929 ], [ 10.084673156824653, 47.958888935745222 ], [ 10.111010296037671, 47.934879083645875 ], [ 10.105704628359577, 47.879026534503289 ], [ 10.076755533427827, 47.867809349567146 ], [ 10.082961688948537, 47.855717779617869 ], [ 10.104617332389756, 47.864624204502 ], [ 10.091604866838344, 47.845621380044356 ], [ 10.107154658212089, 47.852895457458409 ], [ 10.138022984280839, 47.809637643196261 ], [ 10.064681025645747, 47.785887718012468 ], [ 10.119049494517343, 47.759586709822749 ], [ 10.116428889232177, 47.71931672604606 ], [ 10.139437677882889, 47.703273407953127 ], [ 10.129336189421643, 47.67613652115876 ], [ 10.089245366755714, 47.673045135400208 ], [ 10.077292399782532, 47.639274262176961 ], [ 10.059312462873024, 47.680628777301287 ], [ 10.030491262484098, 47.674452095183518 ], [ 10.02864521738336, 47.686983016364991 ], [ 9.959522463602159, 47.652304097546839 ], [ 9.842190840345282, 47.67769183498234 ], [ 9.747718498445204, 47.603688309208536 ], [ 9.745651920697339, 47.617296984713143 ], [ 9.69458215245804, 47.604664543817897 ], [ 9.688590310106138, 47.635568785144059 ], [ 9.723793567597497, 47.633192667022669 ], [ 9.74434382175294, 47.654392517285721 ], [ 9.725878826571972, 47.684210497398183 ], [ 9.663624212138329, 47.683557337611035 ], [ 9.655882473576028, 47.704993505793993 ], [ 9.624626768274375, 47.70147790460971 ], [ 9.569169196601631, 47.737135864754805 ], [ 9.498710191738013, 47.732827112989838 ], [ 9.499358733580269, 47.754222758470803 ], [ 9.472137556929175, 47.76483061533667 ], [ 9.452206410094568, 47.756700807513866 ], [ 9.433623598971135, 47.77544105733508 ], [ 9.462015485497137, 47.809571489712837 ], [ 9.435939134376529, 47.810418625708721 ], [ 9.444687888680678, 47.826896310506882 ], [ 9.409414450024522, 47.821604816740326 ], [ 9.401286439238353, 47.861594999324502 ], [ 9.378587426804415, 47.870922647492627 ], [ 9.406411593670462, 47.940936986227449 ], [ 9.432821468011007, 47.93877138917636 ], [ 9.423144870147494, 47.963162363073444 ], [ 9.47724409491893, 47.9573168540282 ], [ 9.518347777538054, 47.989991238867013 ], [ 9.547133263649471, 47.963323615535671 ], [ 9.564646482888142, 47.969919167724242 ], [ 9.554768452462049, 48.005548406244095 ], [ 9.565522620910988, 47.9950602920498 ] ] ] } },
{ "type": "Feature", "properties": { "ags": "08437" }, "geometry": { "type": "Polygon", "coordinates": [ [ [ 9.274426406306594, 48.28479248442185 ], [ 9.350498573986775, 48.241321125738857 ], [ 9.30781079307838, 48.224350110916149 ], [ 9.32046628087069, 48.189304495278662 ], [ 9.264101066787514, 48.147012459084586 ], [ 9.288904303368369, 48.149278122928941 ], [ 9.354010606251801, 48.094278197928347 ], [ 9.411926820903439, 48.10236547454349 ], [ 9.455702819119914, 48.076090228736703 ], [ 9.527421950907549, 48.065682985167825 ], [ 9.604254162253607, 48.009784589934839 ], [ 9.578904479270307, 47.994193810092824 ], [ 9.554768452462049, 48.005548406244095 ], [ 9.562667130991244, 47.967007766211758 ], [ 9.535525719412291, 47.966843940106955 ], [ 9.518347777538054, 47.989991238867013 ], [ 9.47724409491893, 47.9573168540282 ], [ 9.423144870147494, 47.963162363073444 ], [ 9.432821468011007, 47.93877138917636 ], [ 9.406411593670462, 47.940936986227449 ], [ 9.411713678120234, 47.920162709297124 ], [ 9.392530097965809, 47.917434794925953 ], [ 9.402169592224006, 47.903662079197098 ], [ 9.376013618676893, 47.879440285599088 ], [ 9.401286439238353, 47.861594999324502 ], [ 9.404192493020195, 47.817214918524819 ], [ 9.338361975181581, 47.862175524474623 ], [ 9.288314459820857, 47.858827435667351 ], [ 9.265483534042325, 47.88204182354071 ], [ 9.238013724190306, 47.876649300755815 ], [ 9.242277893603566, 47.854805704565727 ], [ 9.191828881950102, 47.84057283699395 ], [ 9.128581811201199, 47.846817289525575 ], [ 9.117787526662793, 47.858933342429395 ], [ 9.138545441299945, 47.860139340459064 ], [ 9.151105204955917, 47.894982950449595 ], [ 9.066830275900463, 47.916123851647292 ], [ 9.077637666636875, 47.941597987266839 ], [ 9.012044833138267, 47.936922908625874 ], [ 9.007586608699315, 48.02560503110012 ], [ 8.971506651725912, 48.040165192243755 ], [ 8.952051415826514, 48.029672623221629 ], [ 8.934216865208064, 48.049369069345147 ], [ 8.99659473348186, 48.067873080440336 ], [ 8.950425683137626, 48.115907228088147 ], [ 8.983907268595676, 48.124045634678517 ], [ 9.010823201007955, 48.159566870027142 ], [ 9.111616612877153, 48.156951624505609 ], [ 9.162836563291817, 48.136368090833969 ], [ 9.189039234417553, 48.171281292782957 ], [ 9.174354361843749, 48.18100443590243 ], [ 9.186784883547183, 48.208891665184908 ], [ 9.111616952801162, 48.236453935348734 ], [ 9.109221494021227, 48.252848266402481 ], [ 9.186081998448602, 48.271021738442762 ], [ 9.201090109584113, 48.288061419660714 ], [ 9.223578485160745, 48.266780164068436 ], [ 9.274426406306594, 48.28479248442185 ] ] ] } },
{ "type": "Feature", "properties": { "ags": "09161" }, "geometry": { "type": "Polygon", "coordinates": [ [ [ 11.405818397510588, 48.819851647166402 ], [ 11.449191812599, 48.793749552174461 ], [ 11.493316668252335, 48.788168985275277 ], [ 11.503342525346028, 48.760743451906116 ], [ 11.486841402401154, 48.727367901807142 ], [ 11.453746489782791, 48.727597412166645 ], [ 11.432769430097217, 48.698641257982629 ], [ 11.392824632771552, 48.684266731566431 ], [ 11.354443034295098, 48.711443644751633 ], [ 11.365082515624835, 48.729725909261425 ], [ 11.327319837275571, 48.721508960993205 ], [ 11.255915943070178, 48.779428424218118 ], [ 11.272129650177163, 48.790876351220703 ], [ 11.382573093485117, 48.780357451740329 ], [ 11.405818397510588, 48.819851647166402 ] ] ] } },
{ "type": "Feature", "properties": { "ags": "09162" }, "geometry": { "type": "Polygon", "coordinates": [ [ [ 11.490713764838432, 48.245726254871947 ], [ 11.581330413496589, 48.229808310742712 ], [ 11.585285530836742, 48.21372090172369 ], [ 11.611913085639031, 48.218900423278463 ], [ 11.605863817624499, 48.226906849642454 ], [ 11.60815960117406, 48.230292927623402 ], [ 11.637945607541624, 48.226181425046803 ], [ 11.649741985268175, 48.212727458395996 ], [ 11.627746761187762, 48.177296666210793 ], [ 11.695495366124584, 48.179952349605855 ], [ 11.678060111325095, 48.144853420332929 ], [ 11.708672995797066, 48.148670717391582 ], [ 11.723082533546487, 48.136753615390738 ], [ 11.694103909883255, 48.123208974964847 ], [ 11.714011470093453, 48.109343049903892 ], [ 11.683043881326261, 48.092113930281137 ], [ 11.685724965754593, 48.077502764338412 ], [ 11.585985237188247, 48.093666993814068 ], [ 11.504293720776378, 48.062232779692771 ], [ 11.471718436234561, 48.08194420128752 ], [ 11.464540304006995, 48.129205143461256 ], [ 11.430039198912354, 48.13762981627913 ], [ 11.394346427078023, 48.125474951392377 ], [ 11.389030241471644, 48.147849543754532 ], [ 11.360877207803405, 48.158088796162559 ], [ 11.392159411505029, 48.200474559026418 ], [ 11.489062197250936, 48.222688301398399 ], [ 11.490713764838432, 48.245726254871947 ] ] ] } },
{ "type": "Feature", "properties": { "ags": "09163" }, "geometry": { "type": "Polygon", "coordinates": [ [ [ 12.138824805043402, 47.882291162930002 ], [ 12.153044123911817, 47.842236028677583 ], [ 12.12972129349918, 47.813934573908462 ], [ 12.054313304419459, 47.817710341871525 ], [ 12.100432318817345, 47.884168338194989 ], [ 12.138824805043402, 47.882291162930002 ] ] ] } },
{ "type": "Feature", "properties": { "ags": "09171" }, "geometry": { "type": "Polygon", "coordinates": [ [ [ 12.619798819362593, 48.356063618235204 ], [ 12.666670872026101, 48.331676764034647 ], [ 12.682686107654019, 48.345086699772189 ], [ 12.733426677420532, 48.321023825575722 ], [ 12.783059808103326, 48.327546445766721 ], [ 12.82360592296344, 48.315383607413807 ], [ 12.853857726607531, 48.278095677254093 ], [ 12.898846705183917, 48.263083474115028 ], [ 12.891852749684926, 48.236502724431183 ], [ 12.944684449202622, 48.206692566804001 ], [ 12.869828238920825, 48.201414454230374 ], [ 12.786589179643977, 48.123418436076904 ], [ 12.763580323288926, 48.128706839996354 ], [ 12.725832487537481, 48.102088587086847 ], [ 12.699958008235521, 48.104357116338711 ], [ 12.711017592280806, 48.068111017751008 ], [ 12.680893891737725, 48.045332701688245 ], [ 12.616402313948445, 48.045041027043546 ], [ 12.616325084353864, 48.064169847543155 ], [ 12.580243849746076, 48.069734192146939 ], [ 12.575084364342237, 48.112802884588646 ], [ 12.542200571974847, 48.139504178311128 ], [ 12.586039613783845, 48.180290371577868 ], [ 12.578318083409052, 48.225673260202029 ], [ 12.601781133192269, 48.231471172139088 ], [ 12.560879791901796, 48.246724648030238 ], [ 12.599734200094744, 48.282775390548615 ], [ 12.553584175415024, 48.30312644379655 ], [ 12.578222288563113, 48.31701011752245 ], [ 12.570185955137264, 48.340292574182008 ], [ 12.598295419426142, 48.335691827831994 ], [ 12.607291730183089, 48.353631918356641 ], [ 12.618188871778409, 48.341613392968213 ], [ 12.619798819362593, 48.356063618235204 ] ] ] } },
{ "type": "Feature", "properties": { "ags": "09172" }, "geometry": { "type": "Polygon", "coordinates": [ [ [ 12.917030404442002, 47.955041935999233 ], [ 12.938638408854191, 47.942844453120266 ], [ 13.004035831400644, 47.845159877791211 ], [ 12.928223257762742, 47.771256402565342 ], [ 12.94476488807681, 47.764602799668005 ], [ 12.905046865963017, 47.72364341845244 ], [ 12.95551298164194, 47.707779463300469 ], [ 13.010685218917713, 47.72268581314934 ], [ 13.043893564251928, 47.713826520574671 ], [ 13.080793954838189, 47.687024143449591 ], [ 13.098660589900785, 47.635407063881559 ], [ 13.062955510865452, 47.602132854214076 ], [ 13.071881532614876, 47.588372461166635 ], [ 13.043574402952519, 47.583446557872428 ], [ 13.057295139994473, 47.562109386213208 ], [ 13.031031506820259, 47.533086559950746 ], [ 13.047504861308287, 47.492083025813493 ], [ 13.003285497768607, 47.46337444856438 ], [ 12.977907428012619, 47.484625975789001 ], [ 12.969434352294133, 47.474183383432852 ], [ 12.90872405377389, 47.496989222329503 ], [ 12.847566239055638, 47.546034761868817 ], [ 12.803848238424427, 47.549886900964204 ], [ 12.779094133241047, 47.57904929678854 ], [ 12.824613710919424, 47.61210408185493 ], [ 12.759012631725104, 47.650903888020075 ], [ 12.783927488978849, 47.671618977243149 ], [ 12.757193877688598, 47.663011702862903 ], [ 12.695908284520412, 47.682205007216794 ], [ 12.719456131663364, 47.734421421378293 ], [ 12.766277707986568, 47.736648830633712 ], [ 12.795101887572931, 47.75629038181043 ], [ 12.848618439350044, 47.754919727996018 ], [ 12.832327178622046, 47.783583486702142 ], [ 12.773133394197837, 47.788040752223388 ], [ 12.74365330698404, 47.806789520720223 ], [ 12.728451503514485, 47.839820283710822 ], [ 12.747627721522248, 47.88970845838832 ], [ 12.875799538862577, 47.877484035648244 ], [ 12.885813015074286, 47.888605314932889 ], [ 12.853142283398945, 47.903542506842143 ], [ 12.848342585054079, 47.935701390618277 ], [ 12.875894315566981, 47.937255423103025 ], [ 12.875785648178921, 47.962608984060537 ], [ 12.917030404442002, 47.955041935999233 ] ] ] } },
{ "type": "Feature", "properties": { "ags": "09173" }, "geometry": { "type": "Polygon", "coordinates": [ [ [ 11.430160397883775, 47.980224713515 ], [ 11.463172762407465, 47.965566804611456 ], [ 11.453173319103014, 47.956482301170425 ], [ 11.479834886147939, 47.974671913474964 ], [ 11.515431048779206, 47.965322890265256 ], [ 11.516736391933271, 47.949642328179571 ], [ 11.564914764923154, 47.958119362501783 ], [ 11.656173455309114, 47.900408990079598 ], [ 11.662824631350603, 47.88424831080669 ], [ 11.60811143902861, 47.832234748017257 ], [ 11.653166068558962, 47.821906786235914 ], [ 11.66549509006342, 47.802504872374143 ], [ 11.627625401475274, 47.779884205891712 ], [ 11.663446155335789, 47.744239286496189 ], [ 11.622345900983094, 47.726353316275471 ], [ 11.66140720018176, 47.726397870546386 ], [ 11.671737306325181, 47.690155851683919 ], [ 11.642544047833562, 47.673333170841758 ], [ 11.680056814653323, 47.634791440232398 ], [ 11.607352868696971, 47.60965595157618 ], [ 11.600151809933379, 47.587436127507686 ], [ 11.629538011450871, 47.594105470015435 ], [ 11.634295844921674, 47.581145665010339 ], [ 11.606026284198478, 47.581363491137324 ], [ 11.572452230932814, 47.514509768968843 ], [ 11.505598889105611, 47.504731452402268 ], [ 11.441730599076617, 47.51761800038733 ], [ 11.41079242312912, 47.495287961828474 ], [ 11.326285047881518, 47.531488506263898 ], [ 11.318214669530123, 47.549775707754307 ], [ 11.289156336757294, 47.55382937708692 ], [ 11.291715045386033, 47.572712059209294 ], [ 11.262696008288096, 47.580361331108243 ], [ 11.289036179376751, 47.610607706524071 ], [ 11.269941487421713, 47.642739983960197 ], [ 11.283516541516516, 47.665114165006273 ], [ 11.347962812744447, 47.674768195628978 ], [ 11.373982071084118, 47.729505782738464 ], [ 11.429953944641671, 47.742858176320247 ], [ 11.403630096814039, 47.764742553944323 ], [ 11.411479660754871, 47.788986699266239 ], [ 11.362878719006073, 47.792698346391397 ], [ 11.327482425121801, 47.813563361883062 ], [ 11.334016570306597, 47.93359819334971 ], [ 11.393947900603788, 47.920170364609859 ], [ 11.430160397883775, 47.980224713515 ] ] ] } },
{ "type": "Feature", "properties": { "ags": "09174" }, "geometry": { "type": "Polygon", "coordinates": [ [ [ 11.358066453644144, 48.449859397228565 ], [ 11.413113462989013, 48.406165928251738 ], [ 11.473487281668774, 48.441065740252895 ], [ 11.505003899843642, 48.433403716845923 ], [ 11.504125840481297, 48.408177391002496 ], [ 11.53032695140851, 48.394061441429258 ], [ 11.506042026025712, 48.383126521423115 ], [ 11.524492574252893, 48.362365614340362 ], [ 11.509083650993512, 48.35385762472395 ], [ 11.573032702251554, 48.336134213029517 ], [ 11.582059012468447, 48.301473126531498 ], [ 11.518528378518873, 48.278975706017569 ], [ 11.489062197250936, 48.222688301398399 ], [ 11.417954010278134, 48.202596976807818 ], [ 11.378702493881496, 48.235332606525901 ], [ 11.324910076600395, 48.227435459304445 ], [ 11.293733223598199, 48.260455976576814 ], [ 11.25219300264653, 48.26119711110541 ], [ 11.177334466968702, 48.29668394474961 ], [ 11.148707657217654, 48.285740796384452 ], [ 11.149058310131325, 48.269666162629598 ], [ 11.114322558152274, 48.269281003094903 ], [ 11.122083766208059, 48.316384971958009 ], [ 11.173646679561699, 48.335735325612426 ], [ 11.166005129496396, 48.368896264757431 ], [ 11.183835316766331, 48.366332139146991 ], [ 11.174103255432662, 48.375774044549168 ], [ 11.198314851216178, 48.386680134071099 ], [ 11.178249584650422, 48.417466159555623 ], [ 11.260358976158603, 48.446802014683755 ], [ 11.358066453644144, 48.449859397228565 ] ] ] } },
{ "type": "Feature", "properties": { "ags": "09175" }, "geometry": { "type": "Polygon", "coordinates": [ [ [ 11.767099392032323, 48.224942561629 ], [ 11.827002384401716, 48.205372415678013 ], [ 11.882037818032183, 48.207372196809153 ], [ 11.885969385878948, 48.191940244296063 ], [ 11.925401449814865, 48.18929616602729 ], [ 11.937403137994595, 48.16576968128512 ], [ 12.006214842273154, 48.172959994621522 ], [ 12.049807747503392, 48.129392382034688 ], [ 12.085941948676629, 48.125296870265693 ], [ 12.080956759447329, 48.099366726011191 ], [ 12.062476512201767, 48.099037948554383 ], [ 12.078215411900148, 48.087124150041802 ], [ 12.073795631094079, 48.024394662720532 ], [ 12.100284851579753, 47.99607684846513 ], [ 12.072914232310952, 47.975682554166426 ], [ 12.000718178691026, 47.954099346577266 ], [ 11.935848407129063, 47.994088779375446 ], [ 11.945974263408397, 47.943463490119782 ], [ 11.92728079596376, 47.931231642276813 ], [ 11.872279686647234, 47.956872872697595 ], [ 11.848873071761222, 47.94695700953713 ], [ 11.80552381185832, 47.983585623296193 ], [ 11.762134011886397, 47.991882758462651 ], [ 11.766766908863936, 48.02248589113568 ], [ 11.788655274758712, 48.020427394748609 ], [ 11.787904024971192, 48.057165419662034 ], [ 11.808702549721398, 48.061675099049239 ], [ 11.784643745482843, 48.069578116731449 ], [ 11.747778076559575, 48.137590703442335 ], [ 11.775770862990614, 48.161928595680763 ], [ 11.755055737759777, 48.189106754225079 ], [ 11.767099392032323, 48.224942561629 ] ] ] } },
{ "type": "Feature", "properties": { "ags": "09176" }, "geometry": { "type": "Polygon", "coordinates": [ [ [ 11.39902782299616, 49.080569065835668 ], [ 11.461016811337371, 49.061901726707788 ], [ 11.504282602524988, 49.076894608698602 ], [ 11.538009145450712, 49.069948347129646 ], [ 11.516278150957467, 49.032026209353909 ], [ 11.543011610465991, 49.025128183280032 ], [ 11.536419618509468, 49.00670905952915 ], [ 11.576390055333345, 48.989087699442607 ], [ 11.59488964964304, 48.95374653129921 ], [ 11.667087408177654, 48.924830692652968 ], [ 11.686557968706158, 48.933610316133922 ], [ 11.707637330486303, 48.91809683293846 ], [ 11.728495774843838, 48.93008434359394 ], [ 11.717321006170819, 48.897186293242783 ], [ 11.743524508503645, 48.874167070646607 ], [ 11.718308543761463, 48.865369823524489 ], [ 11.719766111868692, 48.837128559770619 ], [ 11.699153268418813, 48.838815191053882 ], [ 11.707138072789899, 48.812594131953453 ], [ 11.741044914636289, 48.816169902131293 ], [ 11.723257492838759, 48.78297553062206 ], [ 11.69746447190116, 48.793090793713326 ], [ 11.670966325388479, 48.774170022902275 ], [ 11.639608983012035, 48.796947327214468 ], [ 11.644316549683836, 48.812070357081282 ], [ 11.602982299874826, 48.813755762287329 ], [ 11.555447848820455, 48.759514233817285 ], [ 11.566356731874215, 48.749820473050974 ], [ 11.507227183265526, 48.733171044378466 ], [ 11.489323338426175, 48.745004005957128 ], [ 11.499217140277102, 48.784398582025254 ], [ 11.400701415005917, 48.822276563284099 ], [ 11.382573093485117, 48.780357451740329 ], [ 11.272129650177163, 48.790876351220703 ], [ 11.225719724166016, 48.77160649276739 ], [ 11.120723802959892, 48.81287529252382 ], [ 11.073065236210544, 48.807311999650963 ], [ 11.056337664431808, 48.790030494277694 ], [ 11.04221567260365, 48.821073729054525 ], [ 11.00594142243936, 48.821882997513868 ], [ 10.998441562115133, 48.843564336458705 ], [ 10.970352500223102, 48.841528013584522 ], [ 10.981814367306756, 48.862416228626557 ], [ 10.96459350385758, 48.854808765187833 ], [ 10.937592985774474, 48.8622029219447 ], [ 10.963137722101928, 48.859356620277779 ], [ 10.974122138354669, 48.878718865376179 ], [ 11.031318609336935, 48.886915130962521 ], [ 11.032378276529077, 48.908900156191301 ], [ 11.071117344062261, 48.911451703965177 ], [ 11.050608827725164, 48.93187231201621 ], [ 11.070427054518598, 48.95366449243928 ], [ 11.142374884542491, 48.965182134914478 ], [ 11.143189037129671, 48.991503949589585 ], [ 11.163091716837082, 49.014778173489226 ], [ 11.190577057480978, 49.018438553234148 ], [ 11.179524236143076, 49.028644289714919 ], [ 11.201926904651215, 49.047591521202548 ], [ 11.255388498650545, 49.052784056829012 ], [ 11.266622399771682, 49.010917580067904 ], [ 11.293128697904057, 49.005012540821319 ], [ 11.297195138041651, 49.016155008387649 ], [ 11.327118981810608, 48.997930188973164 ], [ 11.345929408904489, 49.019853482349518 ], [ 11.381805003583539, 49.017012728169703 ], [ 11.386383133810615, 49.031017509821183 ], [ 11.415865101647555, 49.034773675155158 ], [ 11.400552412174696, 49.053643565423798 ], [ 11.426426105110451, 49.053831018118764 ], [ 11.399565323600784, 49.061639091974676 ], [ 11.39902782299616, 49.080569065835668 ] ] ] } },
{ "type": "Feature", "properties": { "ags": "09177" }, "geometry": { "type": "Polygon", "coordinates": [ [ [ 11.969421102968026, 48.454011682355336 ], [ 12.020770371433249, 48.416308746444386 ], [ 12.082107835393202, 48.4289550035273 ], [ 12.165274328747422, 48.420357877524594 ], [ 12.187347419664837, 48.371251551426312 ], [ 12.23285113143243, 48.349187122948265 ], [ 12.254462560547246, 48.309167383076485 ], [ 12.214887503887669, 48.232649684089417 ], [ 12.232425204792355, 48.20167572595691 ], [ 12.186588480948355, 48.217504105274607 ], [ 12.183101141683453, 48.201925046164234 ], [ 12.111271405958062, 48.185695244025666 ], [ 12.102001058580292, 48.168602341561119 ], [ 12.033506969361856, 48.160356231063069 ], [ 12.041819711394728, 48.140365658306706 ], [ 12.006214842273154, 48.172959994621522 ], [ 11.937403137994595, 48.16576968128512 ], [ 11.925401449814865, 48.18929616602729 ], [ 11.885969385878948, 48.191940244296063 ], [ 11.882037818032183, 48.207372196809153 ], [ 11.756169321381751, 48.221111709009826 ], [ 11.759537968848017, 48.254368405394878 ], [ 11.731387362453889, 48.288836839172291 ], [ 11.766191112555067, 48.297775786824857 ], [ 11.781584300318201, 48.357879016622618 ], [ 11.807998704406966, 48.389410748896339 ], [ 11.841713108937272, 48.396875972033691 ], [ 11.839828945470131, 48.411765794873439 ], [ 11.920005585030554, 48.42747141873366 ], [ 11.969421102968026, 48.454011682355336 ] ] ] } },
{ "type": "Feature", "properties": { "ags": "09178" }, "geometry": { "type": "Polygon", "coordinates": [ [ [ 11.706866737871772, 48.615385880465531 ], [ 11.774042769030373, 48.599615099981129 ], [ 11.799000669668741, 48.614182912472671 ], [ 11.866188491083591, 48.579091338830814 ], [ 11.885513851514681, 48.588537586276942 ], [ 11.958814953552359, 48.578531084802741 ], [ 11.97503723817541, 48.512563314768983 ], [ 11.957158793729322, 48.500398227327601 ], [ 12.009715876492917, 48.495088114740994 ], [ 11.991688700686399, 48.449764478934959 ], [ 12.019268857805011, 48.431042178419965 ], [ 11.960214472069438, 48.454774768446491 ], [ 11.920005585030554, 48.42747141873366 ], [ 11.839828945470131, 48.411765794873439 ], [ 11.841713108937272, 48.396875972033691 ], [ 11.807998704406966, 48.389410748896339 ], [ 11.782222246515296, 48.358755868219291 ], [ 11.766191112555067, 48.297775786824857 ], [ 11.739120695703324, 48.296049747341918 ], [ 11.738185856166442, 48.276334182636212 ], [ 11.639882212107544, 48.265886425549034 ], [ 11.594651014401933, 48.274330385792339 ], [ 11.573032702251554, 48.336134213029517 ], [ 11.509083650993512, 48.35385762472395 ], [ 11.524492574252893, 48.362365614340362 ], [ 11.506042026025712, 48.383126521423115 ], [ 11.53032695140851, 48.394061441429258 ], [ 11.492512612820175, 48.438013255188487 ], [ 11.560045990178841, 48.490797517318022 ], [ 11.626375385566163, 48.463119283488467 ], [ 11.641159227082792, 48.496631128340056 ], [ 11.662399157214246, 48.498519184131524 ], [ 11.657937104295184, 48.562594108275839 ], [ 11.707911328375168, 48.586928345429598 ], [ 11.706866737871772, 48.615385880465531 ] ] ] } },
{ "type": "Feature", "properties": { "ags": "09179" }, "geometry": { "type": "Polygon", "coordinates": [ [ [ 11.187859715856218, 48.292968464032526 ], [ 11.25219300264653, 48.26119711110541 ], [ 11.293733223598199, 48.260455976576814 ], [ 11.324910076600395, 48.227435459304445 ], [ 11.36832779374512, 48.236982781519146 ], [ 11.397540667641152, 48.227022151111605 ], [ 11.408109263879698, 48.210599406526207 ], [ 11.360877207803405, 48.158088796162559 ], [ 11.389030241471644, 48.147849543754532 ], [ 11.389449548398659, 48.127942032187619 ], [ 11.412450776483279, 48.127115047504148 ], [ 11.38268539039292, 48.10643865334945 ], [ 11.26319542678204, 48.136220173025976 ], [ 11.186004234897903, 48.096771261225662 ], [ 11.151206425622172, 48.110617922647442 ], [ 11.089317710143993, 48.087801519235157 ], [ 11.055626373860278, 48.103160429007104 ], [ 11.060481918668621, 48.139004817986596 ], [ 11.0056221531913, 48.155075816867459 ], [ 11.013021670321395, 48.16756495489296 ], [ 10.992872262300171, 48.176030035829534 ], [ 11.059218738528958, 48.196141609821069 ], [ 11.038652925676008, 48.221362754774304 ], [ 11.058781926667393, 48.246230522184518 ], [ 11.044605074111937, 48.254651670354193 ], [ 11.066557051865709, 48.255341052076759 ], [ 11.071626150520098, 48.281274910501693 ], [ 11.100988009065414, 48.260274104848563 ], [ 11.187859715856218, 48.292968464032526 ] ] ] } },
{ "type": "Feature", "properties": { "ags": "09180" }, "geometry": { "type": "Polygon", "coordinates": [ [ [ 11.126426341298528, 47.735333006228295 ], [ 11.175012602754904, 47.714764564561733 ], [ 11.200580493864353, 47.732817835549213 ], [ 11.323953050791495, 47.713559717435814 ], [ 11.347962812744447, 47.674768195628978 ], [ 11.283516541516516, 47.665114165006273 ], [ 11.269941487421713, 47.642739983960197 ], [ 11.289036179376751, 47.610607706524071 ], [ 11.262696008288096, 47.580361331108243 ], [ 11.291715045386033, 47.572712059209294 ], [ 11.289156336757294, 47.55382937708692 ], [ 11.318214669530123, 47.549775707754307 ], [ 11.326285047881518, 47.531488506263898 ], [ 11.410238472870796, 47.495674447101443 ], [ 11.383809621622396, 47.472207699155206 ], [ 11.421453927126423, 47.444714268923654 ], [ 11.338124368131487, 47.449717308055902 ], [ 11.291059794857858, 47.42717287604659 ], [ 11.272891853858846, 47.397852570520051 ], [ 11.225001751255613, 47.395272781527204 ], [ 11.253410754835837, 47.428243803545968 ], [ 11.206910413957166, 47.433801208061958 ], [ 11.129196925440938, 47.412798395161026 ], [ 11.115455044246884, 47.395593073826547 ], [ 10.979441870379425, 47.396945136860353 ], [ 10.983600033047734, 47.430014555928466 ], [ 10.928072664423516, 47.471925235886694 ], [ 10.937054524910664, 47.481466456994717 ], [ 10.870048944180544, 47.483220133201463 ], [ 10.870477883586531, 47.499369190233338 ], [ 10.918396878581467, 47.517338885878488 ], [ 10.880542028176357, 47.541423625871374 ], [ 10.872825937902721, 47.572458878941461 ], [ 10.942284596191202, 47.597257777109256 ], [ 10.965643892936065, 47.644458341750962 ], [ 10.990240413191346, 47.655572557919392 ], [ 10.964977293612279, 47.697791349846945 ], [ 10.97843669893548, 47.714268607198854 ], [ 11.041442253877376, 47.704381057247609 ], [ 11.065527658591265, 47.732399910674225 ], [ 11.126426341298528, 47.735333006228295 ] ] ] } },
{ "type": "Feature", "properties": { "ags": "09181" }, "geometry": { "type": "Polygon", "coordinates": [ [ [ 10.90984789610131, 48.236181698080991 ], [ 10.961004570568441, 48.198916585462328 ], [ 10.988336330864069, 48.210228975289958 ], [ 11.035712812908338, 48.194784251617385 ], [ 11.024980040928586, 48.178159557805095 ], [ 10.992872262300171, 48.176030035829534 ], [ 11.013021670321395, 48.16756495489296 ], [ 11.004659341036518, 48.156184608760071 ], [ 11.060481918668621, 48.139004817986596 ], [ 11.055626373860278, 48.103160429007104 ], [ 11.089317710143993, 48.087801519235157 ], [ 11.138796415329114, 48.09690615013627 ], [ 11.13557499146471, 48.015107508032585 ], [ 11.170030108734167, 47.990767699610849 ], [ 11.147497439587202, 47.937996082243906 ], [ 11.130491313903992, 47.943919913454025 ], [ 11.11895636750628, 47.927743758897392 ], [ 11.072022060187443, 47.920170383603718 ], [ 11.073375423174747, 47.900820721494483 ], [ 11.019652817734364, 47.909036410486515 ], [ 10.986424164426547, 47.894986437132872 ], [ 10.971861917172712, 47.86331407097375 ], [ 10.934223777931644, 47.881472688877771 ], [ 10.917205808557176, 47.858161786954312 ], [ 10.868273774702521, 47.874183015777263 ], [ 10.839632296392502, 47.851490377114132 ], [ 10.772009058251847, 47.842397242248374 ], [ 10.748334563124873, 47.854784515125765 ], [ 10.79057221410568, 47.886694520892284 ], [ 10.771675551168508, 47.88379511992342 ], [ 10.791455927874678, 47.907409249577753 ], [ 10.772958246258108, 47.930023032872889 ], [ 10.79968184134097, 47.936858897630387 ], [ 10.79451582297785, 47.956307365398381 ], [ 10.826458063668653, 47.995260758168094 ], [ 10.815651252984571, 48.0308877191544 ], [ 10.756359749517738, 48.040345854945699 ], [ 10.816268528984851, 48.10207038699582 ], [ 10.789630044374704, 48.120572079705646 ], [ 10.785813021081884, 48.149923839271672 ], [ 10.848579077980485, 48.147523885118595 ], [ 10.90984789610131, 48.236181698080991 ] ] ] } },
{ "type": "Feature", "properties": { "ags": "09182" }, "geometry": { "type": "Polygon", "coordinates": [ [ [ 11.782820074851745, 47.933381989089234 ], [ 11.855431969770553, 47.863145473019053 ], [ 11.948146204524631, 47.844900989958099 ], [ 11.952599752317481, 47.822387038753419 ], [ 11.915883033239224, 47.810530587383738 ], [ 11.998169463150267, 47.769509412748427 ], [ 11.986934484061882, 47.747452240504103 ], [ 12.022925741111161, 47.739449848110439 ], [ 12.008690307807823, 47.707198210054692 ], [ 12.055793762308648, 47.673979683996407 ], [ 12.028379880083627, 47.646706096983237 ], [ 12.060661981207168, 47.618743443618811 ], [ 11.913174156965422, 47.613715242740369 ], [ 11.854913362173042, 47.602337562209158 ], [ 11.843867747777891, 47.581214836212474 ], [ 11.601132026473197, 47.586853867835053 ], [ 11.608453280436143, 47.610732127016227 ], [ 11.680056814653323, 47.634791440232398 ], [ 11.642544047833562, 47.673333170841758 ], [ 11.671737306325181, 47.690155851683919 ], [ 11.66140720018176, 47.726397870546386 ], [ 11.622345900983094, 47.726353316275471 ], [ 11.663446155335789, 47.744239286496189 ], [ 11.627625401475274, 47.779884205891712 ], [ 11.66549509006342, 47.802504872374143 ], [ 11.653166068558962, 47.821906786235914 ], [ 11.60811143902861, 47.832234748017257 ], [ 11.663577559626939, 47.88557963766722 ], [ 11.650957477640279, 47.881344685980835 ], [ 11.656173455309114, 47.900408990079598 ], [ 11.623461613962961, 47.920327966531168 ], [ 11.684772682117794, 47.937845976741819 ], [ 11.707055168767884, 47.936832637088713 ], [ 11.716693929544332, 47.917014349614831 ], [ 11.75751810420334, 47.922468512988843 ], [ 11.757678390388184, 47.938430092199972 ], [ 11.782820074851745, 47.933381989089234 ] ] ] } },
{ "type": "Feature", "properties": { "ags": "09183" }, "geometry": { "type": "Polygon", "coordinates": [ [ [ 12.488639142991467, 48.428248350174933 ], [ 12.541621807651639, 48.422323551992129 ], [ 12.540107876662116, 48.402403589827685 ], [ 12.566109798672937, 48.403655985722587 ], [ 12.609472207427169, 48.359454663182049 ], [ 12.598295419426142, 48.335691827831994 ], [ 12.570185955137264, 48.340292574182008 ], [ 12.578222288563113, 48.31701011752245 ], [ 12.553584175415024, 48.30312644379655 ], [ 12.599734200094744, 48.282775390548615 ], [ 12.600296620385192, 48.269156741611013 ], [ 12.56151689762306, 48.254843031435435 ], [ 12.601781133192269, 48.231471172139088 ], [ 12.578318083409052, 48.225673260202029 ], [ 12.586039613783845, 48.180290371577868 ], [ 12.56801090169674, 48.158041585854086 ], [ 12.555500052233588, 48.163897063259981 ], [ 12.529226028645393, 48.144825661895524 ], [ 12.489434381744838, 48.155688494221536 ], [ 12.4719804928201, 48.117253684984519 ], [ 12.440836841071706, 48.111100326262196 ], [ 12.423274175973312, 48.131712124135923 ], [ 12.380093013018509, 48.117174137073548 ], [ 12.371326079487156, 48.128142673190943 ], [ 12.328085069116067, 48.105257794118025 ], [ 12.286173716715103, 48.106536674125778 ], [ 12.251542110890819, 48.135157438686853 ], [ 12.242565602251878, 48.126568895751326 ], [ 12.209098903548737, 48.143177621941838 ], [ 12.162569349107949, 48.083082100758048 ], [ 12.134255628048143, 48.097751574835542 ], [ 12.150003160902385, 48.115142427407967 ], [ 12.134165474365702, 48.130775285447662 ], [ 12.049807747503392, 48.129392382034688 ], [ 12.033506969361856, 48.160356231063069 ], [ 12.102001058580292, 48.168602341561119 ], [ 12.111271405958062, 48.185695244025666 ], [ 12.183101141683453, 48.201925046164234 ], [ 12.186588480948355, 48.217504105274607 ], [ 12.232425204792355, 48.20167572595691 ], [ 12.214887503887669, 48.232649684089417 ], [ 12.234659364414357, 48.250993504604338 ], [ 12.227504615718654, 48.277492840843443 ], [ 12.254054763213128, 48.288303884389293 ], [ 12.255626669336014, 48.326622538312925 ], [ 12.302207510348307, 48.330304588882449 ], [ 12.308827109648762, 48.316346432930494 ], [ 12.32321800766832, 48.340031798518964 ], [ 12.360084518254533, 48.331465744274794 ], [ 12.439924906359662, 48.386832658392692 ], [ 12.428666097566339, 48.416045202656726 ], [ 12.454253585069482, 48.410558527733023 ], [ 12.488639142991467, 48.428248350174933 ] ] ] } },
{ "type": "Feature", "properties": { "ags": "09184" }, "geometry": { "type": "Polygon", "coordinates": [ [ [ 11.578698340638917, 48.299545801449135 ], [ 11.594651014401933, 48.274330385792339 ], [ 11.639882212107544, 48.265886425549034 ], [ 11.735111109186358, 48.278897569683224 ], [ 11.759298133530926, 48.254991563903516 ], [ 11.755055737759777, 48.189106754225079 ], [ 11.775770862990614, 48.161928595680763 ], [ 11.747778076559575, 48.137590703442335 ], [ 11.784643745482843, 48.069578116731449 ], [ 11.808702549721398, 48.061675099049239 ], [ 11.787904024971192, 48.057165419662034 ], [ 11.788655274758712, 48.020427394748609 ], [ 11.766766908863936, 48.02248589113568 ], [ 11.759641746392452, 47.997080594471178 ], [ 11.848097983481704, 47.961228352796354 ], [ 11.824632482900533, 47.923344415931354 ], [ 11.777034322942525, 47.942586256892184 ], [ 11.751391297897236, 47.921033621671043 ], [ 11.716693929544332, 47.917014349614831 ], [ 11.700530755638717, 47.938906029899101 ], [ 11.613073386524805, 47.920191232142507 ], [ 11.564914764923154, 47.958119362501783 ], [ 11.516736391933271, 47.949642328179571 ], [ 11.515431048779206, 47.965322890265256 ], [ 11.479834886147939, 47.974671913474964 ], [ 11.453173319103014, 47.956482301170425 ], [ 11.452833187296735, 47.972966001035942 ], [ 11.406311040158355, 47.989367380385353 ], [ 11.43406890606685, 48.012602625619046 ], [ 11.432190303275164, 48.030745720746644 ], [ 11.403370163790127, 48.032196702946116 ], [ 11.420082029564345, 48.041836966322776 ], [ 11.402243381888203, 48.072801572966924 ], [ 11.424147941909331, 48.096415288542275 ], [ 11.385188521420064, 48.112028209789997 ], [ 11.427470385680094, 48.136734538563161 ], [ 11.464540304006995, 48.129205143461256 ], [ 11.471718436234561, 48.08194420128752 ], [ 11.508732246629943, 48.061553773967454 ], [ 11.585985237188247, 48.093666993814068 ], [ 11.685724965754593, 48.077502764338412 ], [ 11.683043881326261, 48.092113930281137 ], [ 11.713126558777917, 48.105028410164671 ], [ 11.694103909883255, 48.123208974964847 ], [ 11.723082533546487, 48.136753615390738 ], [ 11.674086253493474, 48.15557672932507 ], [ 11.695495366124584, 48.179952349605855 ], [ 11.627746761187762, 48.177296666210793 ], [ 11.649741985268175, 48.212727458395996 ], [ 11.637945607541624, 48.226181425046803 ], [ 11.60815960117406, 48.230292927623402 ], [ 11.611913085639031, 48.218900423278463 ], [ 11.585285530836742, 48.21372090172369 ], [ 11.581330413496589, 48.229808310742712 ], [ 11.534003914048865, 48.230598629230165 ], [ 11.499817843350854, 48.24814577580797 ], [ 11.518528378518873, 48.278975706017569 ], [ 11.578698340638917, 48.299545801449135 ] ] ] } },
{ "type": "Feature", "properties": { "ags": "09185" }, "geometry": { "type": "Polygon", "coordinates": [ [ [ 11.034895186541036, 48.822934825367319 ], [ 11.056337664431808, 48.790030494277694 ], [ 11.073065236210544, 48.807311999650963 ], [ 11.120723802959892, 48.81287529252382 ], [ 11.222633619130887, 48.772269059395946 ], [ 11.256528114163711, 48.779415270382266 ], [ 11.327319837275571, 48.721508960993205 ], [ 11.365082515624835, 48.729725909261425 ], [ 11.354443034295098, 48.711443644751633 ], [ 11.377079486086169, 48.688760934109524 ], [ 11.455823725298689, 48.698404534562748 ], [ 11.429209641742933, 48.682392911741978 ], [ 11.44762224748459, 48.681738982811815 ], [ 11.43873008113372, 48.646865833613539 ], [ 11.397860724539738, 48.640910482856285 ], [ 11.378033691451547, 48.615005890426346 ], [ 11.3453008119369, 48.60650008939357 ], [ 11.384868850489775, 48.586942436136752 ], [ 11.382295411702016, 48.564085606658985 ], [ 11.335893031020968, 48.570619678096321 ], [ 11.364449380411864, 48.540942615559338 ], [ 11.313904272990335, 48.516388136236763 ], [ 11.314337884310332, 48.483941091278332 ], [ 11.268517341350183, 48.46367730703939 ], [ 11.213551166709671, 48.49572439738855 ], [ 11.208667609619402, 48.527480020726976 ], [ 11.126825631824511, 48.553466587043992 ], [ 11.16507406033525, 48.571743673539672 ], [ 11.155116094507415, 48.595900151201093 ], [ 11.125570253960962, 48.591853124075477 ], [ 11.115249017793159, 48.60862796897046 ], [ 11.050699194778419, 48.601206858077546 ], [ 11.022986148806174, 48.620171303343689 ], [ 11.039609702236419, 48.645423839004287 ], [ 10.98395888567714, 48.69286200855403 ], [ 10.998434916062495, 48.764539212998805 ], [ 10.97086020881237, 48.768868085366016 ], [ 10.986241562629241, 48.790044089132678 ], [ 10.947425370180117, 48.810791166648023 ], [ 11.034895186541036, 48.822934825367319 ] ] ] } },
{ "type": "Feature", "properties": { "ags": "09186" }, "geometry": { "type": "Polygon", "coordinates": [ [ [ 11.61049108602514, 48.814335326061958 ], [ 11.644316549683836, 48.812070357081282 ], [ 11.639608983012035, 48.796947327214468 ], [ 11.670966325388479, 48.774170022902275 ], [ 11.69746447190116, 48.793090793713326 ], [ 11.719289651772437, 48.784712106644257 ], [ 11.695014778107772, 48.783143076105333 ], [ 11.714947835488726, 48.755691831999194 ], [ 11.655406164367774, 48.74413948318432 ], [ 11.66879469212545, 48.724339548594841 ], [ 11.653470773001239, 48.700598602945725 ], [ 11.695506646200329, 48.683671746329992 ], [ 11.68554454910185, 48.663344770703112 ], [ 11.712620270488269, 48.648235537961718 ], [ 11.692134555201179, 48.630276592599039 ], [ 11.707911328375168, 48.586928345429598 ], [ 11.657937104295184, 48.562594108275839 ], [ 11.662399157214246, 48.498519184131524 ], [ 11.641159227082792, 48.496631128340056 ], [ 11.626375385566163, 48.463119283488467 ], [ 11.556494750474139, 48.489860301547182 ], [ 11.508585430268438, 48.441740106002534 ], [ 11.445188833641154, 48.431693891601135 ], [ 11.443648907632122, 48.413143721288009 ], [ 11.413113462989013, 48.406165928251738 ], [ 11.358066453644144, 48.449859397228565 ], [ 11.299803131886986, 48.455195120404831 ], [ 11.295108396062556, 48.475916212295886 ], [ 11.324986959372826, 48.50260978933337 ], [ 11.313904272990335, 48.516388136236763 ], [ 11.364887472734456, 48.541963530599531 ], [ 11.335893031020968, 48.570619678096321 ], [ 11.382295411702016, 48.564085606658985 ], [ 11.384868850489775, 48.586942436136752 ], [ 11.3453008119369, 48.60650008939357 ], [ 11.378033691451547, 48.615005890426346 ], [ 11.397860724539738, 48.640910482856285 ], [ 11.43873008113372, 48.646865833613539 ], [ 11.44762224748459, 48.681738982811815 ], [ 11.429209641742933, 48.682392911741978 ], [ 11.457420273244409, 48.69185254673171 ], [ 11.430591850598947, 48.703130366471619 ], [ 11.441240642628653, 48.721318594486995 ], [ 11.486841402401154, 48.727367901807142 ], [ 11.489323338426175, 48.745004005957128 ], [ 11.510645599712412, 48.732873499654701 ], [ 11.544348938539713, 48.750529090346305 ], [ 11.553326029224602, 48.741330420524712 ], [ 11.61049108602514, 48.814335326061958 ] ] ] } },
{ "type": "Feature", "properties": { "ags": "09187" }, "geometry": { "type": "MultiPolygon", "coordinates": [ [ [ [ 12.411531400446064, 47.860581624082229 ], [ 12.390376757928271, 47.853766348307033 ], [ 12.38423572086308, 47.861091260477252 ], [ 12.392952402621741, 47.872907583495973 ], [ 12.411531400446064, 47.860581624082229 ] ] ], [ [ [ 12.209098903548737, 48.143177621941838 ], [ 12.251542110890819, 48.135157438686853 ], [ 12.290257272504796, 48.105518500822278 ], [ 12.328737070209996, 48.105396740246164 ], [ 12.35010751163861, 48.126101295885803 ], [ 12.387555534599024, 48.117379846792673 ], [ 12.335368239706897, 48.090063059720109 ], [ 12.340799428978153, 48.070075619371998 ], [ 12.324634942057479, 48.066137563597835 ], [ 12.357393326248081, 48.040424411454211 ], [ 12.327399510258255, 47.975376750127005 ], [ 12.390763036210561, 47.942876450404285 ], [ 12.414607300936911, 47.955520005212804 ], [ 12.441639088829085, 47.946921623366819 ], [ 12.413883118313906, 47.919646048985662 ], [ 12.444032116902854, 47.922100513197357 ], [ 12.430582565174628, 47.893800146482654 ], [ 12.407447464321017, 47.87465940074253 ], [ 12.374142183055859, 47.887748082777271 ], [ 12.379673750311804, 47.871382264845934 ], [ 12.363869792252046, 47.869928226488781 ], [ 12.375065366674633, 47.834686418826799 ], [ 12.427730253128994, 47.834980641385087 ], [ 12.434648068885974, 47.81543612314357 ], [ 12.389811831866076, 47.814963373781865 ], [ 12.399899159700837, 47.799110865353356 ], [ 12.375550144881243, 47.75405240848341 ], [ 12.338528572844028, 47.733135226488173 ], [ 12.33804537410405, 47.697087345999869 ], [ 12.255189497052358, 47.679294991654153 ], [ 12.24116747666845, 47.694104124428591 ], [ 12.256972280040765, 47.74300716989864 ], [ 12.203651083571232, 47.707403269015188 ], [ 12.16259845039492, 47.701129776638716 ], [ 12.208133502715331, 47.613877326477251 ], [ 12.178144001858227, 47.600866652719724 ], [ 12.179044990942629, 47.614368630200289 ], [ 12.082350945862094, 47.609734394739952 ], [ 12.031898696790144, 47.642125239053435 ], [ 12.055793762308648, 47.673979683996407 ], [ 12.008690307807823, 47.707198210054692 ], [ 12.022925741111161, 47.739449848110439 ], [ 11.986934484061882, 47.747452240504103 ], [ 11.998169463150267, 47.769509412748427 ], [ 11.915883033239224, 47.810530587383738 ], [ 11.952599752317481, 47.822387038753419 ], [ 11.948146204524631, 47.844900989958099 ], [ 11.855431969770553, 47.863145473019053 ], [ 11.801841909793062, 47.920816352261298 ], [ 11.872279686647234, 47.956872872697595 ], [ 11.929641883888388, 47.9319289833944 ], [ 11.945974263408397, 47.943463490119782 ], [ 11.935848407129063, 47.994088779375446 ], [ 12.000718178691026, 47.954099346577266 ], [ 12.072914232310952, 47.975682554166426 ], [ 12.100284851579753, 47.99607684846513 ], [ 12.073795631094079, 48.024394662720532 ], [ 12.074123203058237, 48.112763096837419 ], [ 12.13068239104982, 48.132006711568877 ], [ 12.150003160902385, 48.115142427407967 ], [ 12.134255628048143, 48.097751574835542 ], [ 12.162569349107949, 48.083082100758048 ], [ 12.209098903548737, 48.143177621941838 ] ], [ [ 12.127892055671907, 47.881996481467681 ], [ 12.100432318817345, 47.884168338194989 ], [ 12.054313304419459, 47.817710341871525 ], [ 12.13567293976141, 47.819069438431264 ], [ 12.153129462069131, 47.843733209985864 ], [ 12.127892055671907, 47.881996481467681 ] ] ], [ [ [ 12.417059522094581, 47.867540033003642 ], [ 12.415776941930346, 47.869475075351588 ], [ 12.419018915695668, 47.869931997364652 ], [ 12.417059522094581, 47.867540033003642 ] ] ], [ [ [ 12.428674790771618, 47.874710353646684 ], [ 12.423961031452823, 47.873426865317469 ], [ 12.425738363709575, 47.87617369359976 ], [ 12.428674790771618, 47.874710353646684 ] ] ] ] } },
{ "type": "Feature", "properties": { "ags": "09188" }, "geometry": { "type": "Polygon", "coordinates": [ [ [ 11.268270171354036, 48.134610582691508 ], [ 11.424147941909331, 48.096415288542275 ], [ 11.402243381888203, 48.072801572966924 ], [ 11.420082029564345, 48.041836966322776 ], [ 11.403370163790127, 48.032196702946116 ], [ 11.432190303275164, 48.030745720746644 ], [ 11.43406890606685, 48.012602625619046 ], [ 11.404069772653498, 47.995423343802543 ], [ 11.428924556320256, 47.97825284092179 ], [ 11.393947900603788, 47.920170364609859 ], [ 11.334016570306597, 47.93359819334971 ], [ 11.329171258143441, 47.821091432952485 ], [ 11.289910797280413, 47.833253712808357 ], [ 11.302201136872378, 47.859394298103453 ], [ 11.285746495146938, 47.886862280472549 ], [ 11.259535409235388, 47.875085266789078 ], [ 11.185839053616213, 47.883401216736175 ], [ 11.193277974061147, 47.903164258390468 ], [ 11.235809108817946, 47.921815852333488 ], [ 11.149587799477214, 47.953412566400978 ], [ 11.170240631672545, 47.99246530539498 ], [ 11.141861118274647, 48.005129445982604 ], [ 11.12925392147319, 48.044778389455765 ], [ 11.143234295222534, 48.1089766905001 ], [ 11.186004234897903, 48.096771261225662 ], [ 11.226907392872322, 48.127591856089232 ], [ 11.268270171354036, 48.134610582691508 ] ] ] } },
{ "type": "Feature", "properties": { "ags": "09189" }, "geometry": { "type": "Polygon", "coordinates": [ [ [ 12.56475559067564, 48.159901439104537 ], [ 12.5481774256868, 48.125018325992528 ], [ 12.565881634338243, 48.12398907229008 ], [ 12.580243849746076, 48.069734192146939 ], [ 12.616325084353864, 48.064169847543155 ], [ 12.618816676083858, 48.044427856396908 ], [ 12.680893891737725, 48.045332701688245 ], [ 12.711017592280806, 48.068111017751008 ], [ 12.699958008235521, 48.104357116338711 ], [ 12.750269208553208, 48.114356915654689 ], [ 12.761640305078316, 48.073050258271323 ], [ 12.856613345296035, 48.008667985386154 ], [ 12.879039483888088, 47.949831274325661 ], [ 12.875894315566981, 47.937255423103025 ], [ 12.848342585054079, 47.935701390618277 ], [ 12.849434306311213, 47.911140740926648 ], [ 12.885371860235072, 47.884172663888769 ], [ 12.756269511422055, 47.892804288730964 ], [ 12.728451503514485, 47.839820283710822 ], [ 12.744026313054386, 47.806448794861041 ], [ 12.773133394197837, 47.788040752223388 ], [ 12.832327178622046, 47.783583486702142 ], [ 12.848021011366219, 47.754411100496995 ], [ 12.795101887572931, 47.75629038181043 ], [ 12.766277707986568, 47.736648830633712 ], [ 12.719456131663364, 47.734421421378293 ], [ 12.70138443140447, 47.682606842006344 ], [ 12.604631358955569, 47.673161983967979 ], [ 12.575034110736667, 47.632319558058235 ], [ 12.499216429781718, 47.625017003095884 ], [ 12.440728358427888, 47.673857128863297 ], [ 12.440126464337535, 47.695172546937172 ], [ 12.36370210671106, 47.68379956936019 ], [ 12.335301607272921, 47.692266040927542 ], [ 12.338528572844028, 47.733135226488173 ], [ 12.375550144881243, 47.75405240848341 ], [ 12.399899159700837, 47.799110865353356 ], [ 12.389811831866076, 47.814963373781865 ], [ 12.434648068885974, 47.81543612314357 ], [ 12.427730253128994, 47.834980641385087 ], [ 12.375065366674633, 47.834686418826799 ], [ 12.363869792252046, 47.869928226488781 ], [ 12.379673750311804, 47.871382264845934 ], [ 12.374142183055859, 47.887748082777271 ], [ 12.411918851827712, 47.876912472467971 ], [ 12.444032116902854, 47.922100513197357 ], [ 12.413883118313906, 47.919646048985662 ], [ 12.441639088829085, 47.946921623366819 ], [ 12.414607300936911, 47.955520005212804 ], [ 12.390763036210561, 47.942876450404285 ], [ 12.327399510258255, 47.975376750127005 ], [ 12.357393326248081, 48.040424411454211 ], [ 12.323605232508136, 48.062962622051096 ], [ 12.340799428978153, 48.070075619371998 ], [ 12.335368239706897, 48.090063059720109 ], [ 12.381417585154988, 48.104005861311016 ], [ 12.39358942060662, 48.12482050365972 ], [ 12.398691678257981, 48.116423467568644 ], [ 12.423274175973312, 48.131712124135923 ], [ 12.440836841071706, 48.111100326262196 ], [ 12.4719804928201, 48.117253684984519 ], [ 12.489434381744838, 48.155688494221536 ], [ 12.529226028645393, 48.144825661895524 ], [ 12.56475559067564, 48.159901439104537 ] ], [ [ 12.393426951333932, 47.872737529189038 ], [ 12.385373375398965, 47.855668904953532 ], [ 12.409518407774764, 47.854116653243224 ], [ 12.414790869139397, 47.860920124473118 ], [ 12.393426951333932, 47.872737529189038 ] ], [ [ 12.415776941930346, 47.869475075351588 ], [ 12.417059522094581, 47.867540033003642 ], [ 12.419018915695668, 47.869931997364652 ], [ 12.415776941930346, 47.869475075351588 ] ], [ [ 12.428674790771618, 47.874710353646684 ], [ 12.423818554036716, 47.87251232034815 ], [ 12.425084615233057, 47.87105150552879 ], [ 12.428674790771618, 47.874710353646684 ] ] ] } },
{ "type": "Feature", "properties": { "ags": "09190" }, "geometry": { "type": "Polygon", "coordinates": [ [ [ 11.171204211065957, 47.953034863071125 ], [ 11.235809108817946, 47.921815852333488 ], [ 11.193277974061147, 47.903164258390468 ], [ 11.185839053616213, 47.883401216736175 ], [ 11.259535409235388, 47.875085266789078 ], [ 11.285746495146938, 47.886862280472549 ], [ 11.302201136872378, 47.859394298103453 ], [ 11.291161189771556, 47.831936735252938 ], [ 11.362878719006073, 47.792698346391397 ], [ 11.411479660754871, 47.788986699266239 ], [ 11.403630096814039, 47.764742553944323 ], [ 11.429953944641671, 47.742858176320247 ], [ 11.374411229928931, 47.729859021361726 ], [ 11.36994676947363, 47.705294042991824 ], [ 11.342313005504813, 47.693118231059529 ], [ 11.322088502279271, 47.715299816556417 ], [ 11.300670074054711, 47.708399717614334 ], [ 11.200580493864353, 47.732817835549213 ], [ 11.175012602754904, 47.714764564561733 ], [ 11.124896840193204, 47.737030027751047 ], [ 11.065527658591265, 47.732399910674225 ], [ 11.041442253877376, 47.704381057247609 ], [ 10.97843669893548, 47.714268607198854 ], [ 10.964977293612279, 47.697791349846945 ], [ 10.990240413191346, 47.655572557919392 ], [ 10.945782357614917, 47.615566138767612 ], [ 10.903213368614988, 47.63730843141694 ], [ 10.915151561698845, 47.660592560589805 ], [ 10.77809905074793, 47.662223119418606 ], [ 10.829104129056836, 47.727796299045814 ], [ 10.729330925268675, 47.681558266161275 ], [ 10.738047506654057, 47.695549236971374 ], [ 10.715888479371214, 47.705480462706618 ], [ 10.73608715405776, 47.71716593733067 ], [ 10.738715390127389, 47.765641623498205 ], [ 10.782772852736887, 47.77524417474531 ], [ 10.74889455000962, 47.795322603260892 ], [ 10.758297866497152, 47.838571371124544 ], [ 10.793904826011053, 47.853880516239336 ], [ 10.839632296392502, 47.851490377114132 ], [ 10.868273774702521, 47.874183015777263 ], [ 10.917205808557176, 47.858161786954312 ], [ 10.940065531166631, 47.881159718825536 ], [ 10.971861917172712, 47.86331407097375 ], [ 11.001079442165221, 47.903656629550383 ], [ 11.070248309694405, 47.899713561530746 ], [ 11.084568273921329, 47.906918338063285 ], [ 11.072022060187443, 47.920170383603718 ], [ 11.171204211065957, 47.953034863071125 ] ] ] } },
{ "type": "Feature", "properties": { "ags": "09261" }, "geometry": { "type": "Polygon", "coordinates": [ [ [ 12.28209333078193, 48.590622845042468 ], [ 12.251691512685035, 48.557701599403082 ], [ 12.218897107778513, 48.550651160348473 ], [ 12.216790926412628, 48.525436809095133 ], [ 12.191877277556065, 48.533683341727546 ], [ 12.186271170724121, 48.519960889845535 ], [ 12.143228371518129, 48.511020800233148 ], [ 12.127664951587779, 48.522898000240609 ], [ 12.019388356613211, 48.510272576251246 ], [ 12.022466885132539, 48.523828515634207 ], [ 12.117092093785406, 48.546248552174099 ], [ 12.130574673486757, 48.576388241509022 ], [ 12.164857165596128, 48.54908436660768 ], [ 12.246357268992428, 48.593035669208099 ], [ 12.28209333078193, 48.590622845042468 ] ] ] } },
{ "type": "Feature", "properties": { "ags": "09262" }, "geometry": { "type": "Polygon", "coordinates": [ [ [ 13.302498532653425, 48.60254256794402 ], [ 13.443874120260821, 48.609468539270949 ], [ 13.472198312151805, 48.595024185609645 ], [ 13.505327087008524, 48.605983071291483 ], [ 13.505762116862941, 48.574552422479137 ], [ 13.40587137004252, 48.540665590128739 ], [ 13.302498532653425, 48.60254256794402 ] ] ] } },
{ "type": "Feature", "properties": { "ags": "09263" }, "geometry": { "type": "Polygon", "coordinates": [ [ [ 12.553131012351457, 48.919071606451766 ], [ 12.613543685887764, 48.896487691942738 ], [ 12.664374479912048, 48.904479727967406 ], [ 12.66273397699841, 48.872921295155734 ], [ 12.568060896865731, 48.844425392470058 ], [ 12.48906041628875, 48.8555177634993 ], [ 12.480215948670878, 48.871311709298894 ], [ 12.523696058151883, 48.878519883196766 ], [ 12.524047731411615, 48.910471035392526 ], [ 12.553131012351457, 48.919071606451766 ] ] ] } },
{ "type": "Feature", "properties": { "ags": "09271" }, "geometry": { "type": "Polygon", "coordinates": [ [ [ 12.976836670549323, 48.957035984000605 ], [ 13.025241319290933, 48.941876572617453 ], [ 13.02828613180511, 48.923008424466722 ], [ 13.006498972692338, 48.920782464878265 ], [ 13.061791646764352, 48.882089708538267 ], [ 13.122661074794475, 48.888134255057132 ], [ 13.203672612917661, 48.866651210500152 ], [ 13.188961301969506, 48.861868540827203 ], [ 13.207666356226893, 48.848762047986114 ], [ 13.19923524493057, 48.82838285827301 ], [ 13.180711013226803, 48.827851683478158 ], [ 13.167879166780081, 48.817828831688772 ], [ 13.240869338476436, 48.809638526276636 ], [ 13.221436241039138, 48.782118522135228 ], [ 13.2592815704154, 48.743508573759648 ], [ 13.248715197309258, 48.712864483385744 ], [ 13.201430456756894, 48.69811479644612 ], [ 13.148050868869241, 48.706671561750206 ], [ 13.113935905036385, 48.689836246703031 ], [ 13.091640359414917, 48.635963124305327 ], [ 13.106372964433083, 48.633728250352092 ], [ 13.105540415948667, 48.628061077011836 ], [ 13.027326552555808, 48.627747983793164 ], [ 13.018533160501278, 48.59890400808208 ], [ 12.94518938753472, 48.623012814857937 ], [ 12.944757203807164, 48.653135950821998 ], [ 12.854350933417358, 48.661641711302806 ], [ 12.848254286254175, 48.680864478361578 ], [ 12.830126771661453, 48.677854282247687 ], [ 12.749635787933775, 48.818564649078823 ], [ 12.769350233651076, 48.836615638732262 ], [ 12.8067003670988, 48.822633379928483 ], [ 12.848788504781895, 48.839722161440854 ], [ 12.836812545075276, 48.890228258485017 ], [ 12.874732090182913, 48.906622713716672 ], [ 12.854316512891703, 48.928084810647889 ], [ 12.869475302187508, 48.953490638306981 ], [ 12.913291781604865, 48.935886176410733 ], [ 12.949635663664896, 48.941231313799001 ], [ 12.949286092210123, 48.928379674666509 ], [ 12.976836670549323, 48.957035984000605 ] ] ] } },
{ "type": "Feature", "properties": { "ags": "09272" }, "geometry": { "type": "Polygon", "coordinates": [ [ [ 13.371340259915282, 48.983370093792274 ], [ 13.421386238931879, 48.978732482634065 ], [ 13.495621999236191, 48.941344727894176 ], [ 13.507073736113423, 48.969086251411447 ], [ 13.580125157804085, 48.970724566390942 ], [ 13.605484554981187, 48.941681642322763 ], [ 13.62971179905149, 48.948318276519402 ], [ 13.671602417819848, 48.880071440729523 ], [ 13.737929348215799, 48.885847817910488 ], [ 13.764746362527132, 48.834246106755643 ], [ 13.793092275269929, 48.830221351752748 ], [ 13.815318340278703, 48.796900727818667 ], [ 13.803902389772308, 48.781126421434003 ], [ 13.839506769307992, 48.771604904197908 ], [ 13.801467747373477, 48.717077205744324 ], [ 13.730520014447851, 48.720676144306132 ], [ 13.735636062220609, 48.689331321272554 ], [ 13.719693394657414, 48.685993276147627 ], [ 13.645683888075421, 48.681959059826184 ], [ 13.626482608544928, 48.693041594097927 ], [ 13.594485519350611, 48.682678443863473 ], [ 13.510042665793518, 48.728931958331287 ], [ 13.459627868855634, 48.713679324376777 ], [ 13.419618443400774, 48.75786760398784 ], [ 13.354541370713211, 48.755957989084024 ], [ 13.345763121942667, 48.736115627576439 ], [ 13.321067072649969, 48.744159199437391 ], [ 13.296912748249202, 48.730667683009024 ], [ 13.258605917511318, 48.741236633697383 ], [ 13.255160781290861, 48.762794407763849 ], [ 13.221436241039138, 48.782118522135228 ], [ 13.240869338476436, 48.809638526276636 ], [ 13.167879166780081, 48.817828831688772 ], [ 13.207252653401117, 48.842571436544794 ], [ 13.188961301969506, 48.861868540827203 ], [ 13.223443979871892, 48.857268943235745 ], [ 13.252864762312512, 48.877833952049386 ], [ 13.286307891818453, 48.877601653841907 ], [ 13.283235609358861, 48.958005545667312 ], [ 13.331574136741594, 48.94695194468288 ], [ 13.371340259915282, 48.983370093792274 ] ] ] } },
{ "type": "Feature", "properties": { "ags": "09273" }, "geometry": { "type": "Polygon", "coordinates": [ [ [ 11.807160938635603, 49.018721961147556 ], [ 11.890568031140988, 49.013127640124438 ], [ 11.892611963231021, 48.992447979005448 ], [ 11.918454155954715, 48.980782292912316 ], [ 11.906119948581972, 48.972941091492395 ], [ 11.932204838322191, 48.964498190170133 ], [ 11.927474777123445, 48.945797202363245 ], [ 11.966093004385565, 48.964619401576577 ], [ 11.990706015531314, 48.964689144227414 ], [ 11.995613575022386, 48.949456806780297 ], [ 12.020049106502404, 48.963843929815539 ], [ 12.076359933781278, 48.940168378329808 ], [ 12.094605051136249, 48.922164916185579 ], [ 12.079242635674795, 48.904612019431887 ], [ 12.109808909297987, 48.906469085040982 ], [ 12.133772837020837, 48.877986038957701 ], [ 12.100789708148008, 48.850845921515749 ], [ 12.108692752295374, 48.803134407339691 ], [ 12.084601474919973, 48.750489411917606 ], [ 12.044686101777048, 48.760594822105091 ], [ 11.991819628973992, 48.75228579314085 ], [ 11.887832178335522, 48.697651005007721 ], [ 11.902866823626505, 48.684231497914517 ], [ 11.877959631991541, 48.663766889872221 ], [ 11.881005964728756, 48.628508441173587 ], [ 11.911022327560588, 48.586931210898392 ], [ 11.872372968136172, 48.578745101822456 ], [ 11.799000669668741, 48.614182912472671 ], [ 11.774042769030373, 48.599615099981129 ], [ 11.693004026463823, 48.618683609226345 ], [ 11.712620270488269, 48.648235537961718 ], [ 11.68554454910185, 48.663344770703112 ], [ 11.695506646200329, 48.683671746329992 ], [ 11.653470773001239, 48.700598602945725 ], [ 11.66879469212545, 48.724339548594841 ], [ 11.655406164367774, 48.74413948318432 ], [ 11.714947835488726, 48.755691831999194 ], [ 11.695014778107772, 48.783143076105333 ], [ 11.736075097059382, 48.790545919978875 ], [ 11.725897949456261, 48.810707152544111 ], [ 11.741044914636289, 48.816169902131293 ], [ 11.707138072789899, 48.812594131953453 ], [ 11.699153268418813, 48.838815191053882 ], [ 11.719766111868692, 48.837128559770619 ], [ 11.718308543761463, 48.865369823524489 ], [ 11.743764582080001, 48.878742769987568 ], [ 11.717321006170819, 48.897186293242783 ], [ 11.728495774843838, 48.93008434359394 ], [ 11.707637330486303, 48.91809683293846 ], [ 11.686557968706158, 48.933610316133922 ], [ 11.667087408177654, 48.924830692652968 ], [ 11.59491697951567, 48.957371214482961 ], [ 11.621649591994741, 48.983974011202463 ], [ 11.61640993855897, 49.009221114916151 ], [ 11.643843593547819, 49.004177000433586 ], [ 11.690355291248862, 49.021630859085072 ], [ 11.770659388293161, 48.981657464270512 ], [ 11.807160938635603, 49.018721961147556 ] ] ] } },
{ "type": "Feature", "properties": { "ags": "09274" }, "geometry": { "type": "Polygon", "coordinates": [ [ [ 12.099789768655988, 48.770151154112945 ], [ 12.197724578776477, 48.75169798460589 ], [ 12.257396907002304, 48.721409545177849 ], [ 12.301030373771823, 48.746905944921366 ], [ 12.339621376510292, 48.689754543673111 ], [ 12.390128995374365, 48.675793839941534 ], [ 12.398477964777664, 48.645117441055703 ], [ 12.354738565753474, 48.626517561808065 ], [ 12.374473098883628, 48.604417367589953 ], [ 12.353884353046363, 48.597999338016585 ], [ 12.348941705512862, 48.571366889274373 ], [ 12.393653121780774, 48.559412812446055 ], [ 12.406472359375758, 48.533404420894598 ], [ 12.433479956358157, 48.561144322194146 ], [ 12.486862864339757, 48.559560808664671 ], [ 12.508515821778216, 48.544579206878502 ], [ 12.483613528144538, 48.533631989418041 ], [ 12.506297069663679, 48.497638612419536 ], [ 12.470559611466239, 48.48638090390962 ], [ 12.482476820757592, 48.424257632578438 ], [ 12.454253585069482, 48.410558527733023 ], [ 12.428666097566339, 48.416045202656726 ], [ 12.441722460922644, 48.399132057142481 ], [ 12.4267568874664, 48.372016291084293 ], [ 12.35612081404093, 48.330084588856678 ], [ 12.32321800766832, 48.340031798518964 ], [ 12.311370047862198, 48.31656547531211 ], [ 12.294611333010034, 48.331696563862252 ], [ 12.241654027204101, 48.324685814393334 ], [ 12.159108647694604, 48.42247441820475 ], [ 12.082107835393202, 48.4289550035273 ], [ 12.020770371433249, 48.416308746444386 ], [ 12.015101551850719, 48.443968683472235 ], [ 11.991688700686399, 48.449764478934959 ], [ 12.009715876492917, 48.495088114740994 ], [ 11.957158793729322, 48.500398227327601 ], [ 11.97503723817541, 48.512563314768983 ], [ 11.962980678225746, 48.573259729871083 ], [ 11.891568493608423, 48.595385748104228 ], [ 11.906620741916507, 48.608714667829105 ], [ 11.881005964728756, 48.628508441173587 ], [ 11.877959631991541, 48.663766889872221 ], [ 11.902866823626505, 48.684231497914517 ], [ 11.890646199704065, 48.700080247805616 ], [ 11.991819628973992, 48.75228579314085 ], [ 12.044686101777048, 48.760594822105091 ], [ 12.083307950111616, 48.749747367453118 ], [ 12.075440824373569, 48.761215775354714 ], [ 12.099789768655988, 48.770151154112945 ] ], [ [ 12.229364100597945, 48.585296928667013 ], [ 12.164857165596128, 48.54908436660768 ], [ 12.130574673486757, 48.576388241509022 ], [ 12.117092093785406, 48.546248552174099 ], [ 12.022466885132539, 48.523828515634207 ], [ 12.019388356613211, 48.510272576251246 ], [ 12.127664951587779, 48.522898000240609 ], [ 12.143228371518129, 48.511020800233148 ], [ 12.186271170724121, 48.519960889845535 ], [ 12.191877277556065, 48.533683341727546 ], [ 12.220501165332625, 48.526593418716757 ], [ 12.218897107778513, 48.550651160348473 ], [ 12.251691512685035, 48.557701599403082 ], [ 12.284869630622406, 48.590533189637327 ], [ 12.229364100597945, 48.585296928667013 ] ] ] } },
{ "type": "Feature", "properties": { "ags": "09275" }, "geometry": { "type": "Polygon", "coordinates": [ [ [ 13.35401383739061, 48.755782540764827 ], [ 13.42457029243114, 48.756365804199156 ], [ 13.459627868855634, 48.713679324376777 ], [ 13.510042665793518, 48.728931958331287 ], [ 13.594485519350611, 48.682678443863473 ], [ 13.735636062220609, 48.689331321272554 ], [ 13.729445565606857, 48.719861253301296 ], [ 13.761985564650065, 48.71152886315145 ], [ 13.778505632310289, 48.724666998570214 ], [ 13.837576293487885, 48.700667409884957 ], [ 13.813676369913873, 48.691916073041789 ], [ 13.825618497945383, 48.618313674821998 ], [ 13.80108676014811, 48.573802756981166 ], [ 13.770427372115668, 48.553643586897643 ], [ 13.754124826936948, 48.563779753881803 ], [ 13.72735945126386, 48.513008207965846 ], [ 13.599471891306013, 48.569364974023252 ], [ 13.567189169943518, 48.561916627759871 ], [ 13.505327087008524, 48.605983071291483 ], [ 13.472198312151805, 48.595024185609645 ], [ 13.443874120260821, 48.609468539270949 ], [ 13.305505670066902, 48.606821395568595 ], [ 13.364574563147388, 48.558119907231649 ], [ 13.449677556932231, 48.53853479207131 ], [ 13.457836420012454, 48.510824885038303 ], [ 13.426960621683008, 48.45530550745918 ], [ 13.439654613665727, 48.43166410177124 ], [ 13.412274721332757, 48.375590073268128 ], [ 13.325064241563945, 48.320911985577119 ], [ 13.255192760184013, 48.293389979323884 ], [ 13.177042787657266, 48.294389896114673 ], [ 13.15230107711888, 48.33955747229453 ], [ 13.109029733233678, 48.341921492642022 ], [ 13.08107028150345, 48.370126460389244 ], [ 13.086544069978746, 48.38710062528844 ], [ 13.174674179525534, 48.414455855050953 ], [ 13.11762898140641, 48.448077186088234 ], [ 13.116283319602225, 48.48788551366146 ], [ 13.085387420472959, 48.488990141283438 ], [ 13.106130072652036, 48.53910441520847 ], [ 13.074189934536287, 48.554679628225024 ], [ 13.000601838424473, 48.53388234120343 ], [ 13.021070509854345, 48.577144543353668 ], [ 12.983735676029395, 48.587129175851423 ], [ 12.999580794369493, 48.604864908686793 ], [ 13.023812726531018, 48.600790331140004 ], [ 13.027326552555808, 48.627747983793164 ], [ 13.105540415948667, 48.628061077011836 ], [ 13.098263575870533, 48.669272016858208 ], [ 13.148050868869241, 48.706671561750206 ], [ 13.201430456756894, 48.69811479644612 ], [ 13.249202671348712, 48.713068395200757 ], [ 13.258605917511318, 48.741236633697383 ], [ 13.344874329160961, 48.735902239163785 ], [ 13.35401383739061, 48.755782540764827 ] ] ] } },
{ "type": "Feature", "properties": { "ags": "09276" }, "geometry": { "type": "Polygon", "coordinates": [ [ [ 13.235947467135553, 49.113731271750424 ], [ 13.289188609101613, 49.118634689123489 ], [ 13.397147201274855, 49.051009996904334 ], [ 13.416651400793297, 48.980035420342432 ], [ 13.371340259915282, 48.983370093792274 ], [ 13.329915996876272, 48.946539023602639 ], [ 13.283235609358861, 48.958005545667312 ], [ 13.286307891818453, 48.877601653841907 ], [ 13.252864762312512, 48.877833952049386 ], [ 13.222677723290575, 48.857224679420511 ], [ 13.122661074794475, 48.888134255057132 ], [ 13.060668722087044, 48.882529472153571 ], [ 13.006498972692338, 48.920782464878265 ], [ 13.02828613180511, 48.923008424466722 ], [ 13.009274515318758, 48.94931909312448 ], [ 12.976836670549323, 48.957035984000605 ], [ 12.95018918447709, 48.928413834188774 ], [ 12.949635663664896, 48.941231313799001 ], [ 12.907827920420159, 48.938901798567173 ], [ 12.808759072256452, 49.038377466755094 ], [ 12.763761835238803, 49.118567201710214 ], [ 12.786363009675748, 49.13526355020926 ], [ 12.794021142771511, 49.122063963154929 ], [ 12.840129268258128, 49.13511909113997 ], [ 12.919693136845272, 49.131369491227318 ], [ 12.917812300061566, 49.149266185463603 ], [ 12.945214705458456, 49.13907788967856 ], [ 12.971181778908743, 49.166407523611547 ], [ 12.977201125496293, 49.166562651492619 ], [ 13.048328206740957, 49.155229917777504 ], [ 13.068197840970862, 49.129476786098429 ], [ 13.127858077531851, 49.110857168546566 ], [ 13.170908084413897, 49.173579733232465 ], [ 13.170321563448173, 49.144040401656952 ], [ 13.235947467135553, 49.113731271750424 ] ] ] } },
{ "type": "Feature", "properties": { "ags": "09277" }, "geometry": { "type": "Polygon", "coordinates": [ [ [ 12.910926145507727, 48.617069175224287 ], [ 12.985544717212287, 48.609616992565769 ], [ 12.983372796824517, 48.585660278422147 ], [ 13.019467426412067, 48.579709276591032 ], [ 13.000601838424473, 48.53388234120343 ], [ 13.057009398709196, 48.552963365073325 ], [ 13.09735111351142, 48.547777429549086 ], [ 13.085387420472959, 48.488990141283438 ], [ 13.116283319602225, 48.48788551366146 ], [ 13.11762898140641, 48.448077186088234 ], [ 13.174674179525534, 48.414455855050953 ], [ 13.086544069978746, 48.38710062528844 ], [ 13.08107028150345, 48.370126460389244 ], [ 13.109029733233678, 48.341921492642022 ], [ 13.15230107711888, 48.33955747229453 ], [ 13.177042787657266, 48.294389896114673 ], [ 13.019645040448461, 48.256939479770331 ], [ 12.944684449202622, 48.206692566804001 ], [ 12.891852749684926, 48.236502724431183 ], [ 12.898846705183917, 48.263083474115028 ], [ 12.853857726607531, 48.278095677254093 ], [ 12.82360592296344, 48.315383607413807 ], [ 12.783059808103326, 48.327546445766721 ], [ 12.733426677420532, 48.321023825575722 ], [ 12.682686107654019, 48.345086699772189 ], [ 12.666670872026101, 48.331676764034647 ], [ 12.61899681290854, 48.358426609054241 ], [ 12.615821922160567, 48.341164142073218 ], [ 12.591500400803143, 48.386771576948206 ], [ 12.57944999695698, 48.375846028095111 ], [ 12.566109798672937, 48.403655985722587 ], [ 12.537877901293417, 48.404543985820744 ], [ 12.541621807651639, 48.422323551992129 ], [ 12.483791114206829, 48.429675710053196 ], [ 12.47061522427594, 48.481539080058063 ], [ 12.510560650293542, 48.503237046426818 ], [ 12.522359323831122, 48.480894259671977 ], [ 12.556168452448691, 48.48214167868597 ], [ 12.570373571759914, 48.498214210741942 ], [ 12.556764254996391, 48.52491170012059 ], [ 12.628247332160289, 48.511228573182954 ], [ 12.624578894130401, 48.481855820723119 ], [ 12.658292511753089, 48.490027399540018 ], [ 12.67354311810611, 48.50977984189776 ], [ 12.694275788724575, 48.507787316986878 ], [ 12.691209700685162, 48.523032878961402 ], [ 12.708703448667087, 48.513689282408258 ], [ 12.719277395690632, 48.523211189347073 ], [ 12.716617831166545, 48.547070502460862 ], [ 12.734877474807968, 48.536508120516352 ], [ 12.778633632700894, 48.544378259968234 ], [ 12.760399010712026, 48.558165393558667 ], [ 12.782761956404377, 48.599333035751549 ], [ 12.838738587186391, 48.590528338077377 ], [ 12.843926844173208, 48.607239060404815 ], [ 12.889926661610858, 48.598378289131311 ], [ 12.910926145507727, 48.617069175224287 ] ] ] } },
{ "type": "Feature", "properties": { "ags": "09278" }, "geometry": { "type": "Polygon", "coordinates": [ [ [ 12.738271248448283, 49.117882743605591 ], [ 12.777541569199521, 49.110855554069069 ], [ 12.808759072256452, 49.038377466755094 ], [ 12.873339270920033, 48.989973913368885 ], [ 12.891426626979124, 48.954471235090878 ], [ 12.869475302187508, 48.953490638306981 ], [ 12.854316512891703, 48.928084810647889 ], [ 12.874732090182913, 48.906622713716672 ], [ 12.837002302925638, 48.891029098042907 ], [ 12.837029248537535, 48.829630971957684 ], [ 12.8067003670988, 48.822633379928483 ], [ 12.769350233651076, 48.836615638732262 ], [ 12.749635787933775, 48.818564649078823 ], [ 12.768919761718326, 48.801962422841321 ], [ 12.698250492707013, 48.758257572897755 ], [ 12.658476017187349, 48.757897664534944 ], [ 12.630788007408313, 48.734137231824178 ], [ 12.556912576537371, 48.730653117185838 ], [ 12.537594514332811, 48.715877276600366 ], [ 12.53400239919304, 48.751244670361487 ], [ 12.494734176294006, 48.765054839939147 ], [ 12.452175165495094, 48.757470660202145 ], [ 12.450363994742681, 48.745564578099156 ], [ 12.418248905187557, 48.764814481932419 ], [ 12.377275057640771, 48.747641569181688 ], [ 12.390269052211249, 48.734773152122024 ], [ 12.329385636741112, 48.721434974313823 ], [ 12.306807952616046, 48.725582552728788 ], [ 12.298458113468472, 48.747604271277019 ], [ 12.257396907002304, 48.721409545177849 ], [ 12.135643832960984, 48.764000767747369 ], [ 12.129704163272409, 48.779584674070023 ], [ 12.171364895707358, 48.79968310708287 ], [ 12.191733356638698, 48.792970487051825 ], [ 12.196311680397077, 48.80750064108765 ], [ 12.235919999095275, 48.811414791888929 ], [ 12.233089988663572, 48.837447813542219 ], [ 12.257456289797968, 48.836402567816606 ], [ 12.26329697624681, 48.8620455565882 ], [ 12.272709647084255, 48.842401725907678 ], [ 12.284724388064589, 48.851124957617202 ], [ 12.294265314736734, 48.83966359596851 ], [ 12.314154159085911, 48.863105281499877 ], [ 12.372176651791452, 48.846621737820314 ], [ 12.431837405921648, 48.877720812167254 ], [ 12.427075975958234, 48.899314371972395 ], [ 12.457553964109124, 48.918893284559495 ], [ 12.437635050486779, 48.973653181330349 ], [ 12.48924125580041, 48.980618424485826 ], [ 12.47261127107652, 49.03640927347972 ], [ 12.493796592829641, 49.060983909222074 ], [ 12.525983560091339, 49.056995433287909 ], [ 12.542003828528923, 49.08327483818718 ], [ 12.587952684067467, 49.099199484003357 ], [ 12.692372395404272, 49.10218835022264 ], [ 12.738271248448283, 49.117882743605591 ] ], [ [ 12.543495680254003, 48.923999089725342 ], [ 12.523696058151883, 48.878519883196766 ], [ 12.480215948670878, 48.871311709298894 ], [ 12.516196648733473, 48.846770852062377 ], [ 12.568060896865731, 48.844425392470058 ], [ 12.66273397699841, 48.872921295155734 ], [ 12.664374479912048, 48.904479727967406 ], [ 12.613543685887764, 48.896487691942738 ], [ 12.543495680254003, 48.923999089725342 ] ] ] } },
{ "type": "Feature", "properties": { "ags": "09279" }, "geometry": { "type": "Polygon", "coordinates": [ [ [ 12.752899284045904, 48.799343031739383 ], [ 12.779439453164393, 48.781257404524489 ], [ 12.778683135040586, 48.745688394540593 ], [ 12.808144264735891, 48.739321805350983 ], [ 12.794751435455087, 48.715738875534569 ], [ 12.830126771661453, 48.677854282247687 ], [ 12.848254286254175, 48.680864478361578 ], [ 12.854350933417358, 48.661641711302806 ], [ 12.944757203807164, 48.653135950821998 ], [ 12.94518938753472, 48.623012814857937 ], [ 12.967381036468792, 48.611265357446264 ], [ 12.910926145507727, 48.617069175224287 ], [ 12.889926661610858, 48.598378289131311 ], [ 12.845344190827262, 48.607601845675646 ], [ 12.834701142106869, 48.59003700648217 ], [ 12.819654321114529, 48.602147642505841 ], [ 12.782761956404377, 48.599333035751549 ], [ 12.769752385633883, 48.539567837978574 ], [ 12.716617831166545, 48.547070502460862 ], [ 12.710466489156492, 48.514949466442928 ], [ 12.691209700685162, 48.523032878961402 ], [ 12.694275788724575, 48.507787316986878 ], [ 12.628643311671478, 48.481404719762935 ], [ 12.622768490931831, 48.514624801489347 ], [ 12.555726407727795, 48.524706101698357 ], [ 12.570373571759914, 48.498214210741942 ], [ 12.556168452448691, 48.48214167868597 ], [ 12.522359323831122, 48.480894259671977 ], [ 12.483613528144538, 48.533631989418041 ], [ 12.508251998022821, 48.542893535278679 ], [ 12.495425039628863, 48.557517853967937 ], [ 12.433479956358157, 48.561144322194146 ], [ 12.406472359375758, 48.533404420894598 ], [ 12.393653121780774, 48.559412812446055 ], [ 12.348941705512862, 48.571366889274373 ], [ 12.353884353046363, 48.597999338016585 ], [ 12.374473098883628, 48.604417367589953 ], [ 12.354738565753474, 48.626517561808065 ], [ 12.398477964777664, 48.645117441055703 ], [ 12.390128995374365, 48.675793839941534 ], [ 12.339621376510292, 48.689754543673111 ], [ 12.329385636741112, 48.721434974313823 ], [ 12.390269052211249, 48.734773152122024 ], [ 12.377275057640771, 48.747641569181688 ], [ 12.431198075874365, 48.766752157342879 ], [ 12.450363994742681, 48.745564578099156 ], [ 12.452175165495094, 48.757470660202145 ], [ 12.494734176294006, 48.765054839939147 ], [ 12.53400239919304, 48.751244670361487 ], [ 12.531927529208419, 48.715603234560412 ], [ 12.556912576537371, 48.730653117185838 ], [ 12.596174584732555, 48.723711770528766 ], [ 12.599683336422592, 48.736148949389744 ], [ 12.651657479214162, 48.742264031105634 ], [ 12.658476017187349, 48.757897664534944 ], [ 12.698250492707013, 48.758257572897755 ], [ 12.752899284045904, 48.799343031739383 ] ] ] } },
{ "type": "Feature", "properties": { "ags": "09361" }, "geometry": { "type": "Polygon", "coordinates": [ [ [ 11.876708208785999, 49.494800867579123 ], [ 11.914553735471948, 49.445125586058083 ], [ 11.836433824624082, 49.411826220564436 ], [ 11.783396024335056, 49.42536885159415 ], [ 11.778660294139591, 49.464193944966837 ], [ 11.84610480535277, 49.468996608022756 ], [ 11.844481588747449, 49.48642586385305 ], [ 11.876708208785999, 49.494800867579123 ] ] ] } },
{ "type": "Feature", "properties": { "ags": "09362" }, "geometry": { "type": "Polygon", "coordinates": [ [ [ 12.131703194693088, 49.076225535334096 ], [ 12.189204057758966, 48.990773479585897 ], [ 12.174253034895012, 48.972372863258336 ], [ 12.076231036271032, 48.970092928870379 ], [ 12.06600051206652, 48.998194611686898 ], [ 12.029434427297236, 49.009658343589258 ], [ 12.035638979101121, 49.04140175448935 ], [ 12.052156776155526, 49.050799766899928 ], [ 12.061435002632624, 49.035335442858539 ], [ 12.089796854284339, 49.035399361207979 ], [ 12.094681810735157, 49.063233022623251 ], [ 12.131703194693088, 49.076225535334096 ] ] ] } },
{ "type": "Feature", "properties": { "ags": "09363" }, "geometry": { "type": "Polygon", "coordinates": [ [ [ 12.139117379242588, 49.709579220352346 ], [ 12.22475408899934, 49.685892323770048 ], [ 12.228612101947318, 49.66529822378731 ], [ 12.255632895251033, 49.670173819265912 ], [ 12.255500673860498, 49.634171216868864 ], [ 12.233444618046732, 49.632297441612081 ], [ 12.21309214338911, 49.662411267429228 ], [ 12.197767254454309, 49.65309682666355 ], [ 12.168634495847575, 49.662841031503731 ], [ 12.127290030473167, 49.61512956570742 ], [ 12.063970659805364, 49.674159474063202 ], [ 12.087212250241539, 49.691438801714845 ], [ 12.074655407636977, 49.700153569745758 ], [ 12.113843928937744, 49.695103055113968 ], [ 12.139117379242588, 49.709579220352346 ] ] ] } },
{ "type": "Feature", "properties": { "ags": "09371" }, "geometry": { "type": "Polygon", "coordinates": [ [ [ 11.629482171631352, 49.760582723235608 ], [ 11.669890558656546, 49.701346558916896 ], [ 11.647948157737254, 49.689807559923217 ], [ 11.661325351453515, 49.674959126204563 ], [ 11.641755211159445, 49.629765218272709 ], [ 11.736569577239734, 49.624599672708243 ], [ 11.80939685286579, 49.652942191480783 ], [ 11.875771833458195, 49.634825286024267 ], [ 11.97439658641219, 49.640152269518822 ], [ 11.984606896449559, 49.577725204652928 ], [ 12.03098344770631, 49.568846479989418 ], [ 12.071328262564482, 49.578136881953462 ], [ 12.072385976909128, 49.562753273646933 ], [ 12.119231537395068, 49.55879848372912 ], [ 12.072355450558691, 49.528587849168609 ], [ 12.096116704573181, 49.497031210418619 ], [ 12.086133346659038, 49.480460965379507 ], [ 12.066177053273572, 49.49482320582532 ], [ 12.030350800396942, 49.492453327874927 ], [ 12.033755821168256, 49.429701676441553 ], [ 11.976839177004759, 49.436921993944466 ], [ 12.007562249539349, 49.406112525599411 ], [ 11.999596484072745, 49.392119775288421 ], [ 12.062536685480564, 49.389185734315305 ], [ 12.06222482954491, 49.352929925721973 ], [ 11.994122419989239, 49.351776284747736 ], [ 12.01059269332036, 49.339895865376491 ], [ 11.966617997218295, 49.304399115452625 ], [ 11.981941446187122, 49.278826425476957 ], [ 11.94352089073147, 49.277041314459666 ], [ 11.983379161412042, 49.25187047532701 ], [ 11.941027987803206, 49.235597824391043 ], [ 11.954811640153132, 49.214790469908905 ], [ 11.934220342881892, 49.221074297899037 ], [ 11.914348435972665, 49.267929605857319 ], [ 11.791264539918927, 49.293135678975737 ], [ 11.720867458464339, 49.338140460697616 ], [ 11.689942089797691, 49.307442720264852 ], [ 11.689283658285339, 49.323652401077716 ], [ 11.661767434928707, 49.319540692840548 ], [ 11.629193659090182, 49.343029302414571 ], [ 11.633961798968045, 49.388701941126087 ], [ 11.58883412506934, 49.389669041248943 ], [ 11.557755073446261, 49.419042080995538 ], [ 11.596247773824432, 49.474094295904671 ], [ 11.566441426991346, 49.503943574079265 ], [ 11.533857847793739, 49.507413541747283 ], [ 11.549134806978165, 49.544456884218008 ], [ 11.510854190643629, 49.553208954222193 ], [ 11.576077700728517, 49.579876886880349 ], [ 11.54997760221325, 49.603649688111737 ], [ 11.601550345290143, 49.623061206271849 ], [ 11.570631333358936, 49.640668628855479 ], [ 11.564951582133645, 49.686041701427172 ], [ 11.544332685145516, 49.693116563760384 ], [ 11.56355680896297, 49.696878659225717 ], [ 11.552472630728214, 49.733186463801118 ], [ 11.587045101180399, 49.728724013833194 ], [ 11.594014089483746, 49.75357910429706 ], [ 11.629482171631352, 49.760582723235608 ] ], [ [ 11.873967937394463, 49.49461831788237 ], [ 11.844481588747449, 49.48642586385305 ], [ 11.84610480535277, 49.468996608022756 ], [ 11.778660294139591, 49.464193944966837 ], [ 11.783396024335056, 49.42536885159415 ], [ 11.836433824624082, 49.411826220564436 ], [ 11.914553735471948, 49.445125586058083 ], [ 11.873967937394463, 49.49461831788237 ] ] ] } },
{ "type": "Feature", "properties": { "ags": "09372" }, "geometry": { "type": "Polygon", "coordinates": [ [ [ 12.626031369918532, 49.489309482488316 ], [ 12.655893346055118, 49.434546833365168 ], [ 12.708718925700486, 49.424677257113338 ], [ 12.757631007338434, 49.394756846512266 ], [ 12.778810244734371, 49.348078538638745 ], [ 12.876818141565094, 49.332379527647994 ], [ 12.880237337579649, 49.350523495973221 ], [ 12.942958576202983, 49.344199441938635 ], [ 13.029109281543299, 49.304348046043437 ], [ 13.033896389456769, 49.263902733747656 ], [ 13.080762122336758, 49.247417419755919 ], [ 13.10997028265137, 49.20317891013304 ], [ 13.170908084413897, 49.173579733232465 ], [ 13.133486755936294, 49.111750948728854 ], [ 13.068197840970862, 49.129476786098429 ], [ 13.048328206740957, 49.155229917777504 ], [ 12.971181778908743, 49.166407523611547 ], [ 12.945214705458456, 49.13907788967856 ], [ 12.917812300061566, 49.149266185463603 ], [ 12.924209706122921, 49.133522685216171 ], [ 12.898907861344963, 49.127497810882268 ], [ 12.879492888374699, 49.137559287337893 ], [ 12.794021142771511, 49.122063963154929 ], [ 12.786363009675748, 49.13526355020926 ], [ 12.76290019126904, 49.109923496895178 ], [ 12.735958849599871, 49.119458727123032 ], [ 12.692372395404272, 49.10218835022264 ], [ 12.587952684067467, 49.099199484003357 ], [ 12.542003828528923, 49.08327483818718 ], [ 12.525983560091339, 49.056995433287909 ], [ 12.493796592829641, 49.060983909222074 ], [ 12.476335994148506, 49.028557027076253 ], [ 12.409199729066701, 49.052778504504836 ], [ 12.43950845192928, 49.0592750647888 ], [ 12.418601613737664, 49.096840274057826 ], [ 12.37303745253341, 49.103388254260693 ], [ 12.388987915679337, 49.094626648451616 ], [ 12.369626949446927, 49.08776272432916 ], [ 12.321756634207645, 49.090594506257339 ], [ 12.345602620098692, 49.103366988519809 ], [ 12.30426697981409, 49.131041641329766 ], [ 12.324299550620628, 49.133965283415996 ], [ 12.309729218087814, 49.156767152186355 ], [ 12.330693680491622, 49.203062992043648 ], [ 12.394848015364655, 49.236602410532555 ], [ 12.372433160649718, 49.2400648002575 ], [ 12.383742867450641, 49.263685147198018 ], [ 12.422929270844417, 49.263004554093861 ], [ 12.436151832899524, 49.276839676645004 ], [ 12.449813849211873, 49.272896096683176 ], [ 12.451275248820544, 49.261460840324986 ], [ 12.459540847111821, 49.260849029603648 ], [ 12.47927006731798, 49.272542982747133 ], [ 12.470872348856165, 49.297832314162065 ], [ 12.510248729094947, 49.315861211772706 ], [ 12.481917498559186, 49.31977460964977 ], [ 12.481587855952109, 49.359851559837871 ], [ 12.502241544006139, 49.37791838922864 ], [ 12.485325869329024, 49.393945205549905 ], [ 12.555919563340407, 49.418812178601769 ], [ 12.526188620543611, 49.446465113937244 ], [ 12.543422112867455, 49.461227845973568 ], [ 12.583549718893327, 49.462941472508383 ], [ 12.626031369918532, 49.489309482488316 ] ] ] } },
{ "type": "Feature", "properties": { "ags": "09373" }, "geometry": { "type": "Polygon", "coordinates": [ [ [ 11.460631676367608, 49.426038349082248 ], [ 11.536858309268863, 49.410554588997236 ], [ 11.563431363669583, 49.419420501799586 ], [ 11.58883412506934, 49.389669041248943 ], [ 11.633322694878636, 49.389068239964814 ], [ 11.629193659090182, 49.343029302414571 ], [ 11.661767434928707, 49.319540692840548 ], [ 11.689283658285339, 49.323652401077716 ], [ 11.68823090629739, 49.307793685193332 ], [ 11.715148805105454, 49.340118652887121 ], [ 11.791264539918927, 49.293135678975737 ], [ 11.914348435972665, 49.267929605857319 ], [ 11.94104089032354, 49.213078831260468 ], [ 11.936511585205034, 49.187838361373373 ], [ 11.861323382223457, 49.170333510550613 ], [ 11.861682723990745, 49.155368270660368 ], [ 11.799652199432515, 49.169356008496749 ], [ 11.749910319765915, 49.105024562063008 ], [ 11.676988476427562, 49.079583436686846 ], [ 11.689383467648399, 49.056864515516324 ], [ 11.646205559513238, 49.004611556511442 ], [ 11.613725627316407, 49.008439086140655 ], [ 11.621649591994741, 48.983974011202463 ], [ 11.599306492401386, 48.951497125693308 ], [ 11.576390055333345, 48.989087699442607 ], [ 11.536419618509468, 49.00670905952915 ], [ 11.543011610465991, 49.025128183280032 ], [ 11.516278150957467, 49.032026209353909 ], [ 11.538009145450712, 49.069948347129646 ], [ 11.504282602524988, 49.076894608698602 ], [ 11.461016811337371, 49.061901726707788 ], [ 11.353047794098647, 49.090013959665797 ], [ 11.368119951818734, 49.100278483757613 ], [ 11.352581776261266, 49.117920459022827 ], [ 11.322821786350231, 49.119015547914422 ], [ 11.313648773963507, 49.17806453928317 ], [ 11.262021452563875, 49.196579823899178 ], [ 11.263118150492224, 49.211225901881406 ], [ 11.321941723407653, 49.202525642363582 ], [ 11.291974132155794, 49.256840388824735 ], [ 11.264160334038078, 49.260478361505449 ], [ 11.292170841659052, 49.267121048929546 ], [ 11.206290700664157, 49.274116575059558 ], [ 11.214644303991481, 49.292270946496444 ], [ 11.185988267207366, 49.300401628107323 ], [ 11.219812546695746, 49.315959698375309 ], [ 11.251368307991667, 49.308929410686211 ], [ 11.2471762104447, 49.325352785956504 ], [ 11.334498877810683, 49.303061488418628 ], [ 11.345385131273963, 49.319655840791647 ], [ 11.38194793808138, 49.326232410622005 ], [ 11.3712329535901, 49.357062052860734 ], [ 11.420870605447153, 49.375855826092462 ], [ 11.460631676367608, 49.426038349082248 ] ] ] } },
{ "type": "Feature", "properties": { "ags": "09374" }, "geometry": { "type": "Polygon", "coordinates": [ [ [ 12.169350902537417, 49.855713410318145 ], [ 12.202935235384995, 49.802259076566223 ], [ 12.236208278292773, 49.79937574258026 ], [ 12.236733483123588, 49.771101296234214 ], [ 12.335178644699987, 49.758438038699488 ], [ 12.373277351992837, 49.770990826421716 ], [ 12.442886118761544, 49.703699873514019 ], [ 12.521638214541429, 49.686761827092411 ], [ 12.52816852440359, 49.618183854473877 ], [ 12.560669828954802, 49.619634293463641 ], [ 12.592421631403171, 49.540893533067859 ], [ 12.551886842383301, 49.550888640917172 ], [ 12.528594356751899, 49.534939191710194 ], [ 12.480988434096282, 49.553701808358518 ], [ 12.441425355443204, 49.521640486441527 ], [ 12.403642314248009, 49.532317662380748 ], [ 12.396230866054212, 49.519744750515322 ], [ 12.348327921163635, 49.517038468655855 ], [ 12.349105958707224, 49.503905475781714 ], [ 12.29149770048409, 49.518251389670532 ], [ 12.301957212680023, 49.536145366429359 ], [ 12.259339786534284, 49.537797109776584 ], [ 12.227351449020649, 49.589097740862414 ], [ 12.194231017107191, 49.593873124870555 ], [ 12.183891863407457, 49.569956493742282 ], [ 12.147613772759225, 49.56835846273669 ], [ 12.118801951460306, 49.548150694884967 ], [ 12.104419509768253, 49.567540073999858 ], [ 12.068290329622977, 49.564884053075716 ], [ 12.071328262564482, 49.578136881953462 ], [ 11.991242832357541, 49.574866491545414 ], [ 11.97439658641219, 49.640152269518822 ], [ 11.875771833458195, 49.634825286024267 ], [ 11.80939685286579, 49.652942191480783 ], [ 11.736569577239734, 49.624599672708243 ], [ 11.641755211159445, 49.629765218272709 ], [ 11.661325351453515, 49.674959126204563 ], [ 11.647948157737254, 49.689807559923217 ], [ 11.669890558656546, 49.701346558916896 ], [ 11.628742610184194, 49.763955211399242 ], [ 11.642782493396805, 49.807804750091442 ], [ 11.691965954663555, 49.803637222101742 ], [ 11.734252047013756, 49.839354832126006 ], [ 11.785171209517102, 49.835662058564637 ], [ 11.838233705893817, 49.852533407879875 ], [ 11.89086710596699, 49.803490564846321 ], [ 11.95227326709316, 49.805646588250184 ], [ 11.99217086981982, 49.823171672097239 ], [ 12.024836318867344, 49.79419608862478 ], [ 12.004549971461817, 49.791072421163854 ], [ 12.011524414817742, 49.78484277671155 ], [ 12.054045344797348, 49.794842234955873 ], [ 12.078011914734239, 49.783974220467819 ], [ 12.102972851747905, 49.823597447167678 ], [ 12.132911420492988, 49.822118304539082 ], [ 12.169350902537417, 49.855713410318145 ] ], [ [ 12.14645732543576, 49.711164623753803 ], [ 12.074655407636977, 49.700153569745758 ], [ 12.087212250241539, 49.691438801714845 ], [ 12.063970659805364, 49.674159474063202 ], [ 12.127290030473167, 49.61512956570742 ], [ 12.168634495847575, 49.662841031503731 ], [ 12.197767254454309, 49.65309682666355 ], [ 12.21309214338911, 49.662411267429228 ], [ 12.233444618046732, 49.632297441612081 ], [ 12.255500673860498, 49.634171216868864 ], [ 12.2665080396491, 49.659599601890072 ], [ 12.226336844847136, 49.666285307439516 ], [ 12.22475408899934, 49.685892323770048 ], [ 12.190769023376518, 49.686179557172657 ], [ 12.14645732543576, 49.711164623753803 ] ] ] } },
{ "type": "Feature", "properties": { "ags": "09375" }, "geometry": { "type": "Polygon", "coordinates": [ [ [ 12.175731153000754, 49.223045657140212 ], [ 12.23621210702429, 49.152522671236326 ], [ 12.278028837529044, 49.149761693177069 ], [ 12.28488396189492, 49.166492139817137 ], [ 12.307559115870372, 49.155965404689539 ], [ 12.324299550620628, 49.133965283415996 ], [ 12.306648078414053, 49.123746150340622 ], [ 12.34526867049296, 49.104668115262449 ], [ 12.32518244412605, 49.088082446653793 ], [ 12.388987915679337, 49.094626648451616 ], [ 12.37303745253341, 49.103388254260693 ], [ 12.423559953049629, 49.094046911407546 ], [ 12.43950845192928, 49.0592750647888 ], [ 12.408107592510225, 49.054587617958639 ], [ 12.480997661872943, 49.030673539591653 ], [ 12.48924125580041, 48.980618424485826 ], [ 12.442929844840483, 48.98196452625843 ], [ 12.438173327781573, 48.938636328090332 ], [ 12.457553964109124, 48.918893284559495 ], [ 12.427075975958234, 48.899314371972395 ], [ 12.431837405921648, 48.877720812167254 ], [ 12.384829358411936, 48.85056468096851 ], [ 12.314154159085911, 48.863105281499877 ], [ 12.292766733226951, 48.839678733273701 ], [ 12.284724388064589, 48.851124957617202 ], [ 12.268892360120329, 48.843119125495953 ], [ 12.26329697624681, 48.8620455565882 ], [ 12.257456289797968, 48.836402567816606 ], [ 12.233089988663572, 48.837447813542219 ], [ 12.235919999095275, 48.811414791888929 ], [ 12.196311680397077, 48.80750064108765 ], [ 12.191733356638698, 48.792970487051825 ], [ 12.171364895707358, 48.79968310708287 ], [ 12.129704163272409, 48.779584674070023 ], [ 12.135276046956388, 48.765912135628014 ], [ 12.106788449051196, 48.764923003594092 ], [ 12.098468118447622, 48.843329431068575 ], [ 12.133772837020837, 48.877986038957701 ], [ 12.109808909297987, 48.906469085040982 ], [ 12.079242635674795, 48.904612019431887 ], [ 12.094605051136249, 48.922164916185579 ], [ 12.079750443564905, 48.938233716851997 ], [ 12.020049106502404, 48.963843929815539 ], [ 11.995613575022386, 48.949456806780297 ], [ 11.990706015531314, 48.964689144227414 ], [ 11.966093004385565, 48.964619401576577 ], [ 11.927474777123445, 48.945797202363245 ], [ 11.932204838322191, 48.964498190170133 ], [ 11.902567610187347, 48.97761267887639 ], [ 11.913739102631551, 48.987540834601361 ], [ 11.863176187152325, 49.022484620076298 ], [ 11.807160938635603, 49.018721961147556 ], [ 11.770659388293161, 48.981657464270512 ], [ 11.713981686512694, 49.014807873877324 ], [ 11.659064974984068, 49.020886322549757 ], [ 11.689958952238998, 49.058000828829222 ], [ 11.676156542263922, 49.07877736165986 ], [ 11.749910319765915, 49.105024562063008 ], [ 11.749144853725056, 49.123096834355295 ], [ 11.780665026303343, 49.12911008185533 ], [ 11.808329531520027, 49.173636258344949 ], [ 11.843378421018281, 49.150942108045491 ], [ 11.861323382223457, 49.170333510550613 ], [ 11.948866746169889, 49.194300965880615 ], [ 11.985225537772148, 49.179430751759021 ], [ 12.004732448837704, 49.186655991533506 ], [ 12.003867257200653, 49.159371620510441 ], [ 12.061435536809064, 49.16894883981665 ], [ 12.098483418776656, 49.143352476208754 ], [ 12.156511728423297, 49.181457945591504 ], [ 12.145667358198384, 49.209535769901059 ], [ 12.175731153000754, 49.223045657140212 ] ], [ [ 12.131075746579086, 49.075083112005274 ], [ 12.094681810735157, 49.063233022623251 ], [ 12.089796854284339, 49.035399361207979 ], [ 12.061435002632624, 49.035335442858539 ], [ 12.052156776155526, 49.050799766899928 ], [ 12.035638979101121, 49.04140175448935 ], [ 12.029434427297236, 49.009658343589258 ], [ 12.06600051206652, 48.998194611686898 ], [ 12.076231036271032, 48.970092928870379 ], [ 12.174253034895012, 48.972372863258336 ], [ 12.189204057758966, 48.990773479585897 ], [ 12.131075746579086, 49.075083112005274 ] ] ] } },
{ "type": "Feature", "properties": { "ags": "09376" }, "geometry": { "type": "Polygon", "coordinates": [ [ [ 12.195572952778878, 49.593485218130397 ], [ 12.245883367011464, 49.575009144259184 ], [ 12.259339786534284, 49.537797109776584 ], [ 12.301957212680023, 49.536145366429359 ], [ 12.304068569740926, 49.513299941709739 ], [ 12.352927137187088, 49.504454735207617 ], [ 12.348327921163635, 49.517038468655855 ], [ 12.396230866054212, 49.519744750515322 ], [ 12.403642314248009, 49.532317662380748 ], [ 12.441425355443204, 49.521640486441527 ], [ 12.480988434096282, 49.553701808358518 ], [ 12.528594356751899, 49.534939191710194 ], [ 12.565961766869071, 49.55185202534593 ], [ 12.637938679379449, 49.531186801801034 ], [ 12.644093585228172, 49.4849053431114 ], [ 12.632739497007437, 49.475836399569992 ], [ 12.635204842077439, 49.488695287247239 ], [ 12.614845707778347, 49.48816073403011 ], [ 12.526436177439741, 49.447423577338434 ], [ 12.555919563340407, 49.418812178601769 ], [ 12.485325869329024, 49.393945205549905 ], [ 12.502241544006139, 49.37791838922864 ], [ 12.481587855952109, 49.359851559837871 ], [ 12.481917498559186, 49.31977460964977 ], [ 12.510248729094947, 49.315861211772706 ], [ 12.470872348856165, 49.297832314162065 ], [ 12.47927006731798, 49.272542982747133 ], [ 12.457410589114314, 49.260868177495134 ], [ 12.423657759342623, 49.275650550627823 ], [ 12.422929270844417, 49.263004554093861 ], [ 12.375830016411021, 49.259375998625032 ], [ 12.372433160649718, 49.2400648002575 ], [ 12.394848015364655, 49.236602410532555 ], [ 12.330693680491622, 49.203062992043648 ], [ 12.311049459365384, 49.15247202892391 ], [ 12.28488396189492, 49.166492139817137 ], [ 12.278028837529044, 49.149761693177069 ], [ 12.23621210702429, 49.152522671236326 ], [ 12.17550467669323, 49.223642863104793 ], [ 12.145667358198384, 49.209535769901059 ], [ 12.156511728423297, 49.181457945591504 ], [ 12.0953471818063, 49.143478141065799 ], [ 12.061435536809064, 49.16894883981665 ], [ 12.003867257200653, 49.159371620510441 ], [ 12.004732448837704, 49.186655991533506 ], [ 11.985225537772148, 49.179430751759021 ], [ 11.935903545906495, 49.195070416659291 ], [ 11.934220342881892, 49.221074297899037 ], [ 11.954811640153132, 49.214790469908905 ], [ 11.941027987803206, 49.235597824391043 ], [ 11.983379161412042, 49.25187047532701 ], [ 11.94352089073147, 49.277041314459666 ], [ 11.981941446187122, 49.278826425476957 ], [ 11.966617997218295, 49.304399115452625 ], [ 12.01059269332036, 49.339895865376491 ], [ 11.994122419989239, 49.351776284747736 ], [ 12.06222482954491, 49.352929925721973 ], [ 12.062536685480564, 49.389185734315305 ], [ 11.999596484072745, 49.392119775288421 ], [ 12.007562249539349, 49.406112525599411 ], [ 11.976839177004759, 49.436921993944466 ], [ 12.033755821168256, 49.429701676441553 ], [ 12.030350800396942, 49.492453327874927 ], [ 12.066177053273572, 49.49482320582532 ], [ 12.086133346659038, 49.480460965379507 ], [ 12.096116704573181, 49.497031210418619 ], [ 12.073145057036747, 49.529899570230846 ], [ 12.133972412075504, 49.549749985306178 ], [ 12.130768363210562, 49.562276146920752 ], [ 12.183891863407457, 49.569956493742282 ], [ 12.195572952778878, 49.593485218130397 ] ] ] } },
{ "type": "Feature", "properties": { "ags": "09377" }, "geometry": { "type": "MultiPolygon", "coordinates": [ [ [ [ 12.271933555765717, 50.061251244257463 ], [ 12.431223628330976, 50.002615083471476 ], [ 12.431519615599191, 49.984381863639449 ], [ 12.460668000108635, 49.994874127073814 ], [ 12.48988963752479, 49.98176080561754 ], [ 12.475514391051684, 49.937918526225644 ], [ 12.547730387656381, 49.920343239064607 ], [ 12.49800818269699, 49.83757961276487 ], [ 12.472946944951804, 49.833588684588925 ], [ 12.472723169965166, 49.785937780781971 ], [ 12.392641193656262, 49.754047340905295 ], [ 12.373277351992837, 49.770990826421716 ], [ 12.335178644699987, 49.758438038699488 ], [ 12.295688076488728, 49.771047884437607 ], [ 12.26340662014996, 49.762707749771572 ], [ 12.236733483123588, 49.771101296234214 ], [ 12.236208278292773, 49.79937574258026 ], [ 12.202935235384995, 49.802259076566223 ], [ 12.211710945926489, 49.810195593319627 ], [ 12.184301107659907, 49.821170219533599 ], [ 12.173170551687946, 49.855942443792181 ], [ 12.132911420492988, 49.822118304539082 ], [ 12.102972851747905, 49.823597447167678 ], [ 12.087276386092014, 49.78505991921277 ], [ 12.054045344797348, 49.794842234955873 ], [ 12.011524414817742, 49.78484277671155 ], [ 12.024836318867344, 49.79419608862478 ], [ 11.99217086981982, 49.823171672097239 ], [ 11.95227326709316, 49.805646588250184 ], [ 11.890139710005942, 49.8038144095635 ], [ 11.85886938667235, 49.82563565558582 ], [ 11.839178792734314, 49.879444496567025 ], [ 11.855066484353666, 49.892322854945583 ], [ 11.822786488201693, 49.902573827933836 ], [ 11.839494326073309, 49.90764251175149 ], [ 11.828255388784005, 49.934683947764043 ], [ 11.81244995007237, 49.932847021303957 ], [ 11.814213227152454, 49.963295378128258 ], [ 11.865078621787903, 49.960078918712085 ], [ 11.902681133102872, 49.978825468007265 ], [ 11.935422567590031, 49.972973690775895 ], [ 12.015862359274019, 49.991334161102138 ], [ 12.04785416671518, 49.979754585242659 ], [ 12.069753246272315, 49.995446588072909 ], [ 12.108244805605715, 49.978185121890682 ], [ 12.198293270919951, 49.999184506930852 ], [ 12.197613937182709, 50.032834780765867 ], [ 12.241245085088202, 50.035435334076126 ], [ 12.271933555765717, 50.061251244257463 ] ] ], [ [ [ 11.804803972113227, 49.953397232700745 ], [ 11.810800918173854, 49.951879658575727 ], [ 11.803841012013379, 49.951851529172394 ], [ 11.804803972113227, 49.953397232700745 ] ] ] ] } },
{ "type": "Feature", "properties": { "ags": "09461" }, "geometry": { "type": "Polygon", "coordinates": [ [ [ 10.916554766767973, 49.92702302182407 ], [ 10.947031857421841, 49.905998216572094 ], [ 10.959998261179031, 49.849589122058617 ], [ 10.9372792926793, 49.854447148547528 ], [ 10.926498546754299, 49.842468159165342 ], [ 10.838418383738837, 49.875288305884041 ], [ 10.826423824491993, 49.898436561541942 ], [ 10.847361560923739, 49.908415260081931 ], [ 10.830088106845155, 49.914629606408184 ], [ 10.916554766767973, 49.92702302182407 ] ] ] } },
{ "type": "Feature", "properties": { "ags": "09462" }, "geometry": { "type": "MultiPolygon", "coordinates": [ [ [ [ 11.588666648053357, 49.974130981850941 ], [ 11.655278606685075, 49.972026706901943 ], [ 11.637909837724131, 49.956949621844906 ], [ 11.672539410638455, 49.934895083534037 ], [ 11.623700317277432, 49.922322231368248 ], [ 11.615264792624906, 49.892504954264055 ], [ 11.573370647237672, 49.888255892698865 ], [ 11.495472355875346, 49.948421194928294 ], [ 11.588666648053357, 49.974130981850941 ] ] ], [ [ [ 11.495336361590153, 49.964537502720148 ], [ 11.488918830516662, 49.948433271949582 ], [ 11.478716147391081, 49.947297665047415 ], [ 11.49130011704154, 49.962296223722532 ], [ 11.477423302551948, 49.959671738262635 ], [ 11.495336361590153, 49.964537502720148 ] ] ] ] } },
{ "type": "Feature", "properties": { "ags": "09463" }, "geometry": { "type": "Polygon", "coordinates": [ [ [ 10.887390206022582, 50.282881288437288 ], [ 10.989353702404822, 50.291656874481667 ], [ 10.98353638906841, 50.278013483087726 ], [ 11.012567629558246, 50.266599543108065 ], [ 11.044952804529851, 50.275169017632265 ], [ 11.063870677456324, 50.265108154992475 ], [ 10.977763461133526, 50.221694016804221 ], [ 10.96018438317147, 50.244030737729489 ], [ 10.892022452052229, 50.250618312517574 ], [ 10.920784887928679, 50.265866231482192 ], [ 10.887390206022582, 50.282881288437288 ] ] ] } },
{ "type": "Feature", "properties": { "ags": "09464" }, "geometry": { "type": "Polygon", "coordinates": [ [ [ 11.88019814075005, 50.354074665404859 ], [ 11.970706766627297, 50.330525685462952 ], [ 11.908075243443191, 50.267110955758071 ], [ 11.807403592280858, 50.309850385984674 ], [ 11.880002200401925, 50.327259771630267 ], [ 11.88019814075005, 50.354074665404859 ] ] ] } },
{ "type": "Feature", "properties": { "ags": "09471" }, "geometry": { "type": "MultiPolygon", "coordinates": [ [ [ [ 10.881161145585269, 49.743799284615072 ], [ 10.893299059407125, 49.737550141638415 ], [ 10.873745056137301, 49.741718729264875 ], [ 10.881161145585269, 49.743799284615072 ] ] ], [ [ [ 10.878573992212354, 50.092677374628217 ], [ 10.877739892263092, 50.06703775642054 ], [ 10.904030879416668, 50.04881821287487 ], [ 10.89290549069743, 50.036656723911008 ], [ 10.931517396226619, 50.035257681137054 ], [ 10.951325114855942, 50.049918700209901 ], [ 11.002663921412415, 50.015847235934658 ], [ 11.021926157269364, 50.029166804272656 ], [ 11.193766106563782, 50.052167159710983 ], [ 11.147398966393654, 50.021425085972126 ], [ 11.195953257395665, 50.025089226133225 ], [ 11.18209714022592, 50.012360437057687 ], [ 11.216844616253194, 50.015728440907701 ], [ 11.249415921207481, 49.988904407025068 ], [ 11.195774059891919, 49.95393834023038 ], [ 11.214255618324033, 49.930133830068627 ], [ 11.184316021580281, 49.908841006574391 ], [ 11.19214647389625, 49.881171980357443 ], [ 11.24398637027951, 49.865252495691443 ], [ 11.227556163356095, 49.862164739013075 ], [ 11.231837686104921, 49.83741282625445 ], [ 11.107842814261192, 49.839088105864882 ], [ 11.081250988211613, 49.794107129844292 ], [ 10.983817047353835, 49.786457762597216 ], [ 10.962122163373873, 49.770344824534511 ], [ 10.934642615927171, 49.779144266368078 ], [ 10.928155423534157, 49.768453729885252 ], [ 10.919031166756813, 49.786022531020706 ], [ 10.812804053133416, 49.738043544741366 ], [ 10.715067517174775, 49.787905467877138 ], [ 10.671863084539526, 49.756598705355287 ], [ 10.707763111460673, 49.747632003751171 ], [ 10.704876899578604, 49.735113980850748 ], [ 10.654417328444152, 49.721123271668077 ], [ 10.638393411784703, 49.741422202628833 ], [ 10.551435786607342, 49.755772529312907 ], [ 10.516402389642144, 49.802997442294561 ], [ 10.469624456810047, 49.786422663848398 ], [ 10.485070554155701, 49.804563072148994 ], [ 10.449859633713366, 49.817967108432015 ], [ 10.461997949259288, 49.8359923237917 ], [ 10.439911482040051, 49.844961590908468 ], [ 10.459388033235101, 49.878816294479549 ], [ 10.55942444586239, 49.881345142232057 ], [ 10.560586698008857, 49.864700346901621 ], [ 10.575883659884175, 49.873831970474114 ], [ 10.587020606699362, 49.858682307093495 ], [ 10.607209909467587, 49.875543158578502 ], [ 10.60514637360701, 49.855248199590797 ], [ 10.65684698132188, 49.890213471646035 ], [ 10.685060689467322, 49.883027548322374 ], [ 10.705705621137172, 49.904602722823654 ], [ 10.694120795864459, 49.916058197599796 ], [ 10.742999579907234, 49.948102925728278 ], [ 10.720990678154108, 49.956288849109058 ], [ 10.761121387014164, 49.968242056082481 ], [ 10.740651956663134, 49.991706551154238 ], [ 10.764830105820456, 50.000416182319178 ], [ 10.751061889649806, 50.020492971903792 ], [ 10.782608492485926, 50.046475112709679 ], [ 10.836389046793828, 50.044871784567327 ], [ 10.836098155344233, 50.07278217213252 ], [ 10.878573992212354, 50.092677374628217 ] ], [ [ 10.916554766767973, 49.92702302182407 ], [ 10.830088106845155, 49.914629606408184 ], [ 10.847361560923739, 49.908415260081931 ], [ 10.826423824491993, 49.898436561541942 ], [ 10.838418383738837, 49.875288305884041 ], [ 10.926498546754299, 49.842468159165342 ], [ 10.9372792926793, 49.854447148547528 ], [ 10.959998261179031, 49.849589122058617 ], [ 10.940673484251072, 49.91436330439786 ], [ 10.916554766767973, 49.92702302182407 ] ] ] ] } },
{ "type": "Feature", "properties": { "ags": "09472" }, "geometry": { "type": "Polygon", "coordinates": [ [ [ 11.706564772878741, 50.123251364014223 ], [ 11.775295903845254, 50.126769974435845 ], [ 11.818303703874776, 50.088073586280736 ], [ 11.80086879919093, 50.072321555339222 ], [ 11.866236755357358, 50.042897507656676 ], [ 11.858932894152478, 50.023079617167866 ], [ 11.89857342615233, 49.998520076872843 ], [ 11.898596719025484, 49.969441059291071 ], [ 11.811642668877974, 49.960634453270274 ], [ 11.839494326073309, 49.90764251175149 ], [ 11.822786488201693, 49.902573827933836 ], [ 11.855066484353666, 49.892322854945583 ], [ 11.839273625308245, 49.87872891964458 ], [ 11.861968307308073, 49.852251602774338 ], [ 11.785171209517102, 49.835662058564637 ], [ 11.738185535554793, 49.840274850002835 ], [ 11.691965954663555, 49.803637222101742 ], [ 11.63558423233586, 49.803881911929899 ], [ 11.633594933300818, 49.761810393046069 ], [ 11.594014089483746, 49.75357910429706 ], [ 11.587045101180399, 49.728724013833194 ], [ 11.552472630728214, 49.733186463801118 ], [ 11.557656122097539, 49.642212150404156 ], [ 11.47351522862369, 49.644910258905561 ], [ 11.426542168603394, 49.613875368115593 ], [ 11.396901086967123, 49.626073591412485 ], [ 11.37758914775946, 49.668753685965797 ], [ 11.346654594086264, 49.676114723691079 ], [ 11.382844691819674, 49.700319588166515 ], [ 11.355763341984879, 49.70471090740341 ], [ 11.362791267897027, 49.738909753770521 ], [ 11.388560382901929, 49.753214394615256 ], [ 11.380140063091511, 49.77784156606949 ], [ 11.347041197374757, 49.784581321852144 ], [ 11.366949275513951, 49.803397414194691 ], [ 11.329450456339696, 49.817362280192135 ], [ 11.331543980251055, 49.805074663762944 ], [ 11.305613789957395, 49.800771873829085 ], [ 11.26375537436458, 49.843824866864686 ], [ 11.261235429551979, 49.874135695981124 ], [ 11.19214647389625, 49.881171980357443 ], [ 11.184316021580281, 49.908841006574391 ], [ 11.215230983720415, 49.936587838556065 ], [ 11.193837947741983, 49.951232929015745 ], [ 11.252940192650589, 49.978830954289947 ], [ 11.260472773589115, 50.000465051797171 ], [ 11.284986825005193, 49.987945304633193 ], [ 11.278285735119871, 49.967091738339228 ], [ 11.38530775965684, 49.934628243575787 ], [ 11.396460987042737, 49.961264074511092 ], [ 11.427471146225823, 49.957200911126399 ], [ 11.419311730035185, 49.989550918620829 ], [ 11.460961421743587, 49.980821594327779 ], [ 11.476845221554491, 49.995263149346492 ], [ 11.577653804112936, 50.008302176629655 ], [ 11.617368856410353, 50.039971560710235 ], [ 11.650274067448242, 50.042938109836363 ], [ 11.632357099560512, 50.06905014723111 ], [ 11.688216957050889, 50.089448972696999 ], [ 11.67808524011763, 50.124602635998812 ], [ 11.699098598785264, 50.133598673255854 ], [ 11.706564772878741, 50.123251364014223 ] ], [ [ 11.57981984213775, 49.976527609067716 ], [ 11.495357588894038, 49.947603395758115 ], [ 11.573370647237672, 49.888255892698865 ], [ 11.615264792624906, 49.892504954264055 ], [ 11.623700317277432, 49.922322231368248 ], [ 11.672539410638455, 49.934895083534037 ], [ 11.637909837724131, 49.956949621844906 ], [ 11.655278606685075, 49.972026706901943 ], [ 11.57981984213775, 49.976527609067716 ] ], [ [ 11.49130011704154, 49.962296223722532 ], [ 11.488918830516662, 49.948433271949582 ], [ 11.495336361590153, 49.964537502720148 ], [ 11.477423302551948, 49.959671738262635 ], [ 11.49130011704154, 49.962296223722532 ] ], [ [ 11.804803972113227, 49.953397232700745 ], [ 11.806498322528737, 49.950606304841337 ], [ 11.810520790548537, 49.952845712967751 ], [ 11.804803972113227, 49.953397232700745 ] ] ] } },
{ "type": "Feature", "properties": { "ags": "09473" }, "geometry": { "type": "Polygon", "coordinates": [ [ [ 10.877982654986763, 50.393232322770842 ], [ 10.893118003160101, 50.380323945078771 ], [ 10.937634647315887, 50.391905112975245 ], [ 10.98578072536951, 50.347320524871414 ], [ 10.997960490958951, 50.365773913165242 ], [ 11.035782803989738, 50.360204592902811 ], [ 11.036863469782991, 50.345209315307159 ], [ 11.085753908935244, 50.35203374139784 ], [ 11.100030243555203, 50.367490416082212 ], [ 11.117569242006995, 50.348852581255692 ], [ 11.139107811834354, 50.353505696321264 ], [ 11.159320716893388, 50.326153298769022 ], [ 11.133158694877809, 50.300177610508449 ], [ 11.183710071887187, 50.280895480575793 ], [ 11.173970554236133, 50.271279906910131 ], [ 11.201779507670944, 50.256213287598605 ], [ 11.178840753723286, 50.250907689781265 ], [ 11.193585784618215, 50.234443447648069 ], [ 11.168541551855368, 50.206447263758754 ], [ 11.198512737648716, 50.200554864318008 ], [ 11.179730416970781, 50.185110767519568 ], [ 11.153005158053691, 50.19815999642001 ], [ 11.115917211664009, 50.191842111359826 ], [ 11.102573768583907, 50.210439281562955 ], [ 10.991692360281229, 50.213964958273841 ], [ 11.0078082910915, 50.177376742986539 ], [ 10.952679192729018, 50.171081575951682 ], [ 10.915483146700108, 50.140559295135823 ], [ 10.948576197191699, 50.12258339860157 ], [ 10.89064160026799, 50.111063369287372 ], [ 10.861909002805296, 50.087962773819847 ], [ 10.877636244344936, 50.145144196537991 ], [ 10.851798219331579, 50.157517012043918 ], [ 10.841926758291523, 50.144239775034116 ], [ 10.777788471994896, 50.148930143150338 ], [ 10.780158404574154, 50.194397189149456 ], [ 10.76163367379943, 50.22293585286409 ], [ 10.727018281007499, 50.230891398379811 ], [ 10.73216777479297, 50.251837945034069 ], [ 10.835911573116238, 50.239504537321523 ], [ 10.846358138204277, 50.275094634979986 ], [ 10.803919858426676, 50.279753186446321 ], [ 10.80255027038428, 50.291980899326013 ], [ 10.715395850166415, 50.32117650270478 ], [ 10.728872533613023, 50.347941605540662 ], [ 10.712455140996918, 50.354643783418339 ], [ 10.754509496251384, 50.358171909326742 ], [ 10.785881505080416, 50.385384232694506 ], [ 10.877982654986763, 50.393232322770842 ] ], [ [ 10.989353702404822, 50.291656874481667 ], [ 10.887390206022582, 50.282881288437288 ], [ 10.920784887928679, 50.265866231482192 ], [ 10.892022452052229, 50.250618312517574 ], [ 10.96018438317147, 50.244030737729489 ], [ 10.977763461133526, 50.221694016804221 ], [ 11.063870677456324, 50.265108154992475 ], [ 11.044952804529851, 50.275169017632265 ], [ 11.012567629558246, 50.266599543108065 ], [ 10.98353638906841, 50.278013483087726 ], [ 10.989353702404822, 50.291656874481667 ] ] ] } },
{ "type": "Feature", "properties": { "ags": "09474" }, "geometry": { "type": "Polygon", "coordinates": [ [ [ 11.261235429551979, 49.874135695981124 ], [ 11.297257088974344, 49.804771620213181 ], [ 11.346866537604518, 49.812258299144816 ], [ 11.368212332810232, 49.801003474542533 ], [ 11.347572974428486, 49.784010526955662 ], [ 11.382155082475164, 49.775523608454151 ], [ 11.388560382901929, 49.753214394615256 ], [ 11.362791267897027, 49.738909753770521 ], [ 11.355763341984879, 49.70471090740341 ], [ 11.3632513951018, 49.700704412106532 ], [ 11.373763581562915, 49.703601916353534 ], [ 11.382638532104515, 49.699673401289765 ], [ 11.346845240457705, 49.678263583952798 ], [ 11.36869395693256, 49.666707945844756 ], [ 11.253439859797199, 49.594974213729252 ], [ 11.219760423860661, 49.609318270426591 ], [ 11.187953524898598, 49.588650343528222 ], [ 11.108891023731855, 49.588503520572715 ], [ 11.060600186077345, 49.637798840195337 ], [ 11.024821800342812, 49.627474709440158 ], [ 11.060154138944409, 49.653620367963427 ], [ 11.055375167839648, 49.679977077621764 ], [ 11.005878364151766, 49.673506373627887 ], [ 11.012211882425122, 49.684957624580349 ], [ 10.973621789031036, 49.680735125182501 ], [ 10.922055345220324, 49.707083044215551 ], [ 10.962837385422509, 49.716730274843059 ], [ 10.931274750007223, 49.726373184268702 ], [ 10.932253191649892, 49.759279484814144 ], [ 10.914106913800971, 49.761461378129361 ], [ 10.913115564047036, 49.76565748165514 ], [ 10.934642615927171, 49.779144266368078 ], [ 10.962122163373873, 49.770344824534511 ], [ 10.983817047353835, 49.786457762597216 ], [ 11.081250988211613, 49.794107129844292 ], [ 11.107842814261192, 49.839088105864882 ], [ 11.226449876805392, 49.835315042126389 ], [ 11.227556163356095, 49.862164739013075 ], [ 11.261235429551979, 49.874135695981124 ] ] ] } },
{ "type": "Feature", "properties": { "ags": "09475" }, "geometry": { "type": "Polygon", "coordinates": [ [ [ 11.922138735487986, 50.423518397561182 ], [ 11.945645081465209, 50.416282772519793 ], [ 11.949376885024884, 50.39480853422176 ], [ 11.983943196670207, 50.388707134480832 ], [ 11.977170939684571, 50.351483111810836 ], [ 12.046851905846323, 50.32499865590016 ], [ 12.091343377400131, 50.332609686263424 ], [ 12.12556083712191, 50.30761714357925 ], [ 12.139920827486886, 50.277574851385779 ], [ 12.090759843872853, 50.252384393042476 ], [ 12.126988390382429, 50.232490894115422 ], [ 12.151332130946649, 50.235724603240136 ], [ 12.160679209877943, 50.219849108739943 ], [ 12.128822905883306, 50.212080760085406 ], [ 12.085492939151329, 50.227663732509903 ], [ 11.989146328252218, 50.169507383560735 ], [ 11.99365681518208, 50.188076944198002 ], [ 11.937281404831127, 50.200011263916892 ], [ 11.937777030973864, 50.173943748299379 ], [ 11.812215096955773, 50.104343966405104 ], [ 11.785637746263497, 50.10506889985723 ], [ 11.775295903845254, 50.126769974435845 ], [ 11.744860957335993, 50.117047354343853 ], [ 11.699098598785264, 50.133598673255854 ], [ 11.653105696507916, 50.115606906747239 ], [ 11.64818879798454, 50.140176944663502 ], [ 11.677973125609691, 50.137919351326744 ], [ 11.689782924255827, 50.158936672154518 ], [ 11.650378860410045, 50.16169712111909 ], [ 11.680415219703796, 50.180351087518872 ], [ 11.6748930336973, 50.199457705594121 ], [ 11.654435915586056, 50.203894993616778 ], [ 11.654825820087904, 50.230139656095403 ], [ 11.59838296069119, 50.224944470371661 ], [ 11.62011119110133, 50.266945907986695 ], [ 11.580085051611844, 50.254509619924349 ], [ 11.541058237755616, 50.264248883282434 ], [ 11.566003569682142, 50.287941828178738 ], [ 11.528595685146742, 50.328811769126979 ], [ 11.53571098678848, 50.359585299527076 ], [ 11.579287148045928, 50.364439461507608 ], [ 11.565990946598658, 50.377998237855444 ], [ 11.606561216489128, 50.386415509050174 ], [ 11.603290254396542, 50.39876593741014 ], [ 11.624601484768792, 50.386870400922945 ], [ 11.683102856215164, 50.392735470390349 ], [ 11.793818647078094, 50.418387037470318 ], [ 11.825495291338756, 50.404420029983932 ], [ 11.823488647075671, 50.389666796336975 ], [ 11.922138735487986, 50.423518397561182 ] ], [ [ 11.875004077958861, 50.353462002136354 ], [ 11.880002200401925, 50.327259771630267 ], [ 11.807403592280858, 50.309850385984674 ], [ 11.908075243443191, 50.267110955758071 ], [ 11.970706766627297, 50.330525685462952 ], [ 11.949108209479313, 50.345459979645227 ], [ 11.928969098080907, 50.338035915762831 ], [ 11.918774495710178, 50.352479957931564 ], [ 11.875004077958861, 50.353462002136354 ] ] ] } },
{ "type": "Feature", "properties": { "ags": "09476" }, "geometry": { "type": "Polygon", "coordinates": [ [ [ 11.369787978175353, 50.523239713202727 ], [ 11.440853618556087, 50.500912528896379 ], [ 11.418814568592058, 50.493461444647956 ], [ 11.420630678017845, 50.443366483503638 ], [ 11.451254292819781, 50.431032826344449 ], [ 11.443441968006145, 50.420821079627487 ], [ 11.481567953562084, 50.431621691150752 ], [ 11.478737316705697, 50.401215892427174 ], [ 11.518909861157935, 50.39566600911791 ], [ 11.519853241788354, 50.374268482088659 ], [ 11.573151888372742, 50.400121881688356 ], [ 11.610432326256408, 50.388825798836685 ], [ 11.565990946598658, 50.377998237855444 ], [ 11.572748812894991, 50.361495180571403 ], [ 11.53571098678848, 50.359585299527076 ], [ 11.528595685146742, 50.328811769126979 ], [ 11.566003569682142, 50.287941828178738 ], [ 11.431287868274918, 50.215545358451685 ], [ 11.413268042951797, 50.199592862502371 ], [ 11.433685439977076, 50.182223936004576 ], [ 11.396667167754794, 50.175807290673461 ], [ 11.37665517804122, 50.192941464905793 ], [ 11.358986778071191, 50.165541611521981 ], [ 11.287806712666912, 50.160151055819448 ], [ 11.224285218585576, 50.18458569430743 ], [ 11.226016751369885, 50.204234906215646 ], [ 11.17326389649827, 50.201371876663444 ], [ 11.193585784618215, 50.234443447648069 ], [ 11.177573110654997, 50.248629747633458 ], [ 11.201779507670944, 50.256213287598605 ], [ 11.19690472593836, 50.291376443381232 ], [ 11.250518029702976, 50.268312787337614 ], [ 11.270336657626324, 50.306746590877694 ], [ 11.262435240737748, 50.352401030864009 ], [ 11.284252879000718, 50.360307432682077 ], [ 11.247715246288914, 50.478414123232554 ], [ 11.289114781936956, 50.485565976004928 ], [ 11.290982389829058, 50.475256526156954 ], [ 11.323142336053616, 50.49116491192072 ], [ 11.321355015869372, 50.508567415916495 ], [ 11.369787978175353, 50.523239713202727 ] ] ] } },
{ "type": "Feature", "properties": { "ags": "09477" }, "geometry": { "type": "Polygon", "coordinates": [ [ [ 11.61602982684259, 50.26711166902647 ], [ 11.629345598119233, 50.258027846898017 ], [ 11.609147478672133, 50.261005486078844 ], [ 11.59838296069119, 50.224944470371661 ], [ 11.654825820087904, 50.230139656095403 ], [ 11.680694901729558, 50.1808881135794 ], [ 11.650378860410045, 50.16169712111909 ], [ 11.68986857859792, 50.159556677243316 ], [ 11.677973125609691, 50.137919351326744 ], [ 11.642578994136565, 50.129947975558046 ], [ 11.653105696507916, 50.115606906747239 ], [ 11.679337963652623, 50.123761869608323 ], [ 11.688216957050889, 50.089448972696999 ], [ 11.632357099560512, 50.06905014723111 ], [ 11.650274067448242, 50.042938109836363 ], [ 11.617368856410353, 50.039971560710235 ], [ 11.577653804112936, 50.008302176629655 ], [ 11.476845221554491, 49.995263149346492 ], [ 11.460961421743587, 49.980821594327779 ], [ 11.419311730035185, 49.989550918620829 ], [ 11.427471146225823, 49.957200911126399 ], [ 11.396460987042737, 49.961264074511092 ], [ 11.38530775965684, 49.934628243575787 ], [ 11.278285735119871, 49.967091738339228 ], [ 11.284986825005193, 49.987945304633193 ], [ 11.250792263687478, 50.015888023473138 ], [ 11.275881047003287, 50.013956657267066 ], [ 11.303960278783324, 50.039441600695064 ], [ 11.297033248933671, 50.078594196268909 ], [ 11.324538834517128, 50.083563734761761 ], [ 11.298594176622009, 50.103974958248266 ], [ 11.339390549446865, 50.131701976531559 ], [ 11.3553699280231, 50.125941925303778 ], [ 11.363619004960801, 50.148446679982079 ], [ 11.3403395860103, 50.156736112306305 ], [ 11.364530656018736, 50.186789035690062 ], [ 11.432453880133403, 50.181595108761677 ], [ 11.413268042951797, 50.199592862502371 ], [ 11.487001249830206, 50.250387961362392 ], [ 11.61602982684259, 50.26711166902647 ] ] ] } },
{ "type": "Feature", "properties": { "ags": "09478" }, "geometry": { "type": "Polygon", "coordinates": [ [ [ 11.034062949601955, 50.218643020244087 ], [ 11.179730416970781, 50.185110767519568 ], [ 11.199260612208144, 50.204671280336122 ], [ 11.226016751369885, 50.204234906215646 ], [ 11.224285218585576, 50.18458569430743 ], [ 11.249433821227532, 50.184243913101533 ], [ 11.253092672398664, 50.171398316928482 ], [ 11.362962074691831, 50.149279444747357 ], [ 11.3553699280231, 50.125941925303778 ], [ 11.339390549446865, 50.131701976531559 ], [ 11.298594176622009, 50.103974958248266 ], [ 11.324538834517128, 50.083563734761761 ], [ 11.300753586098676, 50.083615917266364 ], [ 11.303960278783324, 50.039441600695064 ], [ 11.275881047003287, 50.013956657267066 ], [ 11.250792263687478, 50.015888023473138 ], [ 11.250600751070062, 49.990579154257489 ], [ 11.216844616253194, 50.015728440907701 ], [ 11.18209714022592, 50.012360437057687 ], [ 11.195953257395665, 50.025089226133225 ], [ 11.147398966393654, 50.021425085972126 ], [ 11.197854727678139, 50.048930115061566 ], [ 11.182475828637767, 50.05803861799334 ], [ 11.021926157269364, 50.029166804272656 ], [ 11.00906249044637, 50.01616976590261 ], [ 10.951325114855942, 50.049918700209901 ], [ 10.931517396226619, 50.035257681137054 ], [ 10.89290549069743, 50.036656723911008 ], [ 10.904030879416668, 50.04881821287487 ], [ 10.874620793436593, 50.073849994502602 ], [ 10.885653890367282, 50.106788555274825 ], [ 10.917199076085245, 50.119705210273274 ], [ 10.937457130936039, 50.112711314842123 ], [ 10.948238539059018, 50.126822514309112 ], [ 10.921080363924268, 50.149680232884826 ], [ 10.951707603126716, 50.155915649846449 ], [ 10.960515182334538, 50.174445382667422 ], [ 11.0078082910915, 50.177376742986539 ], [ 10.984604168393892, 50.210531090745008 ], [ 11.034062949601955, 50.218643020244087 ] ] ] } },
{ "type": "Feature", "properties": { "ags": "09479" }, "geometry": { "type": "Polygon", "coordinates": [ [ [ 12.088580974317388, 50.22563208138537 ], [ 12.128822905883306, 50.212080760085406 ], [ 12.162905610562884, 50.219941656503131 ], [ 12.197454144215079, 50.198838678867311 ], [ 12.215995454524059, 50.168179820918752 ], [ 12.199606920898125, 50.111192780899536 ], [ 12.27535364750568, 50.076470931242753 ], [ 12.257889203743218, 50.049102108064069 ], [ 12.197613937182709, 50.032834780765867 ], [ 12.198293270919951, 49.999184506930852 ], [ 12.108244805605715, 49.978185121890682 ], [ 12.069753246272315, 49.995446588072909 ], [ 12.04785416671518, 49.979754585242659 ], [ 12.015862359274019, 49.991334161102138 ], [ 11.913770568947923, 49.970724639561048 ], [ 11.858932894152478, 50.023079617167866 ], [ 11.867215461433231, 50.041949925706831 ], [ 11.80086879919093, 50.072321555339222 ], [ 11.818303703874776, 50.088073586280736 ], [ 11.789113903538476, 50.103248024310631 ], [ 11.885256558193094, 50.139450599237641 ], [ 11.937777030973864, 50.173943748299379 ], [ 11.937281404831127, 50.200011263916892 ], [ 11.965798088598726, 50.202268625689769 ], [ 11.999292996898081, 50.170472830742327 ], [ 12.088580974317388, 50.22563208138537 ] ] ] } },
{ "type": "Feature", "properties": { "ags": "09561" }, "geometry": { "type": "Polygon", "coordinates": [ [ [ 10.584505931145426, 49.342310434853474 ], [ 10.656437095950379, 49.317542572339107 ], [ 10.611567231207912, 49.282176449498763 ], [ 10.645879311652246, 49.257324548570878 ], [ 10.640178485971692, 49.234565201871284 ], [ 10.554534308140902, 49.260059594538291 ], [ 10.472558086089171, 49.265578381047938 ], [ 10.479733427668776, 49.277542336870518 ], [ 10.45427871114623, 49.285393967783449 ], [ 10.498514724385471, 49.291663942736264 ], [ 10.473617488376885, 49.326049930393594 ], [ 10.523352184290514, 49.32069836056268 ], [ 10.547150055187235, 49.340165914956948 ], [ 10.584505931145426, 49.342310434853474 ] ] ] } },
{ "type": "Feature", "properties": { "ags": "09562" }, "geometry": { "type": "Polygon", "coordinates": [ [ [ 10.936026487884938, 49.642003017108713 ], [ 10.978160601885277, 49.614825499251843 ], [ 11.049542723263004, 49.608158837341904 ], [ 11.029465043782251, 49.535398671982136 ], [ 10.932725455154172, 49.534572470429538 ], [ 10.937325395698466, 49.561471464499697 ], [ 10.916253801642533, 49.568505130325576 ], [ 10.933085298014417, 49.629320297563673 ], [ 10.922851510942859, 49.629475942721506 ], [ 10.916636379623132, 49.637820700519093 ], [ 10.936026487884938, 49.642003017108713 ] ] ] } },
{ "type": "Feature", "properties": { "ags": "09563" }, "geometry": { "type": "Polygon", "coordinates": [ [ [ 10.99518335838968, 49.53526957715426 ], [ 10.999854497556557, 49.512677528657711 ], [ 11.028631806303554, 49.50872309990055 ], [ 11.024966839470469, 49.471800177377155 ], [ 10.990453112313894, 49.436540200939362 ], [ 10.981139052260767, 49.452755051953218 ], [ 10.912734111325417, 49.462004065574227 ], [ 10.893163484770037, 49.495665005228467 ], [ 10.933622688906039, 49.506977856288984 ], [ 10.934023837042785, 49.534468531746555 ], [ 10.99518335838968, 49.53526957715426 ] ] ] } },
{ "type": "Feature", "properties": { "ags": "09564" }, "geometry": { "type": "MultiPolygon", "coordinates": [ [ [ [ 11.248561164948573, 49.440780581341002 ], [ 11.280133374359336, 49.416609642090108 ], [ 11.259154944488818, 49.409313100415979 ], [ 11.248561164948573, 49.440780581341002 ] ] ], [ [ [ 10.987927983581613, 49.536785522277363 ], [ 11.052665521938106, 49.530201188514333 ], [ 11.076668699482671, 49.519139541988466 ], [ 11.06095502277757, 49.504797735223647 ], [ 11.120100624639509, 49.512800943186811 ], [ 11.150438548934742, 49.471349267688566 ], [ 11.185678164119379, 49.467728235017326 ], [ 11.142100304714258, 49.456415613396601 ], [ 11.155836197639671, 49.446056576313133 ], [ 11.128308922625649, 49.442360405806923 ], [ 11.133967989477767, 49.433570504010426 ], [ 11.179025073344224, 49.417093248188422 ], [ 11.179826318831831, 49.428873275249444 ], [ 11.213570213441484, 49.421027022984845 ], [ 11.180554011525786, 49.415032925913607 ], [ 11.19302359544286, 49.404863370049625 ], [ 11.176821311745984, 49.412383581061789 ], [ 11.190313896620175, 49.389736938994766 ], [ 11.11093107540532, 49.390818971594648 ], [ 11.102018219746416, 49.376833409464602 ], [ 11.121937531651232, 49.369168644345663 ], [ 11.101620514476936, 49.371483014689673 ], [ 11.122322937236094, 49.357453960275869 ], [ 11.070595711811544, 49.33193736589304 ], [ 11.033143207257543, 49.371693134615313 ], [ 10.993258617361015, 49.376705629092243 ], [ 11.026210150305118, 49.402770271536049 ], [ 10.990453112313894, 49.436540200939362 ], [ 11.026594511558409, 49.476733364574443 ], [ 11.028631806303554, 49.50872309990055 ], [ 10.999854497556557, 49.512677528657711 ], [ 10.987927983581613, 49.536785522277363 ] ] ] ] } },
{ "type": "Feature", "properties": { "ags": "09565" }, "geometry": { "type": "Polygon", "coordinates": [ [ [ 11.000420847668819, 49.375198726702315 ], [ 11.033143207257543, 49.371693134615313 ], [ 11.070595711811544, 49.33193736589304 ], [ 11.079810120624986, 49.339275710483562 ], [ 11.087424451927504, 49.314195488350116 ], [ 11.061285368698687, 49.318499750744806 ], [ 11.041801486463873, 49.296628159678264 ], [ 11.010189599978329, 49.296209342341918 ], [ 10.970355995638164, 49.356518334996778 ], [ 11.000420847668819, 49.375198726702315 ] ] ] } },
{ "type": "Feature", "properties": { "ags": "09571" }, "geometry": { "type": "Polygon", "coordinates": [ [ [ 10.222449084173723, 49.488802689690729 ], [ 10.268787479124295, 49.467038078696163 ], [ 10.248268781669333, 49.452699743803066 ], [ 10.295380197140975, 49.412622448389797 ], [ 10.343570818440059, 49.433504284283821 ], [ 10.349379243374417, 49.410481779472015 ], [ 10.387082771700813, 49.412524312191579 ], [ 10.401897604291362, 49.432764862617688 ], [ 10.475605495739853, 49.412087284915735 ], [ 10.473094449453882, 49.424505937479495 ], [ 10.51487023611867, 49.437147147018315 ], [ 10.508044055542111, 49.449004243253192 ], [ 10.547065182671464, 49.436220739129858 ], [ 10.611250342478698, 49.448787734418843 ], [ 10.597996414850122, 49.422264041637241 ], [ 10.733867578997017, 49.435516618123813 ], [ 10.743075630689283, 49.400264513195296 ], [ 10.867839062825247, 49.356126402362918 ], [ 10.865527931579704, 49.314826535209406 ], [ 10.89856033071109, 49.307724862453028 ], [ 10.913401953439923, 49.246628898752277 ], [ 10.837640975407533, 49.197751002030202 ], [ 10.740304163989958, 49.196774836063526 ], [ 10.655083729451084, 49.132642682871193 ], [ 10.664883935667833, 49.108433129630527 ], [ 10.645566510496037, 49.090299921471058 ], [ 10.688235331197522, 49.071302933958343 ], [ 10.667089325071267, 49.017289618676145 ], [ 10.614682325804997, 49.014729360359524 ], [ 10.595537031137358, 49.034516668344935 ], [ 10.555715747200809, 49.034084890361562 ], [ 10.544419242062826, 49.007125331036555 ], [ 10.451926196762241, 49.011378053523089 ], [ 10.424263849062879, 49.004005519346926 ], [ 10.432677310432991, 48.983599144264943 ], [ 10.41233760218797, 48.976762734543115 ], [ 10.352157951160487, 49.006002050380587 ], [ 10.35025658433168, 49.028422071269446 ], [ 10.250437947518796, 49.040509722898904 ], [ 10.264630447997108, 49.061364543585768 ], [ 10.234169894664303, 49.076362320599422 ], [ 10.250596709812735, 49.092815123360616 ], [ 10.204997648173794, 49.09811900149225 ], [ 10.25694731940624, 49.129050426457432 ], [ 10.248022909932772, 49.149281106820027 ], [ 10.2183791107046, 49.163489847698905 ], [ 10.196814396694469, 49.155762235737761 ], [ 10.18118266369949, 49.18240668973619 ], [ 10.124899272642603, 49.199736859051782 ], [ 10.14013595038791, 49.208889742412772 ], [ 10.119829081117919, 49.247357973848381 ], [ 10.133209340813092, 49.25310543389147 ], [ 10.109875036622016, 49.258298030039576 ], [ 10.156620294444075, 49.280758908494924 ], [ 10.132298988220642, 49.30031883740093 ], [ 10.140101716545114, 49.325576271953167 ], [ 10.104846910734786, 49.338411505747999 ], [ 10.124555669428069, 49.356137562109929 ], [ 10.107318285835383, 49.378784907666855 ], [ 10.161698240432276, 49.395493980921344 ], [ 10.138638066797547, 49.403095722063377 ], [ 10.151680497558479, 49.412294461770948 ], [ 10.133705132565083, 49.437146858548239 ], [ 10.094741443319418, 49.447898568249855 ], [ 10.118327265953752, 49.473169457333718 ], [ 10.222449084173723, 49.488802689690729 ] ], [ [ 10.570261553476435, 49.338552672859542 ], [ 10.523352184290514, 49.32069836056268 ], [ 10.473617488376885, 49.326049930393594 ], [ 10.498514724385471, 49.291663942736264 ], [ 10.45427871114623, 49.285393967783449 ], [ 10.479733427668776, 49.277542336870518 ], [ 10.472558086089171, 49.265578381047938 ], [ 10.554534308140902, 49.260059594538291 ], [ 10.640178485971692, 49.234565201871284 ], [ 10.645879311652246, 49.257324548570878 ], [ 10.611567231207912, 49.282176449498763 ], [ 10.655178965287412, 49.319955072635508 ], [ 10.570261553476435, 49.338552672859542 ] ] ] } },
{ "type": "Feature", "properties": { "ags": "09572" }, "geometry": { "type": "Polygon", "coordinates": [ [ [ 10.724905654456114, 49.784917497029113 ], [ 10.805390477743002, 49.737910799445572 ], [ 10.930669105301957, 49.785295234315861 ], [ 10.920565975200798, 49.737974147753562 ], [ 10.962837385422509, 49.716730274843059 ], [ 10.922055345220324, 49.707083044215551 ], [ 10.973621789031036, 49.680735125182501 ], [ 11.012211882425122, 49.684957624580349 ], [ 11.005878364151766, 49.673506373627887 ], [ 11.055375167839648, 49.679977077621764 ], [ 11.060154138944409, 49.653620367963427 ], [ 11.024821800342812, 49.627474709440158 ], [ 11.060600186077345, 49.637798840195337 ], [ 11.108891023731855, 49.588503520572715 ], [ 11.187953524898598, 49.588650343528222 ], [ 11.219760423860661, 49.609318270426591 ], [ 11.2519839224354, 49.594803968973238 ], [ 11.279152212368077, 49.605541430268431 ], [ 11.269116719119321, 49.568031691614244 ], [ 11.189993218732846, 49.560337479488659 ], [ 11.167765818755969, 49.49085704562053 ], [ 11.18400588594392, 49.475322208100273 ], [ 11.150438548934742, 49.471349267688566 ], [ 11.113327297193416, 49.515377949635649 ], [ 11.097323043976635, 49.501093662831728 ], [ 11.058560520012833, 49.505583280282956 ], [ 11.076668699482671, 49.519139541988466 ], [ 11.027863399271302, 49.539252711652402 ], [ 11.049542723263004, 49.608158837341904 ], [ 10.978160601885277, 49.614825499251843 ], [ 10.928654350151737, 49.645663670624209 ], [ 10.916253801642533, 49.568505130325576 ], [ 10.937325395698466, 49.561471464499697 ], [ 10.934913509805954, 49.538063586857255 ], [ 10.904539126199531, 49.549043822075134 ], [ 10.882948046563072, 49.536011624585285 ], [ 10.815765905911189, 49.535607629136216 ], [ 10.795370824394281, 49.579348171091119 ], [ 10.756491585857708, 49.581602131387534 ], [ 10.75552008909075, 49.60175591401773 ], [ 10.775096594515405, 49.606835091836793 ], [ 10.753918737439488, 49.612986882630707 ], [ 10.784371584986113, 49.656097027283728 ], [ 10.729388554111308, 49.685784033284826 ], [ 10.613544866847134, 49.677727565249398 ], [ 10.618690111571004, 49.689579600505432 ], [ 10.594370906428104, 49.691617663839232 ], [ 10.594877074663284, 49.709043416846171 ], [ 10.623206173467977, 49.71998292661808 ], [ 10.702827433854106, 49.732994469190736 ], [ 10.707763111460673, 49.747632003751171 ], [ 10.672439670573182, 49.758595083116631 ], [ 10.724905654456114, 49.784917497029113 ] ], [ [ 10.884613298221907, 49.73804774718959 ], [ 10.881161145585269, 49.743799284615072 ], [ 10.873745056137301, 49.741718729264875 ], [ 10.884613298221907, 49.73804774718959 ] ] ] } },
{ "type": "Feature", "properties": { "ags": "09573" }, "geometry": { "type": "Polygon", "coordinates": [ [ [ 10.904539126199531, 49.549043822075134 ], [ 10.934775535156458, 49.526760691062719 ], [ 10.933622688906039, 49.506977856288984 ], [ 10.893251594752478, 49.496303417373632 ], [ 10.907229892910182, 49.467187749407238 ], [ 10.981139052260767, 49.452755051953218 ], [ 11.026210150305118, 49.402770271536049 ], [ 10.994338914519338, 49.381270733767082 ], [ 10.925165292523271, 49.371307028892744 ], [ 10.929167098875361, 49.356664918191321 ], [ 10.872831038404387, 49.354659251008208 ], [ 10.743075630689283, 49.400264513195296 ], [ 10.739603440893339, 49.433655061692733 ], [ 10.690625183021147, 49.444537576347599 ], [ 10.700744847556249, 49.475831398445933 ], [ 10.680367997801113, 49.494172484227498 ], [ 10.740960384415679, 49.50331625998227 ], [ 10.757618499351127, 49.521127579358847 ], [ 10.789596860938687, 49.510065944936095 ], [ 10.787381840860878, 49.52541886121287 ], [ 10.814427957805997, 49.536043173867654 ], [ 10.882948046563072, 49.536011624585285 ], [ 10.904539126199531, 49.549043822075134 ] ] ] } },
{ "type": "Feature", "properties": { "ags": "09574" }, "geometry": { "type": "Polygon", "coordinates": [ [ [ 11.56355680896297, 49.696878659225717 ], [ 11.544031074064446, 49.693911110257353 ], [ 11.564682116082833, 49.68639513106158 ], [ 11.573498503955049, 49.668983018884987 ], [ 11.569855754957466, 49.641853198499021 ], [ 11.601550345290143, 49.623061206271849 ], [ 11.54997760221325, 49.603649688111737 ], [ 11.576077700728517, 49.579876886880349 ], [ 11.510854190643629, 49.553208954222193 ], [ 11.549134806978165, 49.544456884218008 ], [ 11.533857847793739, 49.507413541747283 ], [ 11.566441426991346, 49.503943574079265 ], [ 11.596247773824432, 49.474094295904671 ], [ 11.558995110081197, 49.416493392881229 ], [ 11.536858309268863, 49.410554588997236 ], [ 11.456844162074315, 49.431837301716271 ], [ 11.444621611079084, 49.414973105786387 ], [ 11.461458695594551, 49.411565013898482 ], [ 11.420870605447153, 49.375855826092462 ], [ 11.3712329535901, 49.357062052860734 ], [ 11.38194793808138, 49.326232410622005 ], [ 11.331239121634505, 49.3022210594158 ], [ 11.273372484158749, 49.312860426532758 ], [ 11.227137893644075, 49.350852397883735 ], [ 11.194894823060515, 49.357020348790591 ], [ 11.223911361134252, 49.358789592665794 ], [ 11.188245546535821, 49.369691430685485 ], [ 11.198198590767197, 49.37819428179521 ], [ 11.153162723667386, 49.379049232520927 ], [ 11.190313896620175, 49.389736938994766 ], [ 11.18218478184699, 49.416264521694266 ], [ 11.213570213441484, 49.421027022984845 ], [ 11.179826318831831, 49.428873275249444 ], [ 11.179025073344224, 49.417093248188422 ], [ 11.128308922625649, 49.442360405806923 ], [ 11.185678164119379, 49.467728235017326 ], [ 11.167765818755969, 49.49085704562053 ], [ 11.189993218732846, 49.560337479488659 ], [ 11.269116719119321, 49.568031691614244 ], [ 11.286522493696724, 49.618743330776105 ], [ 11.332358204136986, 49.637038993505612 ], [ 11.352914124821766, 49.664857513786139 ], [ 11.37758914775946, 49.668753685965797 ], [ 11.396901086967123, 49.626073591412485 ], [ 11.426542168603394, 49.613875368115593 ], [ 11.47351522862369, 49.644910258905561 ], [ 11.557656122097539, 49.642212150404156 ], [ 11.563448769619644, 49.685812884622351 ], [ 11.541270452942801, 49.693252706447062 ], [ 11.557446220892736, 49.715072363372776 ], [ 11.56355680896297, 49.696878659225717 ] ], [ [ 11.280133374359336, 49.416609642090108 ], [ 11.248368637854337, 49.439936215746798 ], [ 11.259154944488818, 49.409313100415979 ], [ 11.280133374359336, 49.416609642090108 ] ] ] } },
{ "type": "Feature", "properties": { "ags": "09575" }, "geometry": { "type": "Polygon", "coordinates": [ [ [ 10.556279385516882, 49.753395127907076 ], [ 10.638393411784703, 49.741422202628833 ], [ 10.653700946430108, 49.722734625822604 ], [ 10.594877074663284, 49.709043416846171 ], [ 10.595310362702246, 49.689835580190582 ], [ 10.618690111571004, 49.689579600505432 ], [ 10.603926745291531, 49.679284179981259 ], [ 10.698171562104895, 49.691474711742792 ], [ 10.788005688016842, 49.652066442919441 ], [ 10.753918737439488, 49.612986882630707 ], [ 10.775096594515405, 49.606835091836793 ], [ 10.75552008909075, 49.60175591401773 ], [ 10.756491585857708, 49.581602131387534 ], [ 10.795370824394281, 49.579348171091119 ], [ 10.815765905911189, 49.535607629136216 ], [ 10.787381840860878, 49.52541886121287 ], [ 10.789596860938687, 49.510065944936095 ], [ 10.757618499351127, 49.521127579358847 ], [ 10.740960384415679, 49.50331625998227 ], [ 10.680367997801113, 49.494172484227498 ], [ 10.700744847556249, 49.475831398445933 ], [ 10.695815852753954, 49.435187932982444 ], [ 10.601286235243069, 49.421914789372849 ], [ 10.618280939780595, 49.440673098176333 ], [ 10.611250342478698, 49.448787734418843 ], [ 10.547065182671464, 49.436220739129858 ], [ 10.520379972561692, 49.450837826374098 ], [ 10.475605495739853, 49.412087284915735 ], [ 10.401897604291362, 49.432764862617688 ], [ 10.387082771700813, 49.412524312191579 ], [ 10.349379243374417, 49.410481779472015 ], [ 10.343570818440059, 49.433504284283821 ], [ 10.295380197140975, 49.412622448389797 ], [ 10.248268781669333, 49.452699743803066 ], [ 10.268787479124295, 49.467038078696163 ], [ 10.233937593417341, 49.48820266352719 ], [ 10.184122782158175, 49.491742578749211 ], [ 10.172880860807034, 49.475634766370057 ], [ 10.115118199781596, 49.473959197969471 ], [ 10.099991354512131, 49.491727678976609 ], [ 10.121323094646582, 49.511046204781501 ], [ 10.076885757918108, 49.519882874368044 ], [ 10.090080475458231, 49.534038264900438 ], [ 10.069613723657554, 49.592625302785017 ], [ 10.099727059083499, 49.619203166015893 ], [ 10.148399798641709, 49.611791048913354 ], [ 10.170452246142812, 49.589878317381263 ], [ 10.21817243336687, 49.632898485164766 ], [ 10.348657655401766, 49.622355760307087 ], [ 10.388012860890717, 49.634258661909776 ], [ 10.358560210995273, 49.678011054155832 ], [ 10.387172804432643, 49.690827099015856 ], [ 10.341032935796282, 49.695629873327071 ], [ 10.33867406537226, 49.704164209148225 ], [ 10.421739025891178, 49.745105235203354 ], [ 10.416241499144856, 49.731330964270036 ], [ 10.422372249124647, 49.731385908114305 ], [ 10.435504720843538, 49.750044022704465 ], [ 10.464003067245457, 49.741356949400618 ], [ 10.556279385516882, 49.753395127907076 ] ] ] } },
{ "type": "Feature", "properties": { "ags": "09576" }, "geometry": { "type": "Polygon", "coordinates": [ [ [ 11.11093107540532, 49.390818971594648 ], [ 11.181665663381077, 49.385555299357506 ], [ 11.156013484451444, 49.37693661661897 ], [ 11.198198590767197, 49.37819428179521 ], [ 11.188245546535821, 49.369691430685485 ], [ 11.223911361134252, 49.358789592665794 ], [ 11.194894823060515, 49.357020348790591 ], [ 11.247764529235805, 49.332802515469233 ], [ 11.251368307991667, 49.308929410686211 ], [ 11.219812546695746, 49.315959698375309 ], [ 11.187188759165373, 49.297776558042479 ], [ 11.214644303991481, 49.292270946496444 ], [ 11.206290700664157, 49.274116575059558 ], [ 11.292170841659052, 49.267121048929546 ], [ 11.264160334038078, 49.260478361505449 ], [ 11.291974132155794, 49.256840388824735 ], [ 11.321941723407653, 49.202525642363582 ], [ 11.263118150492224, 49.211225901881406 ], [ 11.262021452563875, 49.196579823899178 ], [ 11.313648773963507, 49.17806453928317 ], [ 11.322821786350231, 49.119015547914422 ], [ 11.352581776261266, 49.117920459022827 ], [ 11.368119951818734, 49.100278483757613 ], [ 11.353047794098647, 49.090013959665797 ], [ 11.425805048936146, 49.055435483601109 ], [ 11.400552412174696, 49.053643565423798 ], [ 11.415865101647555, 49.034773675155158 ], [ 11.386383133810615, 49.031017509821183 ], [ 11.381805003583539, 49.017012728169703 ], [ 11.345929408904489, 49.019853482349518 ], [ 11.327118981810608, 48.997930188973164 ], [ 11.297195138041651, 49.016155008387649 ], [ 11.293128697904057, 49.005012540821319 ], [ 11.266622399771682, 49.010917580067904 ], [ 11.255388498650545, 49.052784056829012 ], [ 11.20136446440018, 49.046551662342793 ], [ 11.166572269903925, 49.084596358015752 ], [ 11.123012993289551, 49.085791715362383 ], [ 11.067747312204087, 49.129305786809333 ], [ 10.995238667828037, 49.144454359461449 ], [ 10.997135889207188, 49.155087911739038 ], [ 10.938572577820207, 49.148505196873082 ], [ 10.937785185185113, 49.131247167058667 ], [ 10.906294635487814, 49.13711345580527 ], [ 10.854517676836661, 49.161467312889201 ], [ 10.875299019422584, 49.188186602453058 ], [ 10.837541608746948, 49.195322651550867 ], [ 10.913401953439923, 49.246628898752277 ], [ 10.89856033071109, 49.307724862453028 ], [ 10.865527931579704, 49.314826535209406 ], [ 10.867839062825247, 49.356126402362918 ], [ 10.929167098875361, 49.356664918191321 ], [ 10.937782498224635, 49.377213827435227 ], [ 10.990521613277975, 49.382555826359138 ], [ 10.970355995638164, 49.356518334996778 ], [ 10.993012914487604, 49.332654914398383 ], [ 10.976629147978056, 49.325322161363133 ], [ 11.024518727507328, 49.293435760776248 ], [ 11.051471054812614, 49.315840625984023 ], [ 11.087424451927504, 49.314195488350116 ], [ 11.079810120624986, 49.339275710483562 ], [ 11.122322937236094, 49.357453960275869 ], [ 11.101620514476936, 49.371483014689673 ], [ 11.121937531651232, 49.369168644345663 ], [ 11.102018219746416, 49.376833409464602 ], [ 11.11093107540532, 49.390818971594648 ] ] ] } },
{ "type": "Feature", "properties": { "ags": "09577" }, "geometry": { "type": "Polygon", "coordinates": [ [ [ 10.78100630569665, 49.204518451140451 ], [ 10.875299019422584, 49.188186602453058 ], [ 10.854517676836661, 49.161467312889201 ], [ 10.906294635487814, 49.13711345580527 ], [ 10.937785185185113, 49.131247167058667 ], [ 10.938572577820207, 49.148505196873082 ], [ 10.985032769063068, 49.157074844097266 ], [ 11.067747312204087, 49.129305786809333 ], [ 11.114458589891923, 49.089382944331895 ], [ 11.166572269903925, 49.084596358015752 ], [ 11.20136446440018, 49.046551662342793 ], [ 11.179524236143076, 49.028644289714919 ], [ 11.190577057480978, 49.018438553234148 ], [ 11.163091716837082, 49.014778173489226 ], [ 11.143189037129671, 48.991503949589585 ], [ 11.142374884542491, 48.965182134914478 ], [ 11.070427054518598, 48.95366449243928 ], [ 11.050608827725164, 48.93187231201621 ], [ 11.071117344062261, 48.911451703965177 ], [ 11.032378276529077, 48.908900156191301 ], [ 11.031318609336935, 48.886915130962521 ], [ 10.974122138354669, 48.878718865376179 ], [ 10.963137722101928, 48.859356620277779 ], [ 10.906098442825185, 48.882557924426195 ], [ 10.867658175066243, 48.875586302903393 ], [ 10.861155140391835, 48.895197819110699 ], [ 10.815371191000906, 48.90109074327578 ], [ 10.832464513732265, 48.913029827060683 ], [ 10.817673347695314, 48.949463562182814 ], [ 10.770598821376742, 48.926439461101801 ], [ 10.776347726889252, 48.916114225995017 ], [ 10.734817464916523, 48.923917768111728 ], [ 10.722890456011983, 48.900522458238697 ], [ 10.676080121784345, 48.910184498634408 ], [ 10.669265079018656, 48.922490630128927 ], [ 10.701733148975171, 48.943355254773664 ], [ 10.671385373598014, 48.982260050040168 ], [ 10.631172666570064, 48.992020626806244 ], [ 10.68775787708937, 49.047081842033649 ], [ 10.688235331197522, 49.071302933958343 ], [ 10.645566510496037, 49.090299921471058 ], [ 10.664883935667833, 49.108433129630527 ], [ 10.655083729451084, 49.132642682871193 ], [ 10.740304163989958, 49.196774836063526 ], [ 10.78100630569665, 49.204518451140451 ] ] ] } },
{ "type": "Feature", "properties": { "ags": "09661" }, "geometry": { "type": "Polygon", "coordinates": [ [ [ 9.107769550479643, 50.006426548438547 ], [ 9.126970524171673, 50.01404717717336 ], [ 9.159064942097064, 49.999608211238517 ], [ 9.194405455991117, 49.977054081715771 ], [ 9.18080544997353, 49.962841897951556 ], [ 9.237795404143784, 49.934800631214351 ], [ 9.144209511788775, 49.920614347886563 ], [ 9.107240159841679, 49.930858473007937 ], [ 9.084020956270116, 49.970930002323293 ], [ 9.111972523650849, 49.981632419534407 ], [ 9.080084029946333, 50.007750072289632 ], [ 9.102890782940086, 50.021304793939549 ], [ 9.107769550479643, 50.006426548438547 ] ] ] } },
{ "type": "Feature", "properties": { "ags": "09662" }, "geometry": { "type": "Polygon", "coordinates": [ [ [ 10.234795069309877, 50.094841099556831 ], [ 10.237386429787758, 50.079020877364876 ], [ 10.263005419200093, 50.083629498129973 ], [ 10.258110167696636, 50.05676757163031 ], [ 10.274648839817351, 50.058109899928375 ], [ 10.241904003279592, 50.04028908785611 ], [ 10.250382259512497, 50.0167353246093 ], [ 10.210687760768256, 50.009434854228992 ], [ 10.165328331962524, 50.031192032816897 ], [ 10.200424399167691, 50.071588171184942 ], [ 10.225951504478754, 50.066613795904885 ], [ 10.234795069309877, 50.094841099556831 ] ] ] } },
{ "type": "Feature", "properties": { "ags": "09663" }, "geometry": { "type": "Polygon", "coordinates": [ [ [ 9.922068603466585, 49.844642333329304 ], [ 9.941763269837061, 49.833305491870966 ], [ 9.987741392655247, 49.839109115985607 ], [ 10.014397538755928, 49.802104719289055 ], [ 9.953745610231401, 49.767371084731202 ], [ 9.985191350124284, 49.74570074748555 ], [ 9.97243960031768, 49.711157563362342 ], [ 9.948256595261077, 49.710913605526144 ], [ 9.935571337833762, 49.735037446675278 ], [ 9.876826990675445, 49.753092624471826 ], [ 9.896267238993769, 49.767376846463961 ], [ 9.874500869362247, 49.771613526684661 ], [ 9.912036745435435, 49.776060678867829 ], [ 9.872307693921774, 49.794669706318274 ], [ 9.872402732642085, 49.822246177510344 ], [ 9.907159208723941, 49.825248871227643 ], [ 9.922068603466585, 49.844642333329304 ] ] ] } },
{ "type": "Feature", "properties": { "ags": "09671" }, "geometry": { "type": "Polygon", "coordinates": [ [ [ 9.225025026099882, 50.148084761804292 ], [ 9.375639432326077, 50.129660606945066 ], [ 9.40498473284576, 50.08773455175983 ], [ 9.372799804158188, 50.083210421246832 ], [ 9.393843370211851, 50.085133532058634 ], [ 9.411713671701182, 50.065159391941961 ], [ 9.391036390804, 50.071232263493123 ], [ 9.385576200146948, 50.054937347607364 ], [ 9.410101678991303, 50.058674337976633 ], [ 9.420787706547795, 50.046691321508952 ], [ 9.395384223471812, 50.045485573768076 ], [ 9.418868598458719, 50.031601316822737 ], [ 9.402516806392269, 50.027786487011753 ], [ 9.434399318653174, 50.019398590387674 ], [ 9.399118782053813, 50.014676019456694 ], [ 9.395441038054763, 50.010055040936507 ], [ 9.398093418905841, 49.996921861598395 ], [ 9.394887596483875, 49.995523135451315 ], [ 9.400076404326544, 49.996284142241414 ], [ 9.396900635111072, 50.009786615049897 ], [ 9.412091681400312, 50.00797090078845 ], [ 9.448685646221415, 49.951347848542781 ], [ 9.486634024142901, 49.948569388485083 ], [ 9.464682136691291, 49.91741941035076 ], [ 9.453847028123622, 49.927874867726587 ], [ 9.42335786058927, 49.917693029569293 ], [ 9.433802395669849, 49.883878398202924 ], [ 9.368737160989129, 49.855244075950374 ], [ 9.368340721322577, 49.832921006420307 ], [ 9.317840705545409, 49.832514988888235 ], [ 9.288714713895876, 49.866796748013044 ], [ 9.24724071538518, 49.857952266525622 ], [ 9.28125487580437, 49.911239758319482 ], [ 9.18080544997353, 49.962841897951556 ], [ 9.193048920763159, 49.979189172691711 ], [ 9.126970524171673, 50.01404717717336 ], [ 9.107769550479643, 50.006426548438547 ], [ 9.102890782940086, 50.021304793939549 ], [ 9.080084029946333, 50.007750072289632 ], [ 9.111972523650849, 49.981632419534407 ], [ 9.084020956270116, 49.970930002323293 ], [ 9.109366204076444, 49.902071109039504 ], [ 9.095072401011045, 49.874279111416399 ], [ 9.072936026407413, 49.881616354354612 ], [ 9.054734787262007, 49.865594080484051 ], [ 9.038428785394876, 49.876217671906325 ], [ 9.015714270380746, 49.989022859072847 ], [ 9.048820260629954, 49.992265601799012 ], [ 9.031343852912753, 50.039574083087452 ], [ 8.976480289100346, 50.047170186165069 ], [ 8.99739128487577, 50.091579878447249 ], [ 9.018261040765875, 50.111604208074127 ], [ 9.117457034877031, 50.126624041898218 ], [ 9.153609320186504, 50.117930613282986 ], [ 9.149210890656144, 50.090639492089792 ], [ 9.191593717498693, 50.127487241119645 ], [ 9.183268722099225, 50.137902203910649 ], [ 9.225025026099882, 50.148084761804292 ] ] ] } },
{ "type": "Feature", "properties": { "ags": "09672" }, "geometry": { "type": "Polygon", "coordinates": [ [ [ 9.765141991128385, 50.425007394122368 ], [ 9.860046301523973, 50.397473955118627 ], [ 9.935655014795831, 50.419606277073505 ], [ 9.9233723198676, 50.368149935040698 ], [ 9.93587772158455, 50.386133064280578 ], [ 9.954431219264855, 50.382940890598618 ], [ 9.942681459139886, 50.388832078945455 ], [ 9.937925171499641, 50.394657495200228 ], [ 9.956493343477755, 50.382284820177851 ], [ 9.923998467110779, 50.366416501059554 ], [ 9.951965820269379, 50.363862904240015 ], [ 9.927421057776604, 50.351047400191945 ], [ 9.936010035053062, 50.338421029084472 ], [ 9.987166606605472, 50.312954345995927 ], [ 10.015600495751967, 50.329903463295111 ], [ 10.028567967583315, 50.306689469253548 ], [ 10.063833232677601, 50.295841011009429 ], [ 10.056651395038374, 50.320049991434168 ], [ 10.115991778510073, 50.300374943075369 ], [ 10.12830692771036, 50.28846670633034 ], [ 10.095377925259172, 50.276595498902026 ], [ 10.108635461940704, 50.269407445113558 ], [ 10.241230545325562, 50.263241987483859 ], [ 10.271654074985126, 50.289302254977983 ], [ 10.287337189771117, 50.282366389291191 ], [ 10.290379262104864, 50.302427389836701 ], [ 10.325890765469721, 50.302783656481623 ], [ 10.345719823337761, 50.24475143735269 ], [ 10.370133891448505, 50.22916217701227 ], [ 10.32222377329677, 50.209879419522323 ], [ 10.342543583829746, 50.187523665269708 ], [ 10.340561912147045, 50.172630294253629 ], [ 10.31879382019137, 50.172067066014627 ], [ 10.328379013910581, 50.148103930268888 ], [ 10.301493404881294, 50.161898357545567 ], [ 10.259732086832633, 50.14404337777934 ], [ 10.264980665336857, 50.152338599929926 ], [ 10.259937408095729, 50.156127496472621 ], [ 10.226872572256454, 50.145626523131369 ], [ 10.179863296094265, 50.153876034866286 ], [ 10.152380343269462, 50.145401279860664 ], [ 10.128530503885653, 50.103389534748047 ], [ 10.012775151645791, 50.108578193953086 ], [ 9.969590379680099, 50.084533728262457 ], [ 9.959082973666995, 50.038570623628615 ], [ 9.935367409122804, 50.02992625486052 ], [ 9.900551459846922, 50.053834891532752 ], [ 9.868881397965628, 50.034211696955161 ], [ 9.808531795289804, 50.046962512847678 ], [ 9.831487463869337, 50.084655027549879 ], [ 9.80621585410022, 50.09249427723887 ], [ 9.801998580218992, 50.114800755300713 ], [ 9.781859868025737, 50.110411147290236 ], [ 9.772188136936542, 50.131557578719232 ], [ 9.747360911736527, 50.126871046417179 ], [ 9.749719468772557, 50.151108501098548 ], [ 9.699863779221122, 50.181885334405933 ], [ 9.679262873937279, 50.227152058429112 ], [ 9.623150780259648, 50.229040004959835 ], [ 9.663619149716407, 50.233733461615152 ], [ 9.636823637416448, 50.251449888799975 ], [ 9.652396015457452, 50.269670068292513 ], [ 9.703422444795258, 50.280752311308312 ], [ 9.745881110656393, 50.310407954959722 ], [ 9.732914416439586, 50.35614961569074 ], [ 9.765141991128385, 50.425007394122368 ] ], [ [ 10.077868589880906, 50.298907880228882 ], [ 10.075179874960776, 50.305530759305533 ], [ 10.074746516999808, 50.299068870128167 ], [ 10.077868589880906, 50.298907880228882 ] ] ] } },
{ "type": "Feature", "properties": { "ags": "09673" }, "geometry": { "type": "MultiPolygon", "coordinates": [ [ [ [ 10.078519117022704, 50.305123694109191 ], [ 10.074746516999808, 50.299068870128167 ], [ 10.075179874960776, 50.305530759305533 ], [ 10.078519117022704, 50.305123694109191 ] ] ], [ [ [ 10.107094136160438, 50.563733601447147 ], [ 10.140366562782608, 50.542850424908067 ], [ 10.203873884234641, 50.554700849967809 ], [ 10.230827931276828, 50.511803102231333 ], [ 10.330582236086368, 50.494276532996707 ], [ 10.370714811852412, 50.431758070500429 ], [ 10.403834692594804, 50.424775129320182 ], [ 10.384519195282603, 50.408929276024672 ], [ 10.394493697447418, 50.393652032307948 ], [ 10.449502845441513, 50.403046769526817 ], [ 10.492405731393864, 50.355055843401068 ], [ 10.544408273101116, 50.364505577357271 ], [ 10.561785333500042, 50.337098473531213 ], [ 10.600550295981023, 50.333688027209639 ], [ 10.591040413459472, 50.271784381199566 ], [ 10.607295939904599, 50.271257475517139 ], [ 10.61011485513524, 50.227995196286507 ], [ 10.584607382975268, 50.207367862701936 ], [ 10.562019991155953, 50.205807776130158 ], [ 10.51506619249143, 50.23651364851888 ], [ 10.498668016581181, 50.21218569598804 ], [ 10.473525941237048, 50.216888274086585 ], [ 10.488979910687609, 50.210808575979499 ], [ 10.450536540266421, 50.196708553244136 ], [ 10.431941900218279, 50.222422508711688 ], [ 10.360814375030653, 50.231292623385066 ], [ 10.325890765469721, 50.302783656481623 ], [ 10.290379262104864, 50.302427389836701 ], [ 10.287337189771117, 50.282366389291191 ], [ 10.271654074985126, 50.289302254977983 ], [ 10.25164762403632, 50.265042909305677 ], [ 10.167780657058138, 50.261653545510505 ], [ 10.153817474687795, 50.274123431058918 ], [ 10.096101434103376, 50.274087724901413 ], [ 10.126533162269792, 50.292545843992663 ], [ 10.056651395038374, 50.320049991434168 ], [ 10.063833232677601, 50.295841011009429 ], [ 10.028567967583315, 50.306689469253548 ], [ 10.015600495751967, 50.329903463295111 ], [ 9.987166606605472, 50.312954345995927 ], [ 9.937373809041224, 50.337240013155039 ], [ 9.927421057776604, 50.351047400191945 ], [ 9.951965820269379, 50.363862904240015 ], [ 9.929178929703221, 50.361475567711977 ], [ 9.923998467110779, 50.366416501059554 ], [ 9.956486061910979, 50.382914629978352 ], [ 9.953148609200493, 50.387955554585417 ], [ 9.937925171499641, 50.394657495200228 ], [ 9.954431219264855, 50.382940890598618 ], [ 9.93587772158455, 50.386133064280578 ], [ 9.9233723198676, 50.368149935040698 ], [ 9.935655014795831, 50.419606277073505 ], [ 10.018307426612408, 50.466455261945349 ], [ 10.039741212985694, 50.515618082110741 ], [ 10.107094136160438, 50.563733601447147 ] ] ] ] } },
{ "type": "Feature", "properties": { "ags": "09674" }, "geometry": { "type": "Polygon", "coordinates": [ [ [ 10.521013157381345, 50.234371331135492 ], [ 10.570119325062173, 50.203355820158727 ], [ 10.61011485513524, 50.227995196286507 ], [ 10.686714457773247, 50.225907583553123 ], [ 10.716645149313797, 50.204818957044253 ], [ 10.729202110021792, 50.23000530354647 ], [ 10.746077185863856, 50.22760399121146 ], [ 10.780158404574154, 50.194397189149456 ], [ 10.777788471994896, 50.148930143150338 ], [ 10.841926758291523, 50.144239775034116 ], [ 10.854612109008395, 50.157373366723149 ], [ 10.879226893318002, 50.142611199538578 ], [ 10.836389046793828, 50.044871784567327 ], [ 10.782608492485926, 50.046475112709679 ], [ 10.74967133910701, 50.018957507360064 ], [ 10.764830105820456, 50.000416182319178 ], [ 10.740651956663134, 49.991706551154238 ], [ 10.761121387014164, 49.968242056082481 ], [ 10.720990678154108, 49.956288849109058 ], [ 10.742999579907234, 49.948102925728278 ], [ 10.694120795864459, 49.916058197599796 ], [ 10.694056654128213, 49.890138116049577 ], [ 10.65684698132188, 49.890213471646035 ], [ 10.60514637360701, 49.855248199590797 ], [ 10.607209909467587, 49.875543158578502 ], [ 10.587020606699362, 49.858682307093495 ], [ 10.575883659884175, 49.873831970474114 ], [ 10.560586698008857, 49.864700346901621 ], [ 10.55942444586239, 49.881345142232057 ], [ 10.520226936193874, 49.873009773897252 ], [ 10.464977667078173, 49.888606751892638 ], [ 10.482794395423223, 49.910032468301679 ], [ 10.494638048107102, 49.894630933174291 ], [ 10.494274174272752, 49.909304873073367 ], [ 10.530974476667383, 49.895400578115115 ], [ 10.502563592584218, 49.913110688449692 ], [ 10.514161248070561, 49.93242628373067 ], [ 10.44388762265184, 49.95349328586228 ], [ 10.443997669811669, 49.978397113441538 ], [ 10.392914922959424, 49.993124771898259 ], [ 10.394745839390518, 50.013135178780246 ], [ 10.320344673462641, 50.029543899001226 ], [ 10.370871425651581, 50.026364272873288 ], [ 10.43313097362881, 50.076109089261919 ], [ 10.377739562263109, 50.092492177164019 ], [ 10.406508309501097, 50.120419807536095 ], [ 10.393306583360067, 50.141542878045904 ], [ 10.449467738400175, 50.200037109720313 ], [ 10.486681138002675, 50.208738935810032 ], [ 10.488979910687609, 50.210808575979499 ], [ 10.477749052883043, 50.211787658728575 ], [ 10.473525941237048, 50.216888274086585 ], [ 10.498668016581181, 50.21218569598804 ], [ 10.521013157381345, 50.234371331135492 ] ], [ [ 10.469435968262548, 50.188248645846826 ], [ 10.473794299997149, 50.188159752338095 ], [ 10.46950475163073, 50.19023707849324 ], [ 10.469435968262548, 50.188248645846826 ] ], [ [ 10.454153482757665, 50.195945282192305 ], [ 10.455601273688979, 50.191546146270312 ], [ 10.458712508493804, 50.191592296630859 ], [ 10.454153482757665, 50.195945282192305 ] ] ] } },
{ "type": "Feature", "properties": { "ags": "09675" }, "geometry": { "type": "Polygon", "coordinates": [ [ [ 10.229555858700401, 49.912843532354117 ], [ 10.237065150488084, 49.887750596938432 ], [ 10.289811411263086, 49.891441011351752 ], [ 10.289941829003345, 49.871396146560315 ], [ 10.319585371011121, 49.854874802878861 ], [ 10.390727017914694, 49.864601018543091 ], [ 10.400926559439823, 49.845824990095338 ], [ 10.372394159009433, 49.834379611459461 ], [ 10.47881208331127, 49.81156152429628 ], [ 10.469624456810047, 49.786422663848398 ], [ 10.516402389642144, 49.802997442294561 ], [ 10.554011357260853, 49.761556152472295 ], [ 10.491364905738065, 49.742864757814573 ], [ 10.435504720843538, 49.750044022704465 ], [ 10.422372249124647, 49.731385908114305 ], [ 10.421739025891178, 49.745105235203354 ], [ 10.33867406537226, 49.704164209148225 ], [ 10.387172804432643, 49.690827099015856 ], [ 10.358560210995273, 49.678011054155832 ], [ 10.388012860890717, 49.634258661909776 ], [ 10.282700255214236, 49.619098089297275 ], [ 10.21817243336687, 49.632898485164766 ], [ 10.170452246142812, 49.589878317381263 ], [ 10.083854526622982, 49.633945035401858 ], [ 10.091678308419361, 49.660126275394205 ], [ 10.133414625223383, 49.668221938196318 ], [ 10.096048597071411, 49.715245959253785 ], [ 10.114584301142051, 49.720546515066772 ], [ 10.065849541399153, 49.719074902557921 ], [ 10.039984207907482, 49.747861417932114 ], [ 10.061548697501475, 49.758221082245271 ], [ 10.065310658129874, 49.825351970353132 ], [ 10.123882629367708, 49.848734181011338 ], [ 10.164076561040071, 49.847297276020271 ], [ 10.165012636357103, 49.880318760454841 ], [ 10.229555858700401, 49.912843532354117 ] ] ] } },
{ "type": "Feature", "properties": { "ags": "09676" }, "geometry": { "type": "Polygon", "coordinates": [ [ [ 9.144034670295174, 49.921368138159792 ], [ 9.220102997433445, 49.935880970342531 ], [ 9.266109435123726, 49.927831288459949 ], [ 9.281760993840868, 49.903461772288978 ], [ 9.24539409356751, 49.859362613221187 ], [ 9.288714713895876, 49.866796748013044 ], [ 9.317840705545409, 49.832514988888235 ], [ 9.368340721322577, 49.832921006420307 ], [ 9.366686072088665, 49.853547643676158 ], [ 9.422738087345222, 49.881137823093297 ], [ 9.478939718936953, 49.838934986218071 ], [ 9.433668392868144, 49.847661062978943 ], [ 9.468763638432963, 49.773790498778013 ], [ 9.422815875175582, 49.789319647211187 ], [ 9.391546883134875, 49.770120605433974 ], [ 9.37261033699416, 49.778976811882892 ], [ 9.315683247835194, 49.768328736791283 ], [ 9.323124375906037, 49.743797269525864 ], [ 9.295673221444426, 49.740530935556109 ], [ 9.374211197997028, 49.728002029938175 ], [ 9.344030942141142, 49.71861396852286 ], [ 9.357409236277622, 49.704288292737466 ], [ 9.399960653135052, 49.728840512593059 ], [ 9.420395189385877, 49.708568356628234 ], [ 9.397891489964728, 49.670660726728244 ], [ 9.416439952854581, 49.65388233982349 ], [ 9.383570291262661, 49.642826508533396 ], [ 9.367577759361151, 49.658746057543063 ], [ 9.343880585023754, 49.644299652205667 ], [ 9.30408305762046, 49.654944252345551 ], [ 9.270722601711526, 49.634018564928155 ], [ 9.285023050570874, 49.614801328709909 ], [ 9.248940156407498, 49.584518405196576 ], [ 9.194410460191854, 49.574040639074816 ], [ 9.117713690478489, 49.573677776157226 ], [ 9.066138232269635, 49.603007376975896 ], [ 9.102012047411991, 49.642210344091552 ], [ 9.089638350848533, 49.693345721321826 ], [ 9.126109155488049, 49.699979582420504 ], [ 9.150809170250904, 49.742850741588846 ], [ 9.106913989266895, 49.758660973386917 ], [ 9.131665505162495, 49.79492793479718 ], [ 9.090879620671611, 49.790655009775705 ], [ 9.084730870363771, 49.847506382610476 ], [ 9.058047055475217, 49.832593502803419 ], [ 9.03333612494548, 49.866466651964316 ], [ 9.074501779492152, 49.881878943161183 ], [ 9.095072401011045, 49.874279111416399 ], [ 9.110437902180527, 49.936386662081624 ], [ 9.144034670295174, 49.921368138159792 ] ] ] } },
{ "type": "Feature", "properties": { "ags": "09677" }, "geometry": { "type": "Polygon", "coordinates": [ [ [ 9.501174644660811, 50.243473909077004 ], [ 9.576318735141411, 50.232388943129621 ], [ 9.582898993308461, 50.221528424535634 ], [ 9.679262873937279, 50.227152058429112 ], [ 9.699863779221122, 50.181885334405933 ], [ 9.749719468772557, 50.151108501098548 ], [ 9.747360911736527, 50.126871046417179 ], [ 9.772188136936542, 50.131557578719232 ], [ 9.831141453293014, 50.085390804928608 ], [ 9.808531795289804, 50.046962512847678 ], [ 9.868881397965628, 50.034211696955161 ], [ 9.900551459846922, 50.053834891532752 ], [ 9.931934344392035, 50.029684286287171 ], [ 9.980718485652343, 50.058024457634687 ], [ 9.99366424641986, 50.034095596514099 ], [ 10.03657615858403, 50.036869097513033 ], [ 10.046162034004377, 50.011778165275963 ], [ 10.000699868463323, 49.989472937783113 ], [ 10.044214679313493, 49.986344161568489 ], [ 10.040520281200228, 49.961506020031237 ], [ 10.011399073677136, 49.949877038595936 ], [ 10.021310462530218, 49.939860699030064 ], [ 9.939371909039071, 49.948853089429228 ], [ 9.912186103565208, 49.930523620677448 ], [ 9.928677958288631, 49.893215173538266 ], [ 9.829807249061513, 49.894295437976474 ], [ 9.83742208721992, 49.876579465570501 ], [ 9.77661170580657, 49.877297758034267 ], [ 9.727154579981754, 49.832138959174664 ], [ 9.670435535608519, 49.834267427850406 ], [ 9.679963251829578, 49.819796893366103 ], [ 9.653261619718791, 49.793337926865412 ], [ 9.560160651626363, 49.77969440691345 ], [ 9.56338049632776, 49.744568384251615 ], [ 9.546462236927006, 49.766426001270162 ], [ 9.514512299364608, 49.763786793532994 ], [ 9.504702266815089, 49.787886398254372 ], [ 9.465515795607747, 49.78131888481861 ], [ 9.433668392868144, 49.847661062978943 ], [ 9.478939718936953, 49.838934986218071 ], [ 9.422738087345222, 49.881137823093297 ], [ 9.42335786058927, 49.917693029569293 ], [ 9.453847028123622, 49.927874867726587 ], [ 9.464682136691291, 49.91741941035076 ], [ 9.486634024142901, 49.948569388485083 ], [ 9.448685646221415, 49.951347848542781 ], [ 9.412091681400312, 50.00797090078845 ], [ 9.396900635111072, 50.009786615049897 ], [ 9.400076404326544, 49.996284142241414 ], [ 9.394887596483875, 49.995523135451315 ], [ 9.398093418905841, 49.996921861598395 ], [ 9.395441038054763, 50.010055040936507 ], [ 9.399118782053813, 50.014676019456694 ], [ 9.434399318653174, 50.019398590387674 ], [ 9.405242671260876, 50.023409120024532 ], [ 9.418868598458719, 50.031601316822737 ], [ 9.395384223471812, 50.045485573768076 ], [ 9.420787706547795, 50.046691321508952 ], [ 9.385836784229527, 50.062867312153024 ], [ 9.411713671701182, 50.065159391941961 ], [ 9.393843370211851, 50.085133532058634 ], [ 9.372799804158188, 50.083210421246832 ], [ 9.499968262206249, 50.097252355620405 ], [ 9.51246415495682, 50.094355655644186 ], [ 9.507571329820362, 50.145557350290126 ], [ 9.53120179363629, 50.160849668391641 ], [ 9.498372929332669, 50.175225074024461 ], [ 9.516205473509398, 50.19961172200302 ], [ 9.501174644660811, 50.243473909077004 ] ] ] } },
{ "type": "Feature", "properties": { "ags": "09678" }, "geometry": { "type": "MultiPolygon", "coordinates": [ [ [ [ 10.391538879204436, 50.228554612228692 ], [ 10.431941900218279, 50.222422508711688 ], [ 10.450536540266421, 50.196708553244136 ], [ 10.393306583360067, 50.141542878045904 ], [ 10.406508309501097, 50.120419807536095 ], [ 10.377739562263109, 50.092492177164019 ], [ 10.43313097362881, 50.076109089261919 ], [ 10.370871425651581, 50.026364272873288 ], [ 10.320344673462641, 50.029543899001226 ], [ 10.395855516336765, 50.012479180582488 ], [ 10.392914922959424, 49.993124771898259 ], [ 10.443997669811669, 49.978397113441538 ], [ 10.44388762265184, 49.95349328586228 ], [ 10.514161248070561, 49.93242628373067 ], [ 10.502563592584218, 49.913110688449692 ], [ 10.531295783908062, 49.896884977958713 ], [ 10.494274174272752, 49.909304873073367 ], [ 10.494638048107102, 49.894630933174291 ], [ 10.482794395423223, 49.910032468301679 ], [ 10.482438923895172, 49.891777689313862 ], [ 10.458270195246959, 49.899265810675772 ], [ 10.507365192363167, 49.880001892942722 ], [ 10.459388033235101, 49.878816294479549 ], [ 10.439911482040051, 49.844961590908468 ], [ 10.461997949259288, 49.8359923237917 ], [ 10.443112551618205, 49.820725931740604 ], [ 10.372394159009433, 49.834379611459461 ], [ 10.400926559439823, 49.845824990095338 ], [ 10.376224028888647, 49.869966281060272 ], [ 10.319585371011121, 49.854874802878861 ], [ 10.289941829003345, 49.871396146560315 ], [ 10.289811411263086, 49.891441011351752 ], [ 10.248642955202316, 49.881361947191053 ], [ 10.22864660176497, 49.915918341486226 ], [ 10.201503694499813, 49.891612545353482 ], [ 10.174113532247103, 49.91349908700861 ], [ 10.158003509653939, 49.902403503521121 ], [ 10.100208033988624, 49.910861370444863 ], [ 10.106052219852055, 49.928533994787955 ], [ 10.025391079440428, 49.952806716921259 ], [ 10.044214679313493, 49.986344161568489 ], [ 10.001800893224969, 49.985626920998833 ], [ 10.043061554982959, 50.002528359780989 ], [ 10.039553733896069, 50.033777071550666 ], [ 9.99366424641986, 50.034095596514099 ], [ 9.957138051018889, 50.065652595981874 ], [ 10.012775151645791, 50.108578193953086 ], [ 10.128530503885653, 50.103389534748047 ], [ 10.152380343269462, 50.145401279860664 ], [ 10.179863296094265, 50.153876034866286 ], [ 10.226872572256454, 50.145626523131369 ], [ 10.259937408095729, 50.156127496472621 ], [ 10.259732086832633, 50.14404337777934 ], [ 10.301493404881294, 50.161898357545567 ], [ 10.325306629880309, 50.145930925771701 ], [ 10.31879382019137, 50.172067066014627 ], [ 10.340561912147045, 50.172630294253629 ], [ 10.342543583829746, 50.187523665269708 ], [ 10.32222377329677, 50.209879419522323 ], [ 10.391538879204436, 50.228554612228692 ] ], [ [ 10.233404988724553, 50.093326321787295 ], [ 10.225951504478754, 50.066613795904885 ], [ 10.200424399167691, 50.071588171184942 ], [ 10.165328331962524, 50.031192032816897 ], [ 10.210687760768256, 50.009434854228992 ], [ 10.250382259512497, 50.0167353246093 ], [ 10.241904003279592, 50.04028908785611 ], [ 10.274648839817351, 50.058109899928375 ], [ 10.257376593930601, 50.057867577620755 ], [ 10.263005419200093, 50.083629498129973 ], [ 10.237386429787758, 50.079020877364876 ], [ 10.233404988724553, 50.093326321787295 ] ] ], [ [ [ 10.473794299997149, 50.188159752338095 ], [ 10.469435968262548, 50.188248645846826 ], [ 10.46950475163073, 50.19023707849324 ], [ 10.473794299997149, 50.188159752338095 ] ] ], [ [ [ 10.455601273688979, 50.191546146270312 ], [ 10.454153482757665, 50.195945282192305 ], [ 10.458712508493804, 50.191592296630859 ], [ 10.455601273688979, 50.191546146270312 ] ] ] ] } },
{ "type": "Feature", "properties": { "ags": "09679" }, "geometry": { "type": "Polygon", "coordinates": [ [ [ 10.014101012230629, 49.951902506357271 ], [ 10.106052219852055, 49.928533994787955 ], [ 10.102726279812389, 49.909610596227061 ], [ 10.158003509653939, 49.902403503521121 ], [ 10.174113532247103, 49.91349908700861 ], [ 10.189162017274143, 49.892056347878125 ], [ 10.163078818632769, 49.878144784043286 ], [ 10.164076561040071, 49.847297276020271 ], [ 10.123882629367708, 49.848734181011338 ], [ 10.061940240802242, 49.821353398844423 ], [ 10.061548697501475, 49.758221082245271 ], [ 10.040509973994197, 49.746612999025785 ], [ 10.065849541399153, 49.719074902557921 ], [ 10.111368376616403, 49.723531424482154 ], [ 10.097524206565106, 49.711382653516729 ], [ 10.133414625223383, 49.668221938196318 ], [ 10.109119605448701, 49.669454209114221 ], [ 10.082171468960299, 49.647415539278441 ], [ 10.110315913941038, 49.621408251659119 ], [ 10.069613723657554, 49.592625302785017 ], [ 10.083723462512932, 49.543560763117412 ], [ 10.040019271431747, 49.529010433958717 ], [ 10.057305790467121, 49.516827845995643 ], [ 10.018914617440345, 49.485905639223589 ], [ 9.95188174100557, 49.480364254100508 ], [ 9.913740586249665, 49.493252988891115 ], [ 9.92685272110263, 49.551643118699658 ], [ 9.897989948636395, 49.564070018282386 ], [ 9.912438199523928, 49.585908402094603 ], [ 9.875725005103201, 49.578631471236747 ], [ 9.859309914727428, 49.546044484203485 ], [ 9.810230151044998, 49.557316021135215 ], [ 9.872808264811251, 49.610076170038312 ], [ 9.830060280786855, 49.651742769293968 ], [ 9.841172423496428, 49.683417381518957 ], [ 9.79999375845445, 49.730943238647733 ], [ 9.739419988400515, 49.688190701570278 ], [ 9.709719303332484, 49.727058056307548 ], [ 9.65349645940878, 49.687137201651041 ], [ 9.625449125507433, 49.703736738448825 ], [ 9.640874054195832, 49.720337199191619 ], [ 9.627715246529808, 49.731963307868476 ], [ 9.645859593017965, 49.736474001711215 ], [ 9.670435535608519, 49.834267427850406 ], [ 9.727154579981754, 49.832138959174664 ], [ 9.77661170580657, 49.877297758034267 ], [ 9.83742208721992, 49.876579465570501 ], [ 9.829807249061513, 49.894295437976474 ], [ 9.924577677659363, 49.891386087856432 ], [ 9.912186103565208, 49.930523620677448 ], [ 9.939371909039071, 49.948853089429228 ], [ 9.995162265904185, 49.936805752363092 ], [ 10.021310462530218, 49.939860699030064 ], [ 10.014101012230629, 49.951902506357271 ] ], [ [ 9.92003711249914, 49.844658980916776 ], [ 9.907159208723941, 49.825248871227643 ], [ 9.872402732642085, 49.822246177510344 ], [ 9.872307693921774, 49.794669706318274 ], [ 9.912036745435435, 49.776060678867829 ], [ 9.874500869362247, 49.771613526684661 ], [ 9.896267238993769, 49.767376846463961 ], [ 9.876826990675445, 49.753092624471826 ], [ 9.935571337833762, 49.735037446675278 ], [ 9.948256595261077, 49.710913605526144 ], [ 9.97243960031768, 49.711157563362342 ], [ 9.985191350124284, 49.74570074748555 ], [ 9.953745610231401, 49.767371084731202 ], [ 10.014397538755928, 49.802104719289055 ], [ 9.987741392655247, 49.839109115985607 ], [ 9.941763269837061, 49.833305491870966 ], [ 9.92003711249914, 49.844658980916776 ] ] ] } },
{ "type": "Feature", "properties": { "ags": "09761" }, "geometry": { "type": "Polygon", "coordinates": [ [ [ 10.884083872393518, 48.458442982679308 ], [ 10.959205528042826, 48.371974475460526 ], [ 10.954859779473873, 48.30361682868395 ], [ 10.940544759826476, 48.267200308909992 ], [ 10.916310925041651, 48.258232263807308 ], [ 10.9016354012952, 48.294059171752131 ], [ 10.764189861903354, 48.300984241993895 ], [ 10.80364289438862, 48.350763077229303 ], [ 10.856543162710979, 48.345845986837517 ], [ 10.859811259314135, 48.369304334011517 ], [ 10.830088267491945, 48.386467680934501 ], [ 10.847481053843728, 48.407091423794604 ], [ 10.888681298319234, 48.41266064881416 ], [ 10.884083872393518, 48.458442982679308 ] ] ] } },
{ "type": "Feature", "properties": { "ags": "09762" }, "geometry": { "type": "Polygon", "coordinates": [ [ [ 10.650332451312453, 47.916071063658087 ], [ 10.66112330421408, 47.883636494366641 ], [ 10.657059431450257, 47.84091541357801 ], [ 10.647812144748258, 47.855694758406273 ], [ 10.56821268602863, 47.857148547668203 ], [ 10.551227689847945, 47.884309465434519 ], [ 10.627946762996519, 47.921494355558494 ], [ 10.650332451312453, 47.916071063658087 ] ] ] } },
{ "type": "Feature", "properties": { "ags": "09763" }, "geometry": { "type": "Polygon", "coordinates": [ [ [ 10.294824478653114, 47.777367906849562 ], [ 10.377699819420084, 47.75586088563594 ], [ 10.356847755429779, 47.731247863567567 ], [ 10.373036866937088, 47.713663276993614 ], [ 10.317778972738653, 47.695135739767075 ], [ 10.265577872362844, 47.697336404633901 ], [ 10.248986141204234, 47.714319786542291 ], [ 10.266707223834349, 47.723273832944123 ], [ 10.260647028009783, 47.753734601346842 ], [ 10.233886130278831, 47.758598537454596 ], [ 10.237621561871288, 47.770909494858252 ], [ 10.294824478653114, 47.777367906849562 ] ] ] } },
{ "type": "Feature", "properties": { "ags": "09764" }, "geometry": { "type": "Polygon", "coordinates": [ [ [ 10.231357970947725, 48.043615369101587 ], [ 10.22905526480193, 48.011375918046127 ], [ 10.199206442956188, 48.000998948929897 ], [ 10.19162213633151, 47.939288510872885 ], [ 10.155710649382778, 47.915650488402612 ], [ 10.149114637497949, 47.929480189832709 ], [ 10.137144907210802, 47.920399092973113 ], [ 10.089487632862618, 47.947977256692106 ], [ 10.087524260478618, 47.968409472343886 ], [ 10.114954568284755, 47.976257435442641 ], [ 10.116363536881416, 47.960316886824103 ], [ 10.138741034374661, 47.959970566471306 ], [ 10.133954723112344, 47.984645959885114 ], [ 10.156962646501025, 47.997626808387885 ], [ 10.135727943966344, 48.023761600969685 ], [ 10.231357970947725, 48.043615369101587 ] ] ] } },
{ "type": "Feature", "properties": { "ags": "09771" }, "geometry": { "type": "Polygon", "coordinates": [ [ [ 11.031225046031029, 48.614484843604011 ], [ 11.050699194778419, 48.601206858077546 ], [ 11.115249017793159, 48.60862796897046 ], [ 11.125570253960962, 48.591853124075477 ], [ 11.155116094507415, 48.595900151201093 ], [ 11.16507406033525, 48.571743673539672 ], [ 11.126825631824511, 48.553466587043992 ], [ 11.208667609619402, 48.527480020726976 ], [ 11.213551166709671, 48.49572439738855 ], [ 11.265699891486376, 48.464209396116843 ], [ 11.304140997194514, 48.474187368759914 ], [ 11.311674872641669, 48.452272802616186 ], [ 11.178249584650422, 48.417466159555623 ], [ 11.198314851216178, 48.386680134071099 ], [ 11.174103255432662, 48.375774044549168 ], [ 11.183835316766331, 48.366332139146991 ], [ 11.166005129496396, 48.368896264757431 ], [ 11.174040224790811, 48.336332402463775 ], [ 11.128195900939293, 48.323156443475 ], [ 11.10605405452937, 48.261648863445629 ], [ 11.072949183095405, 48.281039673901105 ], [ 11.059646765164544, 48.272719105735078 ], [ 11.066557051865709, 48.255341052076759 ], [ 11.045914301053482, 48.256164573023526 ], [ 11.057241382389678, 48.241156757997203 ], [ 11.037299108244442, 48.229199888735771 ], [ 11.060489082266376, 48.19982097021245 ], [ 11.036848306644272, 48.19164118501714 ], [ 10.988336330864069, 48.210228975289958 ], [ 10.961004570568441, 48.198916585462328 ], [ 10.928078626037937, 48.234599467650163 ], [ 10.903410908882847, 48.236676608807514 ], [ 10.910751165944735, 48.258307085605914 ], [ 10.94141021798748, 48.269102818266887 ], [ 10.959205528042826, 48.371974475460526 ], [ 10.864234115465134, 48.506831347912055 ], [ 10.871551043415739, 48.531211669264941 ], [ 10.984444765488012, 48.545710299073768 ], [ 10.961908393035992, 48.574954983193848 ], [ 10.932146605084618, 48.570628097361478 ], [ 10.92946073860386, 48.596455312116866 ], [ 11.031225046031029, 48.614484843604011 ] ] ] } },
{ "type": "Feature", "properties": { "ags": "09772" }, "geometry": { "type": "Polygon", "coordinates": [ [ [ 10.883903051616707, 48.636908416832881 ], [ 10.887294367715947, 48.599263383185765 ], [ 10.932146605084618, 48.570628097361478 ], [ 10.972731714665311, 48.569635080165042 ], [ 10.987043884787225, 48.549673409987037 ], [ 10.871551043415739, 48.531211669264941 ], [ 10.888681298319234, 48.41266064881416 ], [ 10.847481053843728, 48.407091423794604 ], [ 10.830088267491945, 48.386467680934501 ], [ 10.859811259314135, 48.369304334011517 ], [ 10.856543162710979, 48.345845986837517 ], [ 10.80364289438862, 48.350763077229303 ], [ 10.764189861903354, 48.300984241993895 ], [ 10.9016354012952, 48.294059171752131 ], [ 10.895845877468169, 48.205919544447489 ], [ 10.848579077980485, 48.147523885118595 ], [ 10.785813021081884, 48.149923839271672 ], [ 10.801532123780175, 48.104170405979318 ], [ 10.76253099063794, 48.089213614624668 ], [ 10.743884002408484, 48.111451124679647 ], [ 10.741255250247786, 48.098197728317139 ], [ 10.735019759984779, 48.107596060487104 ], [ 10.693148623159109, 48.09536243334162 ], [ 10.684729247443393, 48.172524479841186 ], [ 10.619523908987961, 48.157727860975292 ], [ 10.54194672042911, 48.174083073397924 ], [ 10.59713780828654, 48.190625265250212 ], [ 10.57628028798668, 48.196188430638777 ], [ 10.591983554704631, 48.209544374870696 ], [ 10.557500854130842, 48.234874657321072 ], [ 10.599257129753406, 48.288076199129719 ], [ 10.588631234987758, 48.282295444236162 ], [ 10.582048019203105, 48.31662620570502 ], [ 10.494823933709672, 48.31707018433432 ], [ 10.521324358626583, 48.348166998032418 ], [ 10.515548271083338, 48.380382238746108 ], [ 10.548523474111327, 48.396637407448345 ], [ 10.505780593397034, 48.414099658142966 ], [ 10.542095032834292, 48.425897226039837 ], [ 10.528355394889063, 48.471388886285212 ], [ 10.545631811230235, 48.480995036300904 ], [ 10.617555170798433, 48.499186969301753 ], [ 10.674648844164803, 48.498640623940588 ], [ 10.700553514745181, 48.48046294984966 ], [ 10.765158647974571, 48.497689791799061 ], [ 10.743941344160275, 48.505129790092774 ], [ 10.773638472635348, 48.533393547178051 ], [ 10.776871838997625, 48.617570498877761 ], [ 10.883903051616707, 48.636908416832881 ] ] ] } },
{ "type": "Feature", "properties": { "ags": "09773" }, "geometry": { "type": "Polygon", "coordinates": [ [ [ 10.614484760851013, 48.750837103181603 ], [ 10.614097793325092, 48.737988947257335 ], [ 10.65844270787192, 48.732170133839951 ], [ 10.63845766902914, 48.707853240978295 ], [ 10.65141516603556, 48.693115233792085 ], [ 10.620890852663671, 48.686767854691688 ], [ 10.662828305765712, 48.657461385914544 ], [ 10.693109289079819, 48.650191848434552 ], [ 10.710498370602609, 48.66051960811523 ], [ 10.731957161583489, 48.647763115382574 ], [ 10.747269301116205, 48.662745878246284 ], [ 10.745453686628961, 48.636491799161028 ], [ 10.75358793818495, 48.632651722830339 ], [ 10.774186702387578, 48.645506902222721 ], [ 10.780297992012409, 48.641597886424904 ], [ 10.767645971399736, 48.630712302913828 ], [ 10.785733245556447, 48.608177288348905 ], [ 10.763810238053956, 48.593763077494316 ], [ 10.78079276290411, 48.562626536214026 ], [ 10.761287530975411, 48.555561564296568 ], [ 10.773638472635348, 48.533393547178051 ], [ 10.743941344160275, 48.505129790092774 ], [ 10.765158647974571, 48.497689791799061 ], [ 10.700553514745181, 48.48046294984966 ], [ 10.674648844164803, 48.498640623940588 ], [ 10.617555170798433, 48.499186969301753 ], [ 10.52686782960234, 48.471101530457659 ], [ 10.482496601294901, 48.488367153845083 ], [ 10.429010844406136, 48.480181420090283 ], [ 10.423607936375902, 48.527743774788817 ], [ 10.388813565600751, 48.51716693560325 ], [ 10.387061009431404, 48.492058036250306 ], [ 10.354701725648317, 48.500546689583786 ], [ 10.331178411393308, 48.480536632922409 ], [ 10.300447173602011, 48.487877390991841 ], [ 10.271141047696075, 48.514864107522051 ], [ 10.314838711738648, 48.526509285710205 ], [ 10.293114313384077, 48.589765519466162 ], [ 10.323094951677263, 48.609132703849376 ], [ 10.259529864328201, 48.654892335874052 ], [ 10.268706812899538, 48.703547118042906 ], [ 10.317503170022107, 48.682933763308796 ], [ 10.337429497339212, 48.689021806492562 ], [ 10.361128680270037, 48.652826841103831 ], [ 10.393608990555991, 48.689208586170039 ], [ 10.431747642419035, 48.699492360832799 ], [ 10.407384043174929, 48.666534709303463 ], [ 10.432751178783491, 48.661445217946344 ], [ 10.495083372942801, 48.687247208218544 ], [ 10.531483639249837, 48.751685326741409 ], [ 10.614484760851013, 48.750837103181603 ] ] ] } },
{ "type": "Feature", "properties": { "ags": "09774" }, "geometry": { "type": "Polygon", "coordinates": [ [ [ 10.423607936375902, 48.527743774788817 ], [ 10.429010844406136, 48.480181420090283 ], [ 10.482496601294901, 48.488367153845083 ], [ 10.533342732101598, 48.468105604843359 ], [ 10.542095032834292, 48.425897226039837 ], [ 10.505537131527989, 48.410979742030378 ], [ 10.548523474111327, 48.396637407448345 ], [ 10.515548271083338, 48.380382238746108 ], [ 10.521324358626583, 48.348166998032418 ], [ 10.494823933709672, 48.31707018433432 ], [ 10.582048019203105, 48.31662620570502 ], [ 10.598529648409118, 48.274645232968069 ], [ 10.557500854130842, 48.234874657321072 ], [ 10.568888234399772, 48.198584608366446 ], [ 10.532734464292011, 48.205829169525309 ], [ 10.518835741389958, 48.225070933633383 ], [ 10.494492608621767, 48.220916262959911 ], [ 10.442813334755467, 48.207734024662855 ], [ 10.444359374990054, 48.1918732361694 ], [ 10.406548560510132, 48.195377329001566 ], [ 10.348633921526901, 48.160112940991716 ], [ 10.35230681570577, 48.173830047899621 ], [ 10.317795530911413, 48.183052009083262 ], [ 10.31539144256868, 48.197660140067484 ], [ 10.295114892441195, 48.184517054516235 ], [ 10.301202000214419, 48.215084863628284 ], [ 10.271433493640632, 48.229653845708832 ], [ 10.286116777929134, 48.265233789939451 ], [ 10.311711210447843, 48.263281481088583 ], [ 10.315164180257474, 48.271589907975134 ], [ 10.285578642993594, 48.284343059223104 ], [ 10.298763096372646, 48.300857069648771 ], [ 10.265967962686378, 48.312119798028895 ], [ 10.273400853680194, 48.334054564369339 ], [ 10.256758267253771, 48.340141814463173 ], [ 10.275398744998194, 48.361238515097391 ], [ 10.240385758360588, 48.342837689080078 ], [ 10.184817855366925, 48.372731526073224 ], [ 10.16409363126485, 48.403671710474391 ], [ 10.17889786081988, 48.446208666943427 ], [ 10.13389540878268, 48.454871415547061 ], [ 10.17184642186613, 48.457786946008248 ], [ 10.180098200229066, 48.475524476532058 ], [ 10.241406301620412, 48.491959651219283 ], [ 10.226631162764296, 48.50699422542688 ], [ 10.257462406973891, 48.519465748585219 ], [ 10.324226309817732, 48.479614944585549 ], [ 10.353362964501564, 48.50031114053661 ], [ 10.38725870698978, 48.492123991600337 ], [ 10.388813565600751, 48.51716693560325 ], [ 10.423607936375902, 48.527743774788817 ] ] ] } },
{ "type": "Feature", "properties": { "ags": "09775" }, "geometry": { "type": "Polygon", "coordinates": [ [ [ 10.119073641133653, 48.473074209776271 ], [ 10.141168404841494, 48.444909048043002 ], [ 10.17889786081988, 48.446208666943427 ], [ 10.16409363126485, 48.403671710474391 ], [ 10.184519644686771, 48.372937467527521 ], [ 10.240385758360588, 48.342837689080078 ], [ 10.275398744998194, 48.361238515097391 ], [ 10.256758267253771, 48.340141814463173 ], [ 10.273400853680194, 48.334054564369339 ], [ 10.265967962686378, 48.312119798028895 ], [ 10.298763096372646, 48.300857069648771 ], [ 10.285578642993594, 48.284343059223104 ], [ 10.315164180257474, 48.271589907975134 ], [ 10.286116777929134, 48.265233789939451 ], [ 10.253316372576299, 48.198716102602774 ], [ 10.225909358145827, 48.1918548594941 ], [ 10.215045151826844, 48.143237818673413 ], [ 10.136457059268357, 48.108459267987953 ], [ 10.107074310457968, 48.132144183623694 ], [ 10.060721235502802, 48.240090454326328 ], [ 10.065816519867075, 48.281817122169649 ], [ 9.999924937096152, 48.363453112360034 ], [ 9.967275614864315, 48.374404356155146 ], [ 10.042414152555278, 48.429732036208193 ], [ 10.032694447056192, 48.457196446344774 ], [ 10.119073641133653, 48.473074209776271 ] ] ] } },
{ "type": "Feature", "properties": { "ags": "09776" }, "geometry": { "type": "Polygon", "coordinates": [ [ [ 10.001902409042692, 47.68199943393838 ], [ 10.059312462873024, 47.680628777301287 ], [ 10.075161682912627, 47.65833451017312 ], [ 10.06155215203354, 47.580282925416846 ], [ 9.963302679032013, 47.565833529957288 ], [ 9.963684782195221, 47.534717554070703 ], [ 9.920707543844248, 47.529744825401174 ], [ 9.880978139658504, 47.548057565289078 ], [ 9.874659653247427, 47.528608782453553 ], [ 9.815676109326301, 47.547609149374232 ], [ 9.827199687789403, 47.579982434622416 ], [ 9.802437588901919, 47.595871316077634 ], [ 9.765470283652666, 47.588856111164212 ], [ 9.733215094827681, 47.533684793185344 ], [ 9.712683321415762, 47.550692865085878 ], [ 9.680775632959227, 47.542264915013554 ], [ 9.679038884879583, 47.557021343785671 ], [ 9.606458933157723, 47.573755500149268 ], [ 9.602077153540918, 47.584337996005168 ], [ 9.64328483570703, 47.589759736270217 ], [ 9.635966980384998, 47.602455484852378 ], [ 9.657709588493983, 47.611725247834805 ], [ 9.706293734070874, 47.601812209172429 ], [ 9.745651920697339, 47.617296984713143 ], [ 9.747718498445204, 47.603688309208536 ], [ 9.842190840345282, 47.67769183498234 ], [ 9.959522463602159, 47.652304097546839 ], [ 10.001902409042692, 47.68199943393838 ] ] ] } },
{ "type": "Feature", "properties": { "ags": "09777" }, "geometry": { "type": "Polygon", "coordinates": [ [ [ 10.745172072441916, 48.111340384105283 ], [ 10.76253099063794, 48.089213614624668 ], [ 10.816167307433542, 48.10511805764488 ], [ 10.756359749517738, 48.040345854945699 ], [ 10.815651252984571, 48.0308877191544 ], [ 10.826458063668653, 47.995260758168094 ], [ 10.79451582297785, 47.956307365398381 ], [ 10.79968184134097, 47.936858897630387 ], [ 10.772958246258108, 47.930023032872889 ], [ 10.791455927874678, 47.907409249577753 ], [ 10.771675551168508, 47.88379511992342 ], [ 10.789580581740044, 47.883928908281128 ], [ 10.748334563124873, 47.854784515125765 ], [ 10.77070909972494, 47.848808565789483 ], [ 10.74889455000962, 47.795322603260892 ], [ 10.782772852736887, 47.77524417474531 ], [ 10.738715390127389, 47.765641623498205 ], [ 10.73608715405776, 47.71716593733067 ], [ 10.715888479371214, 47.705480462706618 ], [ 10.738047506654057, 47.695549236971374 ], [ 10.730113778582455, 47.681071356248495 ], [ 10.829104129056836, 47.727796299045814 ], [ 10.77809905074793, 47.662223119418606 ], [ 10.915151561698845, 47.660592560589805 ], [ 10.903213368614988, 47.63730843141694 ], [ 10.952785696532132, 47.616265364262738 ], [ 10.924904988807848, 47.586365690642715 ], [ 10.872825937902721, 47.572458878941461 ], [ 10.886286125795213, 47.536740852150871 ], [ 10.777572470558512, 47.513938538130155 ], [ 10.757582350954854, 47.534725797085351 ], [ 10.694834381232708, 47.54463813042117 ], [ 10.69118726489714, 47.558441140146527 ], [ 10.597954197376485, 47.569715238192245 ], [ 10.569414659277903, 47.533577307405729 ], [ 10.454459535596415, 47.555738342062313 ], [ 10.481778586282319, 47.584526445401622 ], [ 10.450778358399619, 47.6139715747683 ], [ 10.50081098148357, 47.636411235194679 ], [ 10.511613351676154, 47.666405854747474 ], [ 10.484978420779749, 47.675364620964174 ], [ 10.497857367763253, 47.686796106851368 ], [ 10.458618778047251, 47.69162893689623 ], [ 10.447678025507708, 47.733495304776291 ], [ 10.469823953610833, 47.740782656169046 ], [ 10.44453091994667, 47.758449640979023 ], [ 10.435189025799591, 47.798706063895338 ], [ 10.361844417001954, 47.811992791605427 ], [ 10.345522777020891, 47.851919763806713 ], [ 10.32603514847942, 47.853634047726111 ], [ 10.330540299318896, 47.871634293484924 ], [ 10.378400822701964, 47.883022515393328 ], [ 10.358817977322193, 47.918887507195329 ], [ 10.370486252161117, 47.925678905175843 ], [ 10.395470840828988, 47.898247497106915 ], [ 10.486261876194099, 47.947923607795573 ], [ 10.482692653157049, 47.934805168792728 ], [ 10.4994516307565, 47.93395266861198 ], [ 10.528557433529699, 47.98394161039387 ], [ 10.621905928275979, 47.94785232716751 ], [ 10.65915719061085, 48.015891873651874 ], [ 10.698470677777619, 48.030802951113579 ], [ 10.701787146528083, 48.097872863902843 ], [ 10.735019759984779, 48.107596060487104 ], [ 10.741255250247786, 48.098197728317139 ], [ 10.745172072441916, 48.111340384105283 ] ], [ [ 10.626729488594984, 47.91939055792102 ], [ 10.551547118098805, 47.883113947935691 ], [ 10.570403485811603, 47.87643455739029 ], [ 10.56821268602863, 47.857148547668203 ], [ 10.647812144748258, 47.855694758406273 ], [ 10.657059431450257, 47.84091541357801 ], [ 10.650332451312453, 47.916071063658087 ], [ 10.626729488594984, 47.91939055792102 ] ] ] } },
{ "type": "Feature", "properties": { "ags": "09778" }, "geometry": { "type": "MultiPolygon", "coordinates": [ [ [ [ 10.13341179157065, 48.014486447804273 ], [ 10.156962646501025, 47.997626808387885 ], [ 10.128999872244579, 47.958059417704924 ], [ 10.114791140965799, 47.988625091071292 ], [ 10.13341179157065, 48.014486447804273 ] ] ], [ [ [ 10.271433493640632, 48.229653845708832 ], [ 10.301202000214419, 48.215084863628284 ], [ 10.295114892441195, 48.184517054516235 ], [ 10.31539144256868, 48.197660140067484 ], [ 10.317795530911413, 48.183052009083262 ], [ 10.35230681570577, 48.173830047899621 ], [ 10.348633921526901, 48.160112940991716 ], [ 10.406548560510132, 48.195377329001566 ], [ 10.444359374990054, 48.1918732361694 ], [ 10.442813334755467, 48.207734024662855 ], [ 10.518835741389958, 48.225070933633383 ], [ 10.546341749223021, 48.202713776986045 ], [ 10.591983554704631, 48.209544374870696 ], [ 10.57628028798668, 48.196188430638777 ], [ 10.59713780828654, 48.190625265250212 ], [ 10.570391765445288, 48.187436282893884 ], [ 10.568582723243097, 48.182007607634702 ], [ 10.551028115703145, 48.180240263166738 ], [ 10.543921507899004, 48.173057477860375 ], [ 10.619523908987961, 48.157727860975292 ], [ 10.684729247443393, 48.172524479841186 ], [ 10.701161052665851, 48.145005357984608 ], [ 10.68371139593652, 48.126706384284681 ], [ 10.70633111175211, 48.083814320192801 ], [ 10.698470677777619, 48.030802951113579 ], [ 10.65915719061085, 48.015891873651874 ], [ 10.621905928275979, 47.94785232716751 ], [ 10.528557433529699, 47.98394161039387 ], [ 10.4994516307565, 47.93395266861198 ], [ 10.482692653157049, 47.934805168792728 ], [ 10.486261876194099, 47.947923607795573 ], [ 10.395470840828988, 47.898247497106915 ], [ 10.370486252161117, 47.925678905175843 ], [ 10.358817977322193, 47.918887507195329 ], [ 10.382519459110744, 47.892832670240985 ], [ 10.330540299318896, 47.871634293484924 ], [ 10.337749486938126, 47.860680340348473 ], [ 10.259116075062341, 47.860400460483405 ], [ 10.231932980178046, 47.839243398505403 ], [ 10.188019969546325, 47.853057460295794 ], [ 10.19161851999549, 47.839145993681583 ], [ 10.131928341128848, 47.82008750768793 ], [ 10.107154658212089, 47.852895457458409 ], [ 10.091604866838344, 47.845621380044356 ], [ 10.104617332389756, 47.864624204502 ], [ 10.082961688948537, 47.855717779617869 ], [ 10.076755533427827, 47.867809349567146 ], [ 10.105704628359577, 47.879026534503289 ], [ 10.110406260947558, 47.938544130041471 ], [ 10.155710649382778, 47.915650488402612 ], [ 10.19162213633151, 47.939288510872885 ], [ 10.199206442956188, 48.000998948929897 ], [ 10.22905526480193, 48.011375918046127 ], [ 10.233976825414873, 48.04021496785758 ], [ 10.135727943966344, 48.023761600969685 ], [ 10.136457059268357, 48.108459267987953 ], [ 10.192710764081221, 48.123436660994884 ], [ 10.236948769435216, 48.184132578460002 ], [ 10.225909358145827, 48.1918548594941 ], [ 10.253316372576299, 48.198716102602774 ], [ 10.271433493640632, 48.229653845708832 ] ] ] ] } },
{ "type": "Feature", "properties": { "ags": "09779" }, "geometry": { "type": "Polygon", "coordinates": [ [ [ 10.58982086423334, 49.035501780604072 ], [ 10.60562780849722, 49.017524607251033 ], [ 10.642254372512953, 49.016631425790038 ], [ 10.631172666570064, 48.992020626806244 ], [ 10.692186558672107, 48.959893954248706 ], [ 10.700813962369343, 48.939003869240878 ], [ 10.669265079018656, 48.922490630128927 ], [ 10.676080121784345, 48.910184498634408 ], [ 10.722890456011983, 48.900522458238697 ], [ 10.734817464916523, 48.923917768111728 ], [ 10.776347726889252, 48.916114225995017 ], [ 10.770598821376742, 48.926439461101801 ], [ 10.817673347695314, 48.949463562182814 ], [ 10.820684422690119, 48.897954759548128 ], [ 10.861155140391835, 48.895197819110699 ], [ 10.867658175066243, 48.875586302903393 ], [ 10.906098442825185, 48.882557924426195 ], [ 10.931625267579081, 48.862504998600912 ], [ 10.98467299196068, 48.860659057314344 ], [ 10.970352500223102, 48.841528013584522 ], [ 10.998441562115133, 48.843564336458705 ], [ 11.00594142243936, 48.821882997513868 ], [ 10.947425370180117, 48.810791166648023 ], [ 10.986241562629241, 48.790044089132678 ], [ 10.97086020881237, 48.768868085366016 ], [ 10.998434916062495, 48.764539212998805 ], [ 10.984979301662376, 48.690668539397777 ], [ 11.039609702236419, 48.645423839004287 ], [ 11.041061915473252, 48.627107779536139 ], [ 11.003412056484006, 48.60684510907263 ], [ 10.937961387205796, 48.601044118268121 ], [ 10.915242781535861, 48.58408214783644 ], [ 10.887294367715947, 48.599263383185765 ], [ 10.883903051616707, 48.636908416832881 ], [ 10.779367450939334, 48.618930351076159 ], [ 10.776314099326855, 48.644953082902099 ], [ 10.745453686628961, 48.636491799161028 ], [ 10.747269301116205, 48.662745878246284 ], [ 10.731957161583489, 48.647763115382574 ], [ 10.710498370602609, 48.66051960811523 ], [ 10.693109289079819, 48.650191848434552 ], [ 10.662828305765712, 48.657461385914544 ], [ 10.620890852663671, 48.686767854691688 ], [ 10.65141516603556, 48.693115233792085 ], [ 10.63845766902914, 48.707853240978295 ], [ 10.65844270787192, 48.732170133839951 ], [ 10.614097793325092, 48.737988947257335 ], [ 10.610648223967022, 48.757597087263257 ], [ 10.580973085586345, 48.743278868596214 ], [ 10.531483639249837, 48.751685326741409 ], [ 10.479542569502263, 48.694799272109755 ], [ 10.464281234786968, 48.735137083255637 ], [ 10.447883534934498, 48.728044195869586 ], [ 10.416558177783728, 48.747701571594128 ], [ 10.413101313389241, 48.772087982717544 ], [ 10.434265963255761, 48.776230327513943 ], [ 10.421083752769604, 48.799411567475325 ], [ 10.448624089615421, 48.811967780320494 ], [ 10.427415498218449, 48.842988997734231 ], [ 10.454106805806786, 48.860300585451625 ], [ 10.450215786531526, 48.893089459043907 ], [ 10.42132036785509, 48.905762889103038 ], [ 10.457107387644077, 48.920548177702301 ], [ 10.401479996562983, 48.974523169686378 ], [ 10.431022624723678, 48.981039003800369 ], [ 10.424263849062879, 49.004005519346926 ], [ 10.540863666549493, 49.006011414263291 ], [ 10.553300765510613, 49.033139919041254 ], [ 10.58982086423334, 49.035501780604072 ] ] ] } },
{ "type": "Feature", "properties": { "ags": "09780" }, "geometry": { "type": "Polygon", "coordinates": [ [ [ 10.259116075062341, 47.860400460483405 ], [ 10.345522777020891, 47.851919763806713 ], [ 10.361844417001954, 47.811992791605427 ], [ 10.435189025799591, 47.798706063895338 ], [ 10.44453091994667, 47.758449640979023 ], [ 10.469823953610833, 47.740782656169046 ], [ 10.447678025507708, 47.733495304776291 ], [ 10.458618778047251, 47.69162893689623 ], [ 10.497857367763253, 47.686796106851368 ], [ 10.484978420779749, 47.675364620964174 ], [ 10.511613351676154, 47.666405854747474 ], [ 10.50081098148357, 47.636411235194679 ], [ 10.450778358399619, 47.6139715747683 ], [ 10.472639984152181, 47.586950608512716 ], [ 10.429571183110447, 47.577123292260026 ], [ 10.454459535596415, 47.555738342062313 ], [ 10.431323511723978, 47.503677616037407 ], [ 10.46802232781724, 47.476918469210744 ], [ 10.475930145466375, 47.432149508140292 ], [ 10.436173530168737, 47.410982416923822 ], [ 10.436472140232167, 47.380647803080208 ], [ 10.39486183338864, 47.375728680191514 ], [ 10.330030628649867, 47.304712265283946 ], [ 10.232299537704176, 47.270477593987948 ], [ 10.173979530015512, 47.270265005589458 ], [ 10.178726387315288, 47.295726635793777 ], [ 10.215876173639305, 47.310958402925458 ], [ 10.199483048827766, 47.326599003458398 ], [ 10.236196380163616, 47.381860768946623 ], [ 10.181712555916489, 47.392282839227242 ], [ 10.165863958193228, 47.368794742854554 ], [ 10.119265686139535, 47.37570261612359 ], [ 10.099780482137437, 47.354736002378154 ], [ 10.069157668579875, 47.409849736000062 ], [ 10.105422741145791, 47.428740147302001 ], [ 10.09147037428626, 47.459076158310822 ], [ 10.070354466828917, 47.456000412941727 ], [ 10.044684744056251, 47.487611738118609 ], [ 9.995348118622564, 47.486315246408587 ], [ 9.958324294554208, 47.56337373645642 ], [ 10.06155215203354, 47.580282925416846 ], [ 10.089245366755714, 47.673045135400208 ], [ 10.111133755823259, 47.665990433987346 ], [ 10.130059542522243, 47.677271255385911 ], [ 10.119049494517343, 47.759586709822749 ], [ 10.064681025645747, 47.785887718012468 ], [ 10.138022984280839, 47.809637643196261 ], [ 10.131928341128848, 47.82008750768793 ], [ 10.19161851999549, 47.839145993681583 ], [ 10.188019969546325, 47.853057460295794 ], [ 10.231932980178046, 47.839243398505403 ], [ 10.259116075062341, 47.860400460483405 ] ], [ [ 10.287573466569329, 47.776913665139723 ], [ 10.23323451742068, 47.766171722721403 ], [ 10.260647028009783, 47.753734601346842 ], [ 10.266707223834349, 47.723273832944123 ], [ 10.248986141204234, 47.714319786542291 ], [ 10.265577872362844, 47.697336404633901 ], [ 10.319455274301893, 47.695363190340025 ], [ 10.341693621254056, 47.713107333674493 ], [ 10.370405218402237, 47.711817951120224 ], [ 10.356847755429779, 47.731247863567567 ], [ 10.37037347011848, 47.76284732051996 ], [ 10.287573466569329, 47.776913665139723 ] ] ] } },
{ "type": "Feature", "properties": { "ags": "10041" }, "geometry": { "type": "Polygon", "coordinates": [ [ [ 6.945481566400791, 49.376687279388612 ], [ 6.964557551752097, 49.356657108095433 ], [ 7.045102278193704, 49.350109407228423 ], [ 7.066451790536091, 49.328754417869789 ], [ 7.086528387137706, 49.346754673371429 ], [ 7.114241075218537, 49.336273140542922 ], [ 7.117021511406065, 49.309522263089335 ], [ 7.062106244749302, 49.267242761366838 ], [ 7.086368611862325, 49.245497969977848 ], [ 7.108247760106346, 49.256289482576832 ], [ 7.130581891421524, 49.244402811268039 ], [ 7.137248388346421, 49.213672497574784 ], [ 7.106202579184392, 49.185444738231439 ], [ 7.129298938506584, 49.172617167861738 ], [ 7.082524369260661, 49.152760602689547 ], [ 7.090127911603552, 49.130921647047643 ], [ 7.057195982783502, 49.111931573410949 ], [ 7.035012738232778, 49.19141608840355 ], [ 6.95960375457963, 49.203090163608039 ], [ 6.938108243685519, 49.22243399814959 ], [ 6.89334543194889, 49.209146749495858 ], [ 6.858873331410672, 49.222757446741269 ], [ 6.837990973936284, 49.213494758876536 ], [ 6.861767510938312, 49.178839320782608 ], [ 6.834056611613273, 49.151080444270661 ], [ 6.782724080445059, 49.168158870470677 ], [ 6.738600536348624, 49.163675130224021 ], [ 6.71120835624826, 49.188341835873302 ], [ 6.735719374030323, 49.226527696942213 ], [ 6.776529339054401, 49.225530058665541 ], [ 6.838749185702301, 49.256479131634897 ], [ 6.825113172277605, 49.27466775543872 ], [ 6.85567238409249, 49.272106267816838 ], [ 6.882912179201412, 49.316540856971919 ], [ 6.863057646622318, 49.34681841490243 ], [ 6.945481566400791, 49.376687279388612 ] ] ] } },
{ "type": "Feature", "properties": { "ags": "10042" }, "geometry": { "type": "Polygon", "coordinates": [ [ [ 6.892562813297749, 49.607918668023814 ], [ 6.905507482630383, 49.590623260418575 ], [ 6.956657473454922, 49.597750518250315 ], [ 6.955454727629348, 49.511835378787886 ], [ 6.918135735568756, 49.507736181011133 ], [ 6.874977962592076, 49.47971806580027 ], [ 6.807120814996821, 49.471075908228869 ], [ 6.786095988892673, 49.436716042087525 ], [ 6.795270239285726, 49.411581856730272 ], [ 6.700687303703366, 49.372372636459978 ], [ 6.642609761658508, 49.411355518536148 ], [ 6.583265638714233, 49.40010002955907 ], [ 6.464606732632583, 49.46636978471706 ], [ 6.367083526110314, 49.469512048260405 ], [ 6.356994235463179, 49.53129416370156 ], [ 6.380052620435792, 49.551104770194655 ], [ 6.517436954295928, 49.527547010631523 ], [ 6.5639630862887, 49.540557588010813 ], [ 6.604679365298883, 49.5172591790109 ], [ 6.652469592145171, 49.551157820934307 ], [ 6.690446748079092, 49.535203901538594 ], [ 6.801663093047662, 49.588074301059308 ], [ 6.835420961222288, 49.582931923198295 ], [ 6.857887589982829, 49.605632731304112 ], [ 6.892562813297749, 49.607918668023814 ] ] ] } },
{ "type": "Feature", "properties": { "ags": "10043" }, "geometry": { "type": "Polygon", "coordinates": [ [ [ 6.931980289151366, 49.428956819813912 ], [ 7.047461552621415, 49.426548525090887 ], [ 7.060345316701311, 49.409201785343257 ], [ 7.120504649618712, 49.429754096281236 ], [ 7.162806663923567, 49.419065532392516 ], [ 7.208115643020363, 49.441271831467965 ], [ 7.272788929365927, 49.42421313902156 ], [ 7.292158343811413, 49.406805052069224 ], [ 7.2198490852987, 49.366902922517895 ], [ 7.237377835399564, 49.334591833591894 ], [ 7.266678372230285, 49.323219650616728 ], [ 7.182892187106599, 49.287300581586749 ], [ 7.187410184978874, 49.305523078339711 ], [ 7.161821334615623, 49.296182689119441 ], [ 7.117021511406065, 49.309522263089335 ], [ 7.114241075218537, 49.336273140542922 ], [ 7.086528387137706, 49.346754673371429 ], [ 7.066451790536091, 49.328754417869789 ], [ 7.045102278193704, 49.350109407228423 ], [ 7.013917958898447, 49.349777509479907 ], [ 7.022392824492138, 49.358757241733947 ], [ 6.964557551752097, 49.356657108095433 ], [ 6.916859188881037, 49.414012598598113 ], [ 6.931980289151366, 49.428956819813912 ] ] ] } },
{ "type": "Feature", "properties": { "ags": "10044" }, "geometry": { "type": "Polygon", "coordinates": [ [ [ 6.910799595480915, 49.480746877183421 ], [ 6.925062367812333, 49.468752974988789 ], [ 6.968819406120255, 49.486307233745052 ], [ 6.986374727892582, 49.448233156600374 ], [ 6.989319319773781, 49.436756377946303 ], [ 6.931980289151366, 49.428956819813912 ], [ 6.916859188881037, 49.414012598598113 ], [ 6.944277864860176, 49.377668352163703 ], [ 6.863057646622318, 49.34681841490243 ], [ 6.88044794090263, 49.300969610980225 ], [ 6.85567238409249, 49.272106267816838 ], [ 6.819780244670645, 49.269710659190828 ], [ 6.838749185702301, 49.256479131634897 ], [ 6.776529339054401, 49.225530058665541 ], [ 6.695824978694173, 49.215274310527086 ], [ 6.689998942474531, 49.249555500637854 ], [ 6.661415408115039, 49.258075180474542 ], [ 6.670166015058546, 49.28025366447654 ], [ 6.615105683875632, 49.301349493298908 ], [ 6.565663991902231, 49.347651702290335 ], [ 6.60215886775012, 49.367108762312014 ], [ 6.538675783138187, 49.412204605005996 ], [ 6.571469320635271, 49.418057262594353 ], [ 6.599880502812621, 49.397048015733716 ], [ 6.642609761658508, 49.411355518536148 ], [ 6.700687303703366, 49.372372636459978 ], [ 6.795270239285726, 49.411581856730272 ], [ 6.786095988892673, 49.436716042087525 ], [ 6.807120814996821, 49.471075908228869 ], [ 6.874977962592076, 49.47971806580027 ], [ 6.910181842582256, 49.501703659741651 ], [ 6.926301524767037, 49.489585045696124 ], [ 6.910799595480915, 49.480746877183421 ] ] ] } },
{ "type": "Feature", "properties": { "ags": "10045" }, "geometry": { "type": "Polygon", "coordinates": [ [ [ 7.297219220725915, 49.404581005460095 ], [ 7.289341251839404, 49.388814348609344 ], [ 7.355817014402018, 49.379770144748228 ], [ 7.366870347679701, 49.363187450285608 ], [ 7.402075305281932, 49.367718653369828 ], [ 7.385427185003392, 49.294123964513069 ], [ 7.334463166518478, 49.278284890873309 ], [ 7.324554152233644, 49.248141683212509 ], [ 7.306515068887679, 49.256140380984036 ], [ 7.289132351733424, 49.237821135122644 ], [ 7.29575677615616, 49.205346788008164 ], [ 7.368755429967073, 49.161457879671907 ], [ 7.362726494783482, 49.143148340944194 ], [ 7.321358333993004, 49.141387792209223 ], [ 7.293176905120322, 49.114907328373327 ], [ 7.245054159957051, 49.130110742445716 ], [ 7.198041276770575, 49.115166639709138 ], [ 7.185470340293403, 49.131235990437666 ], [ 7.156716979513539, 49.121018713564474 ], [ 7.10297723171116, 49.140026193325127 ], [ 7.100970231735832, 49.158173865498611 ], [ 7.129298938506584, 49.172617167861738 ], [ 7.106202579184392, 49.185444738231439 ], [ 7.137248388346421, 49.213672497574784 ], [ 7.130581891421524, 49.244402811268039 ], [ 7.108247760106346, 49.256289482576832 ], [ 7.086368611862325, 49.245497969977848 ], [ 7.062578385728021, 49.271417531467037 ], [ 7.117021511406065, 49.309522263089335 ], [ 7.161821334615623, 49.296182689119441 ], [ 7.187410184978874, 49.305523078339711 ], [ 7.182892187106599, 49.287300581586749 ], [ 7.247562366060849, 49.307298140770619 ], [ 7.266678372230285, 49.323219650616728 ], [ 7.237377835399564, 49.334591833591894 ], [ 7.221017440124182, 49.369377186840069 ], [ 7.255231899365556, 49.39743603264067 ], [ 7.297219220725915, 49.404581005460095 ] ] ] } },
{ "type": "Feature", "properties": { "ags": "10046" }, "geometry": { "type": "Polygon", "coordinates": [ [ [ 7.027980123925945, 49.63943828609623 ], [ 7.087674798636182, 49.599583829757016 ], [ 7.173713124285774, 49.599068170830002 ], [ 7.213352544904002, 49.565845812926078 ], [ 7.26870401224759, 49.584083423673739 ], [ 7.276111492837145, 49.537423429100755 ], [ 7.309871873966949, 49.523220518033476 ], [ 7.285688643568949, 49.51690660630257 ], [ 7.278135696923925, 49.484274794571711 ], [ 7.30482573921774, 49.472445941706397 ], [ 7.246437659220179, 49.445518382280447 ], [ 7.252589155523686, 49.431465378008028 ], [ 7.208115643020363, 49.441271831467965 ], [ 7.162806663923567, 49.419065532392516 ], [ 7.120504649618712, 49.429754096281236 ], [ 7.060345316701311, 49.409201785343257 ], [ 7.047461552621415, 49.426548525090887 ], [ 6.989319319773781, 49.436756377946303 ], [ 6.968819406120255, 49.486307233745052 ], [ 6.925062367812333, 49.468752974988789 ], [ 6.91245326528367, 49.478720373440694 ], [ 6.926301524767037, 49.489585045696124 ], [ 6.910181842582256, 49.501703659741651 ], [ 6.955454727629348, 49.511835378787886 ], [ 6.963020677719588, 49.559356649999543 ], [ 6.956657473454922, 49.597750518250315 ], [ 6.905507482630383, 49.590623260418575 ], [ 6.891445251731706, 49.616286616627889 ], [ 6.929578000960655, 49.612435207691554 ], [ 6.945159740494295, 49.635866475704063 ], [ 6.951395187326005, 49.625119007747621 ], [ 6.991534823413536, 49.635467873664638 ], [ 6.985963675671213, 49.620731332823418 ], [ 7.027980123925945, 49.63943828609623 ] ] ] } },
{ "type": "Feature", "properties": { "ags": "11000" }, "geometry": { "type": "Polygon", "coordinates": [ [ [ 13.475512550320856, 52.668781865335966 ], [ 13.52310012324312, 52.645430195204611 ], [ 13.496752285028141, 52.605093538610724 ], [ 13.508153615927631, 52.592183256762162 ], [ 13.581539701998482, 52.570881942461483 ], [ 13.585387118717534, 52.548471642957843 ], [ 13.635358748727185, 52.541628793788036 ], [ 13.62590681460363, 52.530146375106597 ], [ 13.656895567547565, 52.529869512224458 ], [ 13.611517293501951, 52.470627334299564 ], [ 13.648215010480376, 52.478781960347504 ], [ 13.759028644673423, 52.442579365710323 ], [ 13.73795859573206, 52.434137759084827 ], [ 13.734537747197393, 52.40197606983601 ], [ 13.687561773389939, 52.385823517385923 ], [ 13.699997283674207, 52.37512134109766 ], [ 13.648400720673108, 52.33824183603334 ], [ 13.643364633327888, 52.37739092613517 ], [ 13.606959087998137, 52.374981433214742 ], [ 13.592762116600426, 52.394169687380774 ], [ 13.535663613609096, 52.389010455615249 ], [ 13.538379367184657, 52.400679065131392 ], [ 13.479884997649537, 52.395996633733773 ], [ 13.462321603307338, 52.420624436493647 ], [ 13.418772685471895, 52.409917406858519 ], [ 13.420984876557265, 52.376247142411202 ], [ 13.388520781447216, 52.377968466140892 ], [ 13.343248652577513, 52.411619938860333 ], [ 13.311926097098775, 52.39918547219672 ], [ 13.296130131147878, 52.416451285396761 ], [ 13.249844004304103, 52.40496478935664 ], [ 13.245797291801699, 52.420801146281434 ], [ 13.130989523167292, 52.387224852367339 ], [ 13.136390485391187, 52.398181285050747 ], [ 13.08833321828503, 52.419611435377576 ], [ 13.123176543030759, 52.439364546686143 ], [ 13.117798300646914, 52.478967936631683 ], [ 13.166457605649072, 52.510124289662713 ], [ 13.117392920649674, 52.516995325799812 ], [ 13.152953085828722, 52.572781425876435 ], [ 13.128987290579348, 52.587442103035585 ], [ 13.16426315792309, 52.598900329601129 ], [ 13.21733644121065, 52.587455592474512 ], [ 13.201606489881883, 52.606381328415075 ], [ 13.220683272298793, 52.628178720477884 ], [ 13.264274727267662, 52.626927969926811 ], [ 13.282884652257311, 52.660784667557301 ], [ 13.310033892498629, 52.65737600772173 ], [ 13.302422603515137, 52.627560601127918 ], [ 13.357296056756548, 52.623174673017914 ], [ 13.396712093831692, 52.648301396287984 ], [ 13.432682991402608, 52.637507619692187 ], [ 13.475512550320856, 52.668781865335966 ] ] ] } },
{ "type": "Feature", "properties": { "ags": "12051" }, "geometry": { "type": "MultiPolygon", "coordinates": [ [ [ [ 12.702939511638471, 52.508434182325978 ], [ 12.650503344297999, 52.482823531618955 ], [ 12.579335961529583, 52.474569164906036 ], [ 12.573581762290258, 52.44557323757352 ], [ 12.622316569392986, 52.458897727593985 ], [ 12.705432676085119, 52.444888201521785 ], [ 12.671048187288473, 52.438464719131836 ], [ 12.687299007675263, 52.418407941316183 ], [ 12.655657787285213, 52.391331309747521 ], [ 12.611731575436478, 52.392912091141582 ], [ 12.593635182612452, 52.347892580074969 ], [ 12.536270349127289, 52.353530833430824 ], [ 12.505250530981098, 52.322464806465469 ], [ 12.419125611161606, 52.311511918772077 ], [ 12.389121226014362, 52.434365845691445 ], [ 12.365653093523347, 52.428183056706239 ], [ 12.361180087629013, 52.442771871777957 ], [ 12.427043836278315, 52.458890426886192 ], [ 12.430493395204989, 52.415806378767932 ], [ 12.444997136419296, 52.453473802866384 ], [ 12.467665411825386, 52.449911588962692 ], [ 12.512655666197663, 52.475373713669626 ], [ 12.517541545038013, 52.452963019191955 ], [ 12.560481531795553, 52.447369352892373 ], [ 12.56769617408999, 52.477247823020313 ], [ 12.605728924024667, 52.493117137499148 ], [ 12.650480201328731, 52.483570671562731 ], [ 12.702939511638471, 52.508434182325978 ] ] ], [ [ [ 12.72172755423048, 52.540956264993255 ], [ 12.722721835917412, 52.531534407590357 ], [ 12.711620822098675, 52.516528978288207 ], [ 12.707204763135108, 52.527488305324567 ], [ 12.72172755423048, 52.540956264993255 ] ] ] ] } },
{ "type": "Feature", "properties": { "ags": "12052" }, "geometry": { "type": "Polygon", "coordinates": [ [ [ 14.311578344836676, 51.863928280676262 ], [ 14.334618205275579, 51.850223773531702 ], [ 14.393059843383867, 51.85276110328175 ], [ 14.37133149229339, 51.83092505975614 ], [ 14.406052925274764, 51.800617200620252 ], [ 14.446039097454264, 51.815201484112144 ], [ 14.455769706947285, 51.801895566821088 ], [ 14.493443034850829, 51.806307438779577 ], [ 14.50129550744224, 51.778411748793488 ], [ 14.466712165232902, 51.770311335225315 ], [ 14.45957177436704, 51.748399470542658 ], [ 14.39183165020876, 51.753385755219995 ], [ 14.45063270182253, 51.72140197819072 ], [ 14.443264790204172, 51.703116497493433 ], [ 14.383671897384106, 51.713070522628492 ], [ 14.375579341441115, 51.696742436162765 ], [ 14.302425826970001, 51.702063637374991 ], [ 14.310194024364769, 51.723291927885214 ], [ 14.275716100572444, 51.737924005639968 ], [ 14.273306526282834, 51.795082435589222 ], [ 14.311997290595817, 51.8213626241238 ], [ 14.296886038997004, 51.845654657862447 ], [ 14.311578344836676, 51.863928280676262 ] ] ] } },
{ "type": "Feature", "properties": { "ags": "12053" }, "geometry": { "type": "Polygon", "coordinates": [ [ [ 14.430595216472939, 52.393864848780275 ], [ 14.534357223449717, 52.395007782868184 ], [ 14.54684154342632, 52.381590622396786 ], [ 14.598000442347001, 52.267547938686818 ], [ 14.575823419019025, 52.286464453626365 ], [ 14.534967781163347, 52.255871319468255 ], [ 14.508510421819906, 52.263371623333455 ], [ 14.492010950995052, 52.252772009064103 ], [ 14.467028762416934, 52.276084112915278 ], [ 14.396809712693527, 52.26653700957624 ], [ 14.397934516649672, 52.307884991003078 ], [ 14.436640399524068, 52.342880127867744 ], [ 14.407711187612339, 52.353832064044866 ], [ 14.430595216472939, 52.393864848780275 ] ] ] } },
{ "type": "Feature", "properties": { "ags": "12054" }, "geometry": { "type": "Polygon", "coordinates": [ [ [ 13.011063042589607, 52.507300020938111 ], [ 13.060405158781048, 52.461062810151745 ], [ 13.09582090741633, 52.470247395533697 ], [ 13.098047123075334, 52.494198295665718 ], [ 13.153695595425205, 52.501821447111062 ], [ 13.110798676906715, 52.466063011773052 ], [ 13.122741166048622, 52.438717129721596 ], [ 13.08833321828503, 52.419611435377576 ], [ 13.136390485391187, 52.398181285050747 ], [ 13.130989523167292, 52.387224852367339 ], [ 13.165897843834342, 52.3942755249358 ], [ 13.136555201571387, 52.350953013516516 ], [ 13.102303376333515, 52.364324059557411 ], [ 13.052248315420405, 52.357742698322134 ], [ 13.041946982995471, 52.342942127599805 ], [ 12.982169808166534, 52.365187173567165 ], [ 12.979925919852606, 52.389817434987506 ], [ 12.935301989537649, 52.39115320399074 ], [ 12.946105990725668, 52.452727600624321 ], [ 12.888410253291646, 52.463695940640022 ], [ 12.945345524236993, 52.504441082715502 ], [ 13.011063042589607, 52.507300020938111 ] ] ] } },
{ "type": "Feature", "properties": { "ags": "12060" }, "geometry": { "type": "Polygon", "coordinates": [ [ [ 13.71136055733189, 53.03494239058162 ], [ 13.884291493292771, 53.04900972435572 ], [ 13.854512545224997, 53.017703320263422 ], [ 13.830946589640964, 53.020352618192561 ], [ 13.823976109097897, 52.98811055722237 ], [ 13.861815604327756, 52.973626646320596 ], [ 13.926687533556949, 52.982374329214309 ], [ 13.944364648312913, 52.95481274309973 ], [ 13.983632644922636, 52.966936037988887 ], [ 13.992010573319092, 52.931690399841145 ], [ 14.014111600027967, 52.931864984179363 ], [ 14.02740247925829, 52.95628568039065 ], [ 14.072119139253266, 52.949301483119491 ], [ 14.088224828811908, 52.962895767327431 ], [ 14.13904258651386, 52.962709708206368 ], [ 14.156634942137877, 52.89563372741172 ], [ 14.129958613145929, 52.889404590151564 ], [ 14.124811207937514, 52.903294495793531 ], [ 14.095486685068023, 52.902713856217424 ], [ 14.081222743885116, 52.890917660418914 ], [ 14.075059509870279, 52.900428630980102 ], [ 14.061195438566292, 52.869072056941206 ], [ 14.106685673249869, 52.869457544753899 ], [ 14.095292731756228, 52.856419259258772 ], [ 14.021469473648729, 52.84716099940232 ], [ 14.004910628689819, 52.859656682370186 ], [ 13.975125183931116, 52.825272635919205 ], [ 13.940859443348742, 52.824658224339338 ], [ 13.923193424717917, 52.79453738783986 ], [ 13.863525027982114, 52.787567191325799 ], [ 13.861459245772076, 52.75881340078142 ], [ 13.731492929425615, 52.733784172357545 ], [ 13.780334834653207, 52.666864832776149 ], [ 13.849701410320378, 52.693558839993031 ], [ 13.833518117132634, 52.62939577764579 ], [ 13.728512288533329, 52.612311976972201 ], [ 13.714677298296049, 52.587271714891386 ], [ 13.671408028660899, 52.582071356795112 ], [ 13.685284376466106, 52.570463745501257 ], [ 13.615690912837502, 52.561310051172384 ], [ 13.610827433900933, 52.544235577499926 ], [ 13.585387118717534, 52.548471642957843 ], [ 13.581539701998482, 52.570881942461483 ], [ 13.496752285028141, 52.605093538610724 ], [ 13.52310012324312, 52.645430195204611 ], [ 13.490831409844134, 52.654728733987952 ], [ 13.488219323041402, 52.670551165713938 ], [ 13.459511427017528, 52.668935588230852 ], [ 13.473545185197295, 52.654039401730081 ], [ 13.432682991402608, 52.637507619692187 ], [ 13.398539842844515, 52.648194572594903 ], [ 13.422826510190998, 52.669792120786461 ], [ 13.39654912256753, 52.672728277064742 ], [ 13.40444127857182, 52.709640783091906 ], [ 13.422049288011772, 52.709963744072851 ], [ 13.405768887795015, 52.72578400375798 ], [ 13.424284896594724, 52.734491373446836 ], [ 13.396709923985028, 52.744641626149971 ], [ 13.414681314591096, 52.751192931225738 ], [ 13.406507671574554, 52.780507932886145 ], [ 13.430662940030519, 52.789473479854124 ], [ 13.421964141416371, 52.804170592438552 ], [ 13.491355808507357, 52.810512119634801 ], [ 13.494132026217519, 52.839825585013386 ], [ 13.520947633108833, 52.848474412484116 ], [ 13.47681289386713, 52.858823840411155 ], [ 13.474706158684578, 52.878005302758936 ], [ 13.507775142712452, 52.873483717609552 ], [ 13.461448602444328, 52.885284611601854 ], [ 13.490662515577323, 52.901188221749848 ], [ 13.472808478311029, 52.918578042526697 ], [ 13.433303508706988, 52.916820268786843 ], [ 13.428834505355468, 52.903674613960121 ], [ 13.410541820215659, 52.92330064376582 ], [ 13.429044324262566, 52.926046397093195 ], [ 13.436565361130425, 52.934187666890203 ], [ 13.397830924888089, 52.933920024965644 ], [ 13.452836516956193, 52.964564914469371 ], [ 13.513429809366718, 52.974911627030899 ], [ 13.51789818835565, 52.988666139560493 ], [ 13.675807005172302, 53.001189094437734 ], [ 13.682090062256973, 53.042491787661568 ], [ 13.71136055733189, 53.03494239058162 ] ], [ [ 13.404999686531864, 52.937194336236864 ], [ 13.409399743768024, 52.938173719520996 ], [ 13.407784549258368, 52.938813010450751 ], [ 13.404999686531864, 52.937194336236864 ] ] ] } },
{ "type": "Feature", "properties": { "ags": "12061" }, "geometry": { "type": "Polygon", "coordinates": [ [ [ 13.479195588946263, 52.398470916142337 ], [ 13.592762116600426, 52.394169687380774 ], [ 13.606959087998137, 52.374981433214742 ], [ 13.643364633327888, 52.37739092613517 ], [ 13.648400720673108, 52.33824183603334 ], [ 13.717427102625475, 52.389099547390735 ], [ 13.756250609662679, 52.352587922709191 ], [ 13.734094323456615, 52.322996319982906 ], [ 13.839788036805215, 52.314055975036702 ], [ 13.821699404566157, 52.288089895593167 ], [ 13.854036866787176, 52.289989047150804 ], [ 13.862351142211123, 52.275485904455259 ], [ 13.81957934178916, 52.244564778615143 ], [ 13.856026904566541, 52.224848367043847 ], [ 13.835032394101306, 52.185370137982552 ], [ 13.894290801090362, 52.184287454924807 ], [ 13.889468916633476, 52.169612934336861 ], [ 13.850124553163051, 52.164698946648208 ], [ 13.875621115672025, 52.147333204429806 ], [ 13.845287857416888, 52.121715501799905 ], [ 13.968130417832935, 52.136173506114503 ], [ 14.009626671885144, 52.109540516346698 ], [ 14.044119372095375, 52.114851576807503 ], [ 14.111953502283844, 52.087211352359432 ], [ 14.13938061376526, 52.048944412440058 ], [ 14.194186885689675, 52.05773204456996 ], [ 14.205167177534712, 52.086760256419318 ], [ 14.247548137255066, 52.086869789302668 ], [ 14.214001890352494, 52.052844128075343 ], [ 14.260035965483638, 52.032070624238358 ], [ 14.299922722112763, 52.036474870809606 ], [ 14.30496529852738, 52.05617407514157 ], [ 14.347535817691, 52.07210082311898 ], [ 14.400925540917827, 52.053276100999717 ], [ 14.405474602497478, 52.028034515268921 ], [ 14.445997521337844, 52.0263563683312 ], [ 14.453413700888563, 52.014282962456804 ], [ 14.368873625351412, 52.000144426305432 ], [ 14.393165201789376, 51.935327224754069 ], [ 14.319613425804894, 51.935351717108233 ], [ 14.223332204827626, 51.904162919627758 ], [ 14.214897484255273, 51.86938118057904 ], [ 14.173506020150862, 51.857159490935189 ], [ 13.980782632402731, 51.900018032564603 ], [ 13.863734182104981, 51.892188465424184 ], [ 13.8272534606999, 51.857458609058206 ], [ 13.854202590467331, 51.838942235054517 ], [ 13.83317351799796, 51.828891301399366 ], [ 13.838075293278997, 51.789500856493703 ], [ 13.806054857771928, 51.785463965776515 ], [ 13.853741649041229, 51.756135614757262 ], [ 13.843847877740982, 51.735190241854163 ], [ 13.782467606019326, 51.734954551982078 ], [ 13.77541617425047, 51.759760036820296 ], [ 13.729203118279729, 51.759597595503273 ], [ 13.694860496555471, 51.727038751474495 ], [ 13.661231401081629, 51.74735816016107 ], [ 13.60920357301187, 51.741028652704053 ], [ 13.578883549352948, 51.756164153899249 ], [ 13.549237678565685, 51.745968659613183 ], [ 13.507085590563388, 51.792032701647145 ], [ 13.568933211370405, 51.810308972785393 ], [ 13.536300190242239, 51.825194394744308 ], [ 13.539109750070162, 51.8662438705814 ], [ 13.58065191010305, 51.89272252475498 ], [ 13.519258054641325, 51.930172657086949 ], [ 13.412099972543746, 51.930064202537459 ], [ 13.414838440008676, 51.97615161107661 ], [ 13.493984748144292, 51.965868212072905 ], [ 13.556465108193724, 51.99815501948369 ], [ 13.645633429144796, 52.010842770773579 ], [ 13.652954412520184, 52.048147341015401 ], [ 13.628797128558656, 52.071534335574988 ], [ 13.540822758845897, 52.097216209299489 ], [ 13.545965898304299, 52.193182944394501 ], [ 13.581984214021508, 52.197265852897317 ], [ 13.545728419836491, 52.242005952340136 ], [ 13.472923505456958, 52.232213659113619 ], [ 13.451258037505767, 52.255992704536297 ], [ 13.511562249528541, 52.267048358742244 ], [ 13.483190682752555, 52.286165891917307 ], [ 13.499100450439512, 52.336661435851681 ], [ 13.418808492115636, 52.365806773968067 ], [ 13.418772685471895, 52.409917406858519 ], [ 13.462321603307338, 52.420624436493647 ], [ 13.479195588946263, 52.398470916142337 ] ] ] } },
{ "type": "Feature", "properties": { "ags": "12062" }, "geometry": { "type": "Polygon", "coordinates": [ [ [ 13.162420353646338, 51.883845527419858 ], [ 13.230386623667041, 51.878179654763123 ], [ 13.222027216489179, 51.849557267989127 ], [ 13.24801068297945, 51.822267880619663 ], [ 13.354467863944354, 51.832545713126834 ], [ 13.420403250074205, 51.8201315242544 ], [ 13.463615728745195, 51.793352809928429 ], [ 13.507085590563388, 51.792032701647145 ], [ 13.549237678565685, 51.745968659613183 ], [ 13.578883549352948, 51.756164153899249 ], [ 13.60920357301187, 51.741028652704053 ], [ 13.661231401081629, 51.74735816016107 ], [ 13.694860496555471, 51.727038751474495 ], [ 13.729203118279729, 51.759597595503273 ], [ 13.77541617425047, 51.759760036820296 ], [ 13.809113234068805, 51.695211475541335 ], [ 13.886301784505774, 51.6472772785337 ], [ 13.875475491009535, 51.56633723687564 ], [ 13.777936133177887, 51.533401078263026 ], [ 13.745831102749406, 51.545893917059395 ], [ 13.708411098952405, 51.518934648238016 ], [ 13.653970697144663, 51.528902934922364 ], [ 13.658347681095817, 51.50605108573815 ], [ 13.634136634116567, 51.504383767075112 ], [ 13.693845580718618, 51.483067242025363 ], [ 13.719882620688258, 51.444283528131692 ], [ 13.71525482024494, 51.416967762431042 ], [ 13.698909002536093, 51.425575802213878 ], [ 13.680198103513348, 51.412890986134911 ], [ 13.701818869492627, 51.384036200744212 ], [ 13.682764784476216, 51.367615274387767 ], [ 13.594063134427662, 51.369356210732697 ], [ 13.569961776977221, 51.385666025784836 ], [ 13.542628170177945, 51.36931550655985 ], [ 13.521217776912838, 51.40205738993869 ], [ 13.463281914877863, 51.411753589394351 ], [ 13.445913131232549, 51.431449713286504 ], [ 13.421424947415378, 51.42150500604901 ], [ 13.402110953431041, 51.454063474422838 ], [ 13.376647808702346, 51.424611425139673 ], [ 13.320322813435718, 51.437500475335746 ], [ 13.328343606593286, 51.426642050277685 ], [ 13.286354588730116, 51.399288186254964 ], [ 13.259983529373942, 51.400399040401588 ], [ 13.268543250398757, 51.384793244300347 ], [ 13.215034692861767, 51.395977722473837 ], [ 13.198535102691418, 51.433944624626058 ], [ 13.175195287136853, 51.427117469380278 ], [ 13.203121685984055, 51.451013382376594 ], [ 13.182296591459652, 51.491959293636583 ], [ 13.201294464196783, 51.49171747883706 ], [ 13.207957036754388, 51.524352847024659 ], [ 13.185571758987424, 51.558075236286122 ], [ 13.143169244421641, 51.56746112863901 ], [ 13.154954858361574, 51.600196783979172 ], [ 13.121025347626629, 51.618887548870028 ], [ 13.086304094921102, 51.608135138520069 ], [ 13.051025246825633, 51.647677154471062 ], [ 13.154528682686193, 51.686705916528538 ], [ 13.155100574514464, 51.710786881430941 ], [ 13.187071619510187, 51.715624513885281 ], [ 13.154010380072826, 51.744247946570276 ], [ 13.14748182855582, 51.766638531693204 ], [ 13.170103760561867, 51.787023735755149 ], [ 13.123477553215112, 51.857820618156687 ], [ 13.162958241204819, 51.860735970593481 ], [ 13.162420353646338, 51.883845527419858 ] ] ] } },
{ "type": "Feature", "properties": { "ags": "12063" }, "geometry": { "type": "Polygon", "coordinates": [ [ [ 12.54825216947374, 52.810528464925376 ], [ 12.610636600385371, 52.789734696000075 ], [ 12.650349368493304, 52.800658426098131 ], [ 12.672580710777851, 52.769597900243312 ], [ 12.717992596361782, 52.758547555552404 ], [ 12.707771933008177, 52.728806252854888 ], [ 12.766015123849177, 52.694581894125548 ], [ 12.833123962392673, 52.681312774399636 ], [ 12.828762263385814, 52.694756281696556 ], [ 12.92898059037069, 52.724995604675769 ], [ 13.021868060608712, 52.68974223912862 ], [ 13.013558664106094, 52.671012393648148 ], [ 13.095898745139039, 52.677442238769345 ], [ 13.111530436931098, 52.634385034227378 ], [ 13.156444225231294, 52.628393879042029 ], [ 13.164576255501458, 52.601571489722623 ], [ 13.128987290579348, 52.587442103035585 ], [ 13.152953085828722, 52.572781425876435 ], [ 13.117392920649674, 52.516995325799812 ], [ 13.166457605649072, 52.510124289662713 ], [ 13.098047123075334, 52.494198295665718 ], [ 13.09582090741633, 52.470247395533697 ], [ 13.069108855445471, 52.461273224923573 ], [ 13.003531333215481, 52.514763107784248 ], [ 12.937250570861924, 52.501186024601957 ], [ 12.891542491128199, 52.450257813879389 ], [ 12.818116482550904, 52.473427437349251 ], [ 12.75263433193831, 52.458022268172009 ], [ 12.742529024371638, 52.477455851191493 ], [ 12.759644474965382, 52.481130528718779 ], [ 12.734559611466313, 52.49821613398197 ], [ 12.749738751600802, 52.509584621241565 ], [ 12.716068702904604, 52.525207106445471 ], [ 12.717175051907319, 52.546190248827635 ], [ 12.57551895579441, 52.526934952096802 ], [ 12.505723905936573, 52.535547272697784 ], [ 12.487961058630477, 52.556486892165381 ], [ 12.428371962281874, 52.553946057740511 ], [ 12.429298512321559, 52.539475276432391 ], [ 12.406680018816772, 52.538746629761285 ], [ 12.429428626405919, 52.514393111976766 ], [ 12.411916422126371, 52.478194168533228 ], [ 12.448231742069463, 52.47273717933048 ], [ 12.425537050878802, 52.454317551762117 ], [ 12.334120996927687, 52.438951184445088 ], [ 12.314909084548994, 52.459482272882148 ], [ 12.330781528408096, 52.478555663476989 ], [ 12.308295310135701, 52.480289799379698 ], [ 12.329889288588703, 52.496860369672028 ], [ 12.271445311147293, 52.487480836663991 ], [ 12.235559416387606, 52.523781831046229 ], [ 12.2216794697953, 52.5006654168929 ], [ 12.184730556145487, 52.496042603015177 ], [ 12.167294830088705, 52.514985406821999 ], [ 12.188689499784365, 52.532422778295988 ], [ 12.141811423313861, 52.528394238163813 ], [ 12.18107809076853, 52.57517708360362 ], [ 12.171970157780496, 52.625946602678887 ], [ 12.23687255723914, 52.62887701826704 ], [ 12.232876671125396, 52.68904403650518 ], [ 12.19754853792381, 52.718375032073169 ], [ 12.223168685382056, 52.739747334828927 ], [ 12.205958399288242, 52.760910543958786 ], [ 12.220176401473797, 52.790127957334782 ], [ 12.377350395639185, 52.805361869067163 ], [ 12.407131716186559, 52.789292485089625 ], [ 12.378728946172092, 52.770128615900383 ], [ 12.403323942399052, 52.753977825846434 ], [ 12.538338220521144, 52.752168356863983 ], [ 12.54825216947374, 52.810528464925376 ] ] ] } },
{ "type": "Feature", "properties": { "ags": "12064" }, "geometry": { "type": "Polygon", "coordinates": [ [ [ 14.125428205819007, 52.902645991016676 ], [ 14.129958613145929, 52.889404590151564 ], [ 14.161595566308646, 52.888094961612751 ], [ 14.122984979832214, 52.844028629944482 ], [ 14.131613611355565, 52.827342307749937 ], [ 14.217490124271436, 52.816872463518969 ], [ 14.278810273811919, 52.774454459714931 ], [ 14.35104239206755, 52.751507207349469 ], [ 14.465104603528843, 52.661325566027536 ], [ 14.596155326011786, 52.610662071616957 ], [ 14.638046467553854, 52.574440434656466 ], [ 14.603921497121171, 52.531339836961848 ], [ 14.634541165905567, 52.492337356511413 ], [ 14.549527447896375, 52.433622911848261 ], [ 14.529404768993121, 52.392333473758931 ], [ 14.454446209628138, 52.398233351087633 ], [ 14.423764341367125, 52.373968471867073 ], [ 14.375376222482593, 52.38733506806534 ], [ 14.328854525935222, 52.377762958158968 ], [ 14.32743995768155, 52.40314958817924 ], [ 14.278801592883573, 52.412695165730909 ], [ 14.275485122245909, 52.462596822697805 ], [ 14.188500004224727, 52.498746277754066 ], [ 14.177072324464568, 52.469139220090597 ], [ 14.09746033273173, 52.46325503712 ], [ 14.089011786034412, 52.450762447650987 ], [ 14.073413555220331, 52.480627093243683 ], [ 14.02798925149501, 52.47080334266424 ], [ 14.007092841946688, 52.446772479640536 ], [ 13.996657569692626, 52.464704588731877 ], [ 13.943127175129497, 52.478618420770829 ], [ 13.852233210382476, 52.45794977415003 ], [ 13.824819204928906, 52.437609405303895 ], [ 13.764354912064318, 52.446746811450488 ], [ 13.774879608867785, 52.466012829874202 ], [ 13.743218537648755, 52.465574222838235 ], [ 13.710987603187567, 52.502678491070583 ], [ 13.666980239235723, 52.474167057630901 ], [ 13.611517293501951, 52.470627334299564 ], [ 13.658572464459287, 52.52581115248006 ], [ 13.62590681460363, 52.530146375106597 ], [ 13.615690912837502, 52.561310051172384 ], [ 13.664587901510977, 52.562484426948039 ], [ 13.685284376466106, 52.570463745501257 ], [ 13.671408028660899, 52.582071356795112 ], [ 13.714677298296049, 52.587271714891386 ], [ 13.714679896041405, 52.60623645124204 ], [ 13.828991177980035, 52.62442591328783 ], [ 13.844891271218668, 52.645373723756499 ], [ 13.849701410320378, 52.693558839993031 ], [ 13.780334834653207, 52.666864832776149 ], [ 13.731492929425615, 52.733784172357545 ], [ 13.861459245772076, 52.75881340078142 ], [ 13.863525027982114, 52.787567191325799 ], [ 13.923193424717917, 52.79453738783986 ], [ 13.940859443348742, 52.824658224339338 ], [ 13.975125183931116, 52.825272635919205 ], [ 13.98251558850732, 52.848087042956408 ], [ 14.004910628689819, 52.859656682370186 ], [ 14.021469473648729, 52.84716099940232 ], [ 14.095292731756228, 52.856419259258772 ], [ 14.106685673249869, 52.869457544753899 ], [ 14.061195438566292, 52.869072056941206 ], [ 14.059000914993522, 52.884582402983085 ], [ 14.075059509870279, 52.900428630980102 ], [ 14.081222743885116, 52.890917660418914 ], [ 14.125428205819007, 52.902645991016676 ] ] ] } },
{ "type": "Feature", "properties": { "ags": "12065" }, "geometry": { "type": "MultiPolygon", "coordinates": [ [ [ [ 13.187572547306633, 53.24576209618759 ], [ 13.206611565921047, 53.220263359788632 ], [ 13.22939185615272, 53.216586895871487 ], [ 13.245143348410373, 53.235887847098894 ], [ 13.247100851696555, 53.205945940160809 ], [ 13.31355981142582, 53.17704630124549 ], [ 13.287557842006608, 53.136326478866849 ], [ 13.36894821053199, 53.069284834341971 ], [ 13.414680812015066, 53.056316581279823 ], [ 13.406759380177016, 53.025269433402755 ], [ 13.4444275613249, 53.029619481350757 ], [ 13.460398279281643, 53.008440596909892 ], [ 13.500879723339345, 52.998273001922229 ], [ 13.491302082075839, 52.987171945613035 ], [ 13.51789818835565, 52.988666139560493 ], [ 13.513429809366718, 52.974911627030899 ], [ 13.452836516956193, 52.964564914469371 ], [ 13.397703239828621, 52.933104317427535 ], [ 13.436565361130425, 52.934187666890203 ], [ 13.410541820215659, 52.92330064376582 ], [ 13.428834505355468, 52.903674613960121 ], [ 13.433303508706988, 52.916820268786843 ], [ 13.472808478311029, 52.918578042526697 ], [ 13.490662515577323, 52.901188221749848 ], [ 13.461448602444328, 52.885284611601854 ], [ 13.507775142712452, 52.873483717609552 ], [ 13.474706158684578, 52.878005302758936 ], [ 13.47681289386713, 52.858823840411155 ], [ 13.520947633108833, 52.848474412484116 ], [ 13.494132026217519, 52.839825585013386 ], [ 13.491355808507357, 52.810512119634801 ], [ 13.421964141416371, 52.804170592438552 ], [ 13.430662940030519, 52.789473479854124 ], [ 13.406507671574554, 52.780507932886145 ], [ 13.414681314591096, 52.751192931225738 ], [ 13.396709923985028, 52.744641626149971 ], [ 13.424284896594724, 52.734491373446836 ], [ 13.405768887795015, 52.72578400375798 ], [ 13.422049288011772, 52.709963744072851 ], [ 13.40444127857182, 52.709640783091906 ], [ 13.39654912256753, 52.672728277064742 ], [ 13.422826510190998, 52.669792120786461 ], [ 13.402239635807783, 52.647979778645954 ], [ 13.336480521315844, 52.622671088497313 ], [ 13.302422603515137, 52.627560601127918 ], [ 13.310033892498629, 52.65737600772173 ], [ 13.282884652257311, 52.660784667557301 ], [ 13.264274727267662, 52.626927969926811 ], [ 13.220683272298793, 52.628178720477884 ], [ 13.20662630822544, 52.586742462501959 ], [ 13.153481824828486, 52.600646124085316 ], [ 13.156444225231294, 52.628393879042029 ], [ 13.111530436931098, 52.634385034227378 ], [ 13.095898745139039, 52.677442238769345 ], [ 13.013558664106094, 52.671012393648148 ], [ 13.02270458968575, 52.689086006880189 ], [ 12.969409578121141, 52.701008868182868 ], [ 12.96338055813618, 52.720312657350526 ], [ 12.92898059037069, 52.724995604675769 ], [ 12.828762263385814, 52.694756281696556 ], [ 12.824965470489618, 52.70772081540732 ], [ 12.865475400234045, 52.710525285103849 ], [ 12.921292109709471, 52.744705326866956 ], [ 12.919153284673531, 52.794649667280417 ], [ 12.986079688452815, 52.828569940266398 ], [ 12.952188330325896, 52.834000358562172 ], [ 12.986863911023331, 52.836227495928732 ], [ 12.967405645096967, 52.839746208080953 ], [ 12.987182312723835, 52.843786605458014 ], [ 12.975166564229164, 52.862142338456742 ], [ 13.039302431145048, 52.854699418328288 ], [ 13.017828005765164, 52.905919319939699 ], [ 13.04671438753387, 52.917293432622579 ], [ 13.0507897487858, 52.990510320519135 ], [ 13.006337171479599, 52.998765747942407 ], [ 13.032717732938055, 53.024106417128266 ], [ 13.026156924245614, 53.071465665041408 ], [ 12.972544184004262, 53.072839903509347 ], [ 12.93777155548967, 53.104247857231947 ], [ 12.963429082584639, 53.132992008688461 ], [ 13.02733879433749, 53.146904050989789 ], [ 12.996705642494804, 53.14777632879003 ], [ 12.98441680029808, 53.166872485969321 ], [ 13.106564032637191, 53.215152624547741 ], [ 13.109925574815033, 53.240228275051315 ], [ 13.187572547306633, 53.24576209618759 ] ] ], [ [ [ 13.409399743768024, 52.938173719520996 ], [ 13.404999686531864, 52.937194336236864 ], [ 13.407784549258368, 52.938813010450751 ], [ 13.409399743768024, 52.938173719520996 ] ] ] ] } },
{ "type": "Feature", "properties": { "ags": "12066" }, "geometry": { "type": "Polygon", "coordinates": [ [ [ 13.928438912716413, 51.899487293290967 ], [ 14.088485271087388, 51.878305022771904 ], [ 14.07294685176951, 51.828888635217339 ], [ 14.116425045899415, 51.815006468433488 ], [ 14.10039522106133, 51.754150855242159 ], [ 14.143706500358441, 51.726633431094825 ], [ 14.092073843856351, 51.674306971534527 ], [ 14.128655179107412, 51.639322609835631 ], [ 14.18046163948568, 51.636404021514096 ], [ 14.217425912821403, 51.616744053153397 ], [ 14.154636342723508, 51.588944707399413 ], [ 14.163324524261558, 51.541043206276456 ], [ 14.136708930270126, 51.543308940328934 ], [ 14.142359250464128, 51.52280445391289 ], [ 14.107796744389949, 51.521760570939215 ], [ 14.073821671989069, 51.492667492158589 ], [ 14.087258362610577, 51.477396685012884 ], [ 14.033005724211675, 51.475102190597291 ], [ 14.062837103009757, 51.445505757986574 ], [ 14.015903684375456, 51.405137897463476 ], [ 14.028091219620546, 51.395935806818073 ], [ 14.003563735418677, 51.395611924681731 ], [ 14.000697255438091, 51.372595975120888 ], [ 13.970209088094391, 51.375840927930994 ], [ 13.956223629292296, 51.39707171442749 ], [ 13.902083584452408, 51.37755338922905 ], [ 13.833190693960971, 51.383838980344073 ], [ 13.763252568944536, 51.359020352109575 ], [ 13.766615258796218, 51.370724309208505 ], [ 13.7133939430448, 51.363502866840214 ], [ 13.680198103513348, 51.412890986134911 ], [ 13.698909002536093, 51.425575802213878 ], [ 13.71525482024494, 51.416967762431042 ], [ 13.717406843098592, 51.450700020101706 ], [ 13.693845580718618, 51.483067242025363 ], [ 13.634136634116567, 51.504383767075112 ], [ 13.658347681095817, 51.50605108573815 ], [ 13.653970697144663, 51.528902934922364 ], [ 13.708411098952405, 51.518934648238016 ], [ 13.745831102749406, 51.545893917059395 ], [ 13.777936133177887, 51.533401078263026 ], [ 13.875475491009535, 51.56633723687564 ], [ 13.886486709064384, 51.647037828236847 ], [ 13.809113234068805, 51.695211475541335 ], [ 13.798085178775917, 51.737131780484091 ], [ 13.843847877740982, 51.735190241854163 ], [ 13.855135644248973, 51.752007750947918 ], [ 13.805998791796352, 51.784691113718083 ], [ 13.838075293278997, 51.789500856493703 ], [ 13.83317351799796, 51.828891301399366 ], [ 13.854202590467331, 51.838942235054517 ], [ 13.833913580723166, 51.865790175770421 ], [ 13.863734182104981, 51.892188465424184 ], [ 13.928438912716413, 51.899487293290967 ] ] ] } },
{ "type": "Feature", "properties": { "ags": "12067" }, "geometry": { "type": "Polygon", "coordinates": [ [ [ 14.188500004224727, 52.498746277754066 ], [ 14.275485122245909, 52.462596822697805 ], [ 14.281383645675644, 52.409255011849474 ], [ 14.32743995768155, 52.40314958817924 ], [ 14.314840123274777, 52.382207581197683 ], [ 14.349538518814825, 52.374084502912289 ], [ 14.375376222482593, 52.38733506806534 ], [ 14.423764341367125, 52.373968471867073 ], [ 14.407711187612339, 52.353832064044866 ], [ 14.436640399524068, 52.342880127867744 ], [ 14.397934516649672, 52.307884991003078 ], [ 14.396809712693527, 52.26653700957624 ], [ 14.467028762416934, 52.276084112915278 ], [ 14.492010950995052, 52.252772009064103 ], [ 14.508510421819906, 52.263371623333455 ], [ 14.534967781163347, 52.255871319468255 ], [ 14.575823419019025, 52.286464453626365 ], [ 14.591207630414891, 52.269059365085774 ], [ 14.700886651361044, 52.25041482632242 ], [ 14.7163833608953, 52.234059357915008 ], [ 14.685177149367327, 52.194084429285347 ], [ 14.705415468240517, 52.169626301105026 ], [ 14.679584854650919, 52.144929520402322 ], [ 14.68217457131415, 52.114685515922027 ], [ 14.759100960849288, 52.065689831150891 ], [ 14.716706826136399, 52.001183469630369 ], [ 14.704472726567072, 52.014498218032394 ], [ 14.674738910068017, 52.002600079431133 ], [ 14.649692895720081, 52.027828143436608 ], [ 14.590097039643952, 52.034214261067184 ], [ 14.55737420481581, 52.005298748361085 ], [ 14.500840752945772, 52.007608830817631 ], [ 14.482722170293217, 52.057742906127032 ], [ 14.445997521337844, 52.0263563683312 ], [ 14.414997390410047, 52.024506102605038 ], [ 14.400925540917827, 52.053276100999717 ], [ 14.355123484780693, 52.073051839274079 ], [ 14.311419215425957, 52.060813533834697 ], [ 14.299922722112763, 52.036474870809606 ], [ 14.260035965483638, 52.032070624238358 ], [ 14.214001890352494, 52.052844128075343 ], [ 14.247548137255066, 52.086869789302668 ], [ 14.205167177534712, 52.086760256419318 ], [ 14.194186885689675, 52.05773204456996 ], [ 14.13938061376526, 52.048944412440058 ], [ 14.111953502283844, 52.087211352359432 ], [ 14.044119372095375, 52.114851576807503 ], [ 14.009626671885144, 52.109540516346698 ], [ 13.968130417832935, 52.136173506114503 ], [ 13.845287857416888, 52.121715501799905 ], [ 13.875621115672025, 52.147333204429806 ], [ 13.850124553163051, 52.164698946648208 ], [ 13.889468916633476, 52.169612934336861 ], [ 13.894290801090362, 52.184287454924807 ], [ 13.835032394101306, 52.185370137982552 ], [ 13.856026904566541, 52.224848367043847 ], [ 13.81957934178916, 52.244564778615143 ], [ 13.862240284099354, 52.275980449693115 ], [ 13.854036866787176, 52.289989047150804 ], [ 13.821699404566157, 52.288089895593167 ], [ 13.839788036805215, 52.314055975036702 ], [ 13.734094323456615, 52.322996319982906 ], [ 13.756250609662679, 52.352587922709191 ], [ 13.728386087639466, 52.366408144068266 ], [ 13.74086002087639, 52.372529593715036 ], [ 13.717427102625475, 52.389099547390735 ], [ 13.686533285726718, 52.383846255648763 ], [ 13.734537747197393, 52.40197606983601 ], [ 13.73795859573206, 52.434137759084827 ], [ 13.760469284275286, 52.438480445932804 ], [ 13.666980239235723, 52.474167057630901 ], [ 13.678286540231925, 52.494148809862018 ], [ 13.710987603187567, 52.502678491070583 ], [ 13.743218537648755, 52.465574222838235 ], [ 13.774879608867785, 52.466012829874202 ], [ 13.764354912064318, 52.446746811450488 ], [ 13.824819204928906, 52.437609405303895 ], [ 13.852233210382476, 52.45794977415003 ], [ 13.943127175129497, 52.478618420770829 ], [ 13.996657569692626, 52.464704588731877 ], [ 14.007092841946688, 52.446772479640536 ], [ 14.02798925149501, 52.47080334266424 ], [ 14.073413555220331, 52.480627093243683 ], [ 14.089011786034412, 52.450762447650987 ], [ 14.09746033273173, 52.46325503712 ], [ 14.177072324464568, 52.469139220090597 ], [ 14.188500004224727, 52.498746277754066 ] ] ] } },
{ "type": "Feature", "properties": { "ags": "12068" }, "geometry": { "type": "MultiPolygon", "coordinates": [ [ [ [ 12.222307576853646, 52.862548546179184 ], [ 12.21711500084057, 52.861992537612487 ], [ 12.22131631416773, 52.863812647878831 ], [ 12.222307576853646, 52.862548546179184 ] ] ], [ [ [ 12.325101710618478, 53.32130150815528 ], [ 12.394247807250352, 53.30180535429843 ], [ 12.391832331237396, 53.285056862402293 ], [ 12.428008562059992, 53.274987561863298 ], [ 12.445312163664985, 53.249928262651146 ], [ 12.529768323796059, 53.264788319637411 ], [ 12.606046711541655, 53.244395456548837 ], [ 12.66569127264183, 53.253291187913064 ], [ 12.671179074668199, 53.229504644257226 ], [ 12.757410985701146, 53.224352802004674 ], [ 12.739492981552871, 53.199601590662176 ], [ 12.764381357693965, 53.188930545944181 ], [ 12.845979183532245, 53.201402152951552 ], [ 12.880109598548394, 53.179690116857763 ], [ 12.905077905911641, 53.193950983573536 ], [ 12.941163284048404, 53.185744968902284 ], [ 12.947981202850702, 53.199029960901186 ], [ 12.975854671353501, 53.197898242767351 ], [ 12.941998414060954, 53.174315469253521 ], [ 13.027614352825195, 53.147536939303244 ], [ 12.963429082584639, 53.132992008688461 ], [ 12.93777155548967, 53.104247857231947 ], [ 12.972544184004262, 53.072839903509347 ], [ 13.026156924245614, 53.071465665041408 ], [ 13.032717732938055, 53.024106417128266 ], [ 13.006337171479599, 52.998765747942407 ], [ 13.0507897487858, 52.990510320519135 ], [ 13.04671438753387, 52.917293432622579 ], [ 13.017828005765164, 52.905919319939699 ], [ 13.039302431145048, 52.854699418328288 ], [ 12.975166564229164, 52.862142338456742 ], [ 12.987182312723835, 52.843786605458014 ], [ 12.967405645096967, 52.839746208080953 ], [ 12.986863911023331, 52.836227495928732 ], [ 12.952188330325896, 52.834000358562172 ], [ 12.986079688452815, 52.828569940266398 ], [ 12.979955133816333, 52.817810012860313 ], [ 12.919153284673531, 52.794649667280417 ], [ 12.921292109709471, 52.744705326866956 ], [ 12.865475400234045, 52.710525285103849 ], [ 12.824965470489618, 52.70772081540732 ], [ 12.833123962392673, 52.681312774399636 ], [ 12.740495442543883, 52.703066374680141 ], [ 12.707771933008177, 52.728806252854888 ], [ 12.720593528770097, 52.755990185457968 ], [ 12.672580710777851, 52.769597900243312 ], [ 12.649019048708784, 52.801077781363915 ], [ 12.610636600385371, 52.789734696000075 ], [ 12.54825216947374, 52.810528464925376 ], [ 12.546122069831382, 52.752509676793885 ], [ 12.412996192899589, 52.752062592946309 ], [ 12.378728946172092, 52.770128615900383 ], [ 12.407131716186559, 52.789292485089625 ], [ 12.397165327788258, 52.802616200225863 ], [ 12.249203293057692, 52.791862229300001 ], [ 12.234056795830069, 52.859377652093045 ], [ 12.196936528791671, 52.877977988652752 ], [ 12.123714704481973, 52.853795833611663 ], [ 12.125291836280816, 52.890521618250027 ], [ 12.207622261639795, 52.91470828921311 ], [ 12.284253990575852, 52.918779141138536 ], [ 12.265702331626549, 52.946909762487927 ], [ 12.306212893240778, 52.953500605807193 ], [ 12.324617947332049, 52.991193654598938 ], [ 12.416903778149333, 53.004740743540786 ], [ 12.414023959096747, 53.050963512531972 ], [ 12.374605455669846, 53.022979381215876 ], [ 12.351613806284083, 53.030614654092005 ], [ 12.351078665712299, 53.014502432259441 ], [ 12.289262354660451, 53.059367507137956 ], [ 12.341046191493252, 53.103701446919175 ], [ 12.293341185551448, 53.121063848704054 ], [ 12.291323930499773, 53.137682993900285 ], [ 12.332650908161703, 53.163254007145717 ], [ 12.329016434221845, 53.189662239911399 ], [ 12.299019495388363, 53.205114390053026 ], [ 12.354999607630232, 53.236846422973031 ], [ 12.31189954848475, 53.270862581797239 ], [ 12.303557561754079, 53.303396436647603 ], [ 12.325101710618478, 53.32130150815528 ] ] ] ] } },
{ "type": "Feature", "properties": { "ags": "12069" }, "geometry": { "type": "MultiPolygon", "coordinates": [ [ [ [ 12.279125022239883, 52.229417924744503 ], [ 12.281244456456719, 52.227434124369751 ], [ 12.276546163447547, 52.228295647348212 ], [ 12.279125022239883, 52.229417924744503 ] ] ], [ [ [ 12.270473520313256, 52.231102600917403 ], [ 12.273664258959982, 52.228779215180296 ], [ 12.264446158766161, 52.231713385711302 ], [ 12.270473520313256, 52.231102600917403 ] ] ], [ [ [ 12.481626129138313, 52.55474701382709 ], [ 12.505723905936573, 52.535547272697784 ], [ 12.57551895579441, 52.526934952096802 ], [ 12.717175051907319, 52.546190248827635 ], [ 12.708553280368482, 52.518418144344828 ], [ 12.749738751600802, 52.509584621241565 ], [ 12.734559611466313, 52.49821613398197 ], [ 12.759644474965382, 52.481130528718779 ], [ 12.745204822327326, 52.458485019373363 ], [ 12.818116482550904, 52.473427437349251 ], [ 12.891542491128199, 52.450257813879389 ], [ 12.893530939323245, 52.460763646805184 ], [ 12.946105990725668, 52.452727600624321 ], [ 12.935301989537649, 52.39115320399074 ], [ 12.979925919852606, 52.389817434987506 ], [ 12.982169808166534, 52.365187173567165 ], [ 13.041946982995471, 52.342942127599805 ], [ 13.052248315420405, 52.357742698322134 ], [ 13.102303376333515, 52.364324059557411 ], [ 13.136555201571387, 52.350953013516516 ], [ 13.171521556399023, 52.395833461579556 ], [ 13.159345750207107, 52.402879948368302 ], [ 13.195566839506029, 52.415094827226206 ], [ 13.245797291801699, 52.420801146281434 ], [ 13.268872011232149, 52.404518852450209 ], [ 13.296782318019831, 52.415815132360358 ], [ 13.306197750782966, 52.381567316614124 ], [ 13.251374578101338, 52.350157707155169 ], [ 13.251395588128132, 52.331509526390825 ], [ 13.187344086924366, 52.326871687241372 ], [ 13.164852481638521, 52.317812887070659 ], [ 13.171649477395285, 52.297718443386245 ], [ 13.138065827794136, 52.296743276613697 ], [ 13.163069461806069, 52.276976040879525 ], [ 13.116430860884035, 52.255945469987651 ], [ 13.08253344302307, 52.196617391900062 ], [ 12.951453687664541, 52.143508259295835 ], [ 12.996607141757629, 52.09351403676893 ], [ 12.956371283589517, 52.055768828314214 ], [ 12.974540239796664, 52.023560321506807 ], [ 12.904454520776307, 52.035632930772664 ], [ 12.853740810206043, 52.019780198323247 ], [ 12.844522356038491, 51.99749910386177 ], [ 12.769780327471995, 51.979274642023825 ], [ 12.662312586971957, 52.013405715062497 ], [ 12.615160260121939, 51.98228125587535 ], [ 12.539394591749856, 51.984888942779385 ], [ 12.536306597476626, 52.002880022046305 ], [ 12.498826522121352, 52.008922887941594 ], [ 12.48061535113724, 52.033335114377131 ], [ 12.430227854348308, 52.018306136698548 ], [ 12.276102601930209, 52.104558065265607 ], [ 12.216783135955936, 52.170068598858606 ], [ 12.248291792066825, 52.184222873058893 ], [ 12.24892105857009, 52.211737239328748 ], [ 12.297276877849889, 52.227545378899798 ], [ 12.244648068699608, 52.248438172645578 ], [ 12.308127561992308, 52.344696530768537 ], [ 12.283811381181433, 52.364254544769402 ], [ 12.305989507797596, 52.377433241919888 ], [ 12.302325983993331, 52.405012810983351 ], [ 12.274469663818675, 52.4160618905996 ], [ 12.304652889447077, 52.450892677723786 ], [ 12.361180087629013, 52.442771871777957 ], [ 12.375357231386296, 52.425855073393777 ], [ 12.389121226014362, 52.434365845691445 ], [ 12.419125611161606, 52.311511918772077 ], [ 12.505250530981098, 52.322464806465469 ], [ 12.536270349127289, 52.353530833430824 ], [ 12.593635182612452, 52.347892580074969 ], [ 12.611731575436478, 52.392912091141582 ], [ 12.655657787285213, 52.391331309747521 ], [ 12.687299007675263, 52.418407941316183 ], [ 12.671048187288473, 52.438464719131836 ], [ 12.705432676085119, 52.444888201521785 ], [ 12.622316569392986, 52.458897727593985 ], [ 12.571824636325626, 52.449031225774014 ], [ 12.579335961529583, 52.474569164906036 ], [ 12.650294630863009, 52.482773279151424 ], [ 12.671752988146949, 52.496829153660684 ], [ 12.686779242873875, 52.493043793117991 ], [ 12.703868761456576, 52.513015079609005 ], [ 12.665554610459125, 52.500972907428682 ], [ 12.650480201328731, 52.483570671562731 ], [ 12.605728924024667, 52.493117137499148 ], [ 12.56637289649206, 52.476667782036145 ], [ 12.560481531795553, 52.447369352892373 ], [ 12.517541545038013, 52.452963019191955 ], [ 12.512655666197663, 52.475373713669626 ], [ 12.467665411825386, 52.449911588962692 ], [ 12.444997136419296, 52.453473802866384 ], [ 12.448063248057402, 52.425032087627415 ], [ 12.430493395204989, 52.415806378767932 ], [ 12.42115876413464, 52.449385709938007 ], [ 12.44962622252679, 52.478998359266541 ], [ 12.411916422126371, 52.478194168533228 ], [ 12.429428626405919, 52.514393111976766 ], [ 12.406680018816772, 52.538746629761285 ], [ 12.429298512321559, 52.539475276432391 ], [ 12.428371962281874, 52.553946057740511 ], [ 12.481626129138313, 52.55474701382709 ] ] ] ] } },
{ "type": "Feature", "properties": { "ags": "12070" }, "geometry": { "type": "Polygon", "coordinates": [ [ [ 12.045284959456072, 53.370987643078756 ], [ 12.082077564394577, 53.346298661020114 ], [ 12.151951147202244, 53.36150523415084 ], [ 12.168560473218779, 53.339116978855081 ], [ 12.22943532995423, 53.358160531020467 ], [ 12.26020748245687, 53.32391218223384 ], [ 12.325101710618478, 53.32130150815528 ], [ 12.303557561754079, 53.303396436647603 ], [ 12.31189954848475, 53.270862581797239 ], [ 12.354999607630232, 53.236846422973031 ], [ 12.299019495388363, 53.205114390053026 ], [ 12.329016434221845, 53.189662239911399 ], [ 12.332650908161703, 53.163254007145717 ], [ 12.291323930499773, 53.137682993900285 ], [ 12.293341185551448, 53.121063848704054 ], [ 12.341046191493252, 53.103701446919175 ], [ 12.289262354660451, 53.059367507137956 ], [ 12.351078665712299, 53.014502432259441 ], [ 12.351613806284083, 53.030614654092005 ], [ 12.374605455669846, 53.022979381215876 ], [ 12.414023959096747, 53.050963512531972 ], [ 12.416903778149333, 53.004740743540786 ], [ 12.324617947332049, 52.991193654598938 ], [ 12.306212893240778, 52.953500605807193 ], [ 12.265702331626549, 52.946909762487927 ], [ 12.284253990575852, 52.918779141138536 ], [ 12.200242149353809, 52.913345020574816 ], [ 12.124601270006291, 52.893585909054259 ], [ 12.112623069302963, 52.875729089978371 ], [ 12.022614193254141, 52.890370255718331 ], [ 11.979579956243514, 52.876223646626748 ], [ 11.829999933707487, 52.911969486925372 ], [ 11.846029989057305, 52.951599759345882 ], [ 11.78630388593707, 52.960958273440646 ], [ 11.742989968569677, 52.988714678073293 ], [ 11.69024092515019, 52.979126391023506 ], [ 11.677165060970802, 53.008137228295837 ], [ 11.626327035129428, 53.012647368757044 ], [ 11.636456590877334, 53.039869719075632 ], [ 11.509870538515623, 53.047519347188192 ], [ 11.448379406287213, 53.078381580228637 ], [ 11.341319065347621, 53.054569626209982 ], [ 11.271219174970147, 53.099010955854901 ], [ 11.26573192054186, 53.121977894278388 ], [ 11.393767787829519, 53.110302570432047 ], [ 11.395627505023489, 53.140000238494721 ], [ 11.534572128716388, 53.125318347137629 ], [ 11.569364935364661, 53.166094856765405 ], [ 11.551317200404077, 53.208546744411478 ], [ 11.628762123286972, 53.242392499816056 ], [ 11.700389817614381, 53.244150013130088 ], [ 11.729017504379675, 53.217053515437776 ], [ 11.828893641475847, 53.228655023967228 ], [ 11.796067193777249, 53.25334819476025 ], [ 11.861746842390392, 53.248216918917088 ], [ 11.892603004819206, 53.278981128723771 ], [ 11.949458598808846, 53.271798109813851 ], [ 11.973857892608008, 53.299159487814848 ], [ 12.018530148107352, 53.299594721190687 ], [ 12.014610854885037, 53.334423599061736 ], [ 12.057339344660317, 53.349342097615157 ], [ 12.045284959456072, 53.370987643078756 ] ] ] } },
{ "type": "Feature", "properties": { "ags": "12071" }, "geometry": { "type": "Polygon", "coordinates": [ [ [ 14.500840752945772, 52.007608830817631 ], [ 14.55737420481581, 52.005298748361085 ], [ 14.590097039643952, 52.034214261067184 ], [ 14.649692895720081, 52.027828143436608 ], [ 14.674738910068017, 52.002600079431133 ], [ 14.704472726567072, 52.014498218032394 ], [ 14.719801753019025, 51.998677145981596 ], [ 14.694259161315212, 51.901984630629023 ], [ 14.611001837606718, 51.857011747748011 ], [ 14.590144375305531, 51.821009995300955 ], [ 14.645894355747588, 51.795088402312437 ], [ 14.668123667120494, 51.725830024169198 ], [ 14.738170748639103, 51.687062480929228 ], [ 14.764909533141328, 51.607044155148131 ], [ 14.729865563253487, 51.581777004981767 ], [ 14.696647727705969, 51.59666083314638 ], [ 14.706451663593391, 51.576460170082257 ], [ 14.674012758966361, 51.550645360327856 ], [ 14.609886947527084, 51.550149787401843 ], [ 14.569635103704005, 51.581190484060862 ], [ 14.515453721763047, 51.554234839389636 ], [ 14.387158462025605, 51.541770887910744 ], [ 14.332350139334411, 51.505018266744869 ], [ 14.274005493281004, 51.532130367226166 ], [ 14.163324524261558, 51.541043206276456 ], [ 14.146740564772195, 51.577686642971258 ], [ 14.217510592666208, 51.618497897171338 ], [ 14.128655179107412, 51.639322609835631 ], [ 14.092516770330313, 51.673491899179581 ], [ 14.143706500358441, 51.726633431094825 ], [ 14.10235527260793, 51.749350117619421 ], [ 14.124193911068506, 51.799052653343409 ], [ 14.10054302161843, 51.826594858128793 ], [ 14.073878551721457, 51.8268701774644 ], [ 14.079350838616564, 51.869295484804432 ], [ 14.088485271087388, 51.878305022771904 ], [ 14.173506020150862, 51.857159490935189 ], [ 14.214897484255273, 51.86938118057904 ], [ 14.223332204827626, 51.904162919627758 ], [ 14.319613425804894, 51.935351717108233 ], [ 14.393165201789376, 51.935327224754069 ], [ 14.368873625351412, 52.000144426305432 ], [ 14.453413700888563, 52.014282962456804 ], [ 14.445545307040909, 52.039946166764821 ], [ 14.482722170293217, 52.057742906127032 ], [ 14.500840752945772, 52.007608830817631 ] ], [ [ 14.307770697875297, 51.863978468969869 ], [ 14.311997290595817, 51.8213626241238 ], [ 14.273306526282834, 51.795082435589222 ], [ 14.275716100572444, 51.737924005639968 ], [ 14.310194024364769, 51.723291927885214 ], [ 14.302425826970001, 51.702063637374991 ], [ 14.375579341441115, 51.696742436162765 ], [ 14.383671897384106, 51.713070522628492 ], [ 14.443264790204172, 51.703116497493433 ], [ 14.45063270182253, 51.72140197819072 ], [ 14.39183165020876, 51.753385755219995 ], [ 14.45957177436704, 51.748399470542658 ], [ 14.466712165232902, 51.770311335225315 ], [ 14.50129550744224, 51.778411748793488 ], [ 14.493443034850829, 51.806307438779577 ], [ 14.455769706947285, 51.801895566821088 ], [ 14.446039097454264, 51.815201484112144 ], [ 14.406052925274764, 51.800617200620252 ], [ 14.37133149229339, 51.83092505975614 ], [ 14.393059843383867, 51.85276110328175 ], [ 14.334618205275579, 51.850223773531702 ], [ 14.307770697875297, 51.863978468969869 ] ] ] } },
{ "type": "Feature", "properties": { "ags": "12072" }, "geometry": { "type": "Polygon", "coordinates": [ [ [ 13.343248652577513, 52.411619938860333 ], [ 13.420984876557265, 52.376247142411202 ], [ 13.456353206713928, 52.342169295372457 ], [ 13.499100450439512, 52.336661435851681 ], [ 13.483190682752555, 52.286165891917307 ], [ 13.511562249528541, 52.267048358742244 ], [ 13.451258037505767, 52.255992704536297 ], [ 13.472923505456958, 52.232213659113619 ], [ 13.545728419836491, 52.242005952340136 ], [ 13.581984214021508, 52.197265852897317 ], [ 13.545965898304299, 52.193182944394501 ], [ 13.540822758845897, 52.097216209299489 ], [ 13.628797128558656, 52.071534335574988 ], [ 13.652954412520184, 52.048147341015401 ], [ 13.645633429144796, 52.010842770773579 ], [ 13.556465108193724, 51.99815501948369 ], [ 13.493984748144292, 51.965868212072905 ], [ 13.414838440008676, 51.97615161107661 ], [ 13.412099972543746, 51.930064202537459 ], [ 13.519258054641325, 51.930172657086949 ], [ 13.581303669605187, 51.891542355356847 ], [ 13.539109750070162, 51.8662438705814 ], [ 13.536300190242239, 51.825194394744308 ], [ 13.568933211370405, 51.810308972785393 ], [ 13.507085590563388, 51.792032701647145 ], [ 13.463615728745195, 51.793352809928429 ], [ 13.420403250074205, 51.8201315242544 ], [ 13.354467863944354, 51.832545713126834 ], [ 13.24801068297945, 51.822267880619663 ], [ 13.222027216489179, 51.849557267989127 ], [ 13.230386623667041, 51.878179654763123 ], [ 13.183530487657489, 51.886142846271397 ], [ 13.162420353646338, 51.883845527419858 ], [ 13.162958241204819, 51.860735970593481 ], [ 13.132335236047286, 51.882488225944712 ], [ 13.039239289728821, 51.87091214655311 ], [ 13.045407862219982, 51.900515106826397 ], [ 12.972664852918617, 51.900881139658161 ], [ 12.960567963481754, 51.934910541618315 ], [ 12.852730178966432, 51.935005289240017 ], [ 12.844153643105768, 51.967733968066838 ], [ 12.778809913553442, 51.964352056337376 ], [ 12.769780327471995, 51.979274642023825 ], [ 12.844522356038491, 51.99749910386177 ], [ 12.853740810206043, 52.019780198323247 ], [ 12.904454520776307, 52.035632930772664 ], [ 12.975922504733228, 52.024372355463598 ], [ 12.956371283589517, 52.055768828314214 ], [ 12.996607141757629, 52.09351403676893 ], [ 12.951453687664541, 52.143508259295835 ], [ 13.08253344302307, 52.196617391900062 ], [ 13.116430860884035, 52.255945469987651 ], [ 13.163069461806069, 52.276976040879525 ], [ 13.136839284575021, 52.295348332953054 ], [ 13.171649477395285, 52.297718443386245 ], [ 13.164852481638521, 52.317812887070659 ], [ 13.251395588128132, 52.331509526390825 ], [ 13.251374578101338, 52.350157707155169 ], [ 13.343248652577513, 52.411619938860333 ] ] ] } },
{ "type": "Feature", "properties": { "ags": "12073" }, "geometry": { "type": "Polygon", "coordinates": [ [ [ 13.800570521598059, 53.558254620178168 ], [ 13.821728497874771, 53.518110339256999 ], [ 13.879268140325159, 53.504139957136125 ], [ 13.875591803327032, 53.473466197416847 ], [ 13.91821342779326, 53.455998470979566 ], [ 13.916373270928585, 53.422266272362023 ], [ 14.001216932051063, 53.434991564195961 ], [ 14.082223942750058, 53.410911705561929 ], [ 14.121843780679624, 53.441707624547377 ], [ 14.176961664862437, 53.42286729157771 ], [ 14.237712314702947, 53.427341981055761 ], [ 14.223406622852277, 53.358563232446642 ], [ 14.098817346212606, 53.261671917556995 ], [ 14.266048357632878, 53.259594854732633 ], [ 14.262188670877549, 53.276602364443022 ], [ 14.301854254773499, 53.286223613115538 ], [ 14.316569423181399, 53.312335549765145 ], [ 14.407626657007883, 53.33014958616117 ], [ 14.421216588204466, 53.276136735856049 ], [ 14.450142192509299, 53.264171951639391 ], [ 14.377272993129273, 53.201748301539439 ], [ 14.366254965913008, 53.171988644670797 ], [ 14.387737260329279, 53.143025689591433 ], [ 14.345426001528494, 53.051711916877558 ], [ 14.160576618060285, 52.964611113646001 ], [ 14.088224828811908, 52.962895767327431 ], [ 14.072119139253266, 52.949301483119491 ], [ 14.02740247925829, 52.95628568039065 ], [ 14.014111600027967, 52.931864984179363 ], [ 13.989713883892266, 52.933156575923185 ], [ 13.983632644922636, 52.966936037988887 ], [ 13.944364648312913, 52.95481274309973 ], [ 13.926687533556949, 52.982374329214309 ], [ 13.861815604327756, 52.973626646320596 ], [ 13.823976109097897, 52.98811055722237 ], [ 13.830946589640964, 53.020352618192561 ], [ 13.837799438982877, 53.015705091796434 ], [ 13.854512545224997, 53.017703320263422 ], [ 13.884291493292771, 53.04900972435572 ], [ 13.848514797782366, 53.058503423276228 ], [ 13.71136055733189, 53.03494239058162 ], [ 13.682090062256973, 53.042491787661568 ], [ 13.675807005172302, 53.001189094437734 ], [ 13.491302082075839, 52.987171945613035 ], [ 13.500879723339345, 52.998273001922229 ], [ 13.460398279281643, 53.008440596909892 ], [ 13.4444275613249, 53.029619481350757 ], [ 13.406759380177016, 53.025269433402755 ], [ 13.414680812015066, 53.056316581279823 ], [ 13.36894821053199, 53.069284834341971 ], [ 13.287557842006608, 53.136326478866849 ], [ 13.31355981142582, 53.17704630124549 ], [ 13.241679355366559, 53.212899562060258 ], [ 13.24785812318571, 53.25683792619288 ], [ 13.297801779042908, 53.280892501073239 ], [ 13.360450598657991, 53.277998933422232 ], [ 13.386533825011613, 53.244054609304314 ], [ 13.405174674821458, 53.246418235058393 ], [ 13.438208121276018, 53.299733233398229 ], [ 13.483063872055844, 53.291203395857593 ], [ 13.502842523583819, 53.327333244636087 ], [ 13.523531387327042, 53.32008458395962 ], [ 13.516854329288593, 53.352092515594684 ], [ 13.556369897005109, 53.376092380043254 ], [ 13.550112204605293, 53.399081272041428 ], [ 13.625216953641775, 53.409302566375857 ], [ 13.640500226790902, 53.447238752382653 ], [ 13.715399781457247, 53.482260878247196 ], [ 13.778939258389054, 53.474215231449691 ], [ 13.812079405668852, 53.483943984713264 ], [ 13.827102382027512, 53.498713707939345 ], [ 13.777657389175179, 53.513705338568755 ], [ 13.800570521598059, 53.558254620178168 ] ] ] } },
{ "type": "Feature", "properties": { "ags": "13003" }, "geometry": { "type": "MultiPolygon", "coordinates": [ [ [ [ 12.26347833391938, 54.242786227207681 ], [ 12.263590946352343, 54.215136517117401 ], [ 12.293672760803023, 54.197096203341239 ], [ 12.203857545247633, 54.182147682444857 ], [ 12.172874291096109, 54.161525989069567 ], [ 12.190036120231573, 54.147934848770092 ], [ 12.171917528258948, 54.117369259526384 ], [ 12.203837682940014, 54.095665516941764 ], [ 12.191173650803353, 54.069157234714332 ], [ 12.079675909127907, 54.051918071624229 ], [ 12.019359487400852, 54.125449557998692 ], [ 12.035015243446018, 54.163077909601824 ], [ 11.998484676252968, 54.174970066389761 ], [ 12.08676857865569, 54.18508058165223 ], [ 12.086013958029195, 54.110961709009949 ], [ 12.112074157871554, 54.09444291140327 ], [ 12.151354874347826, 54.094259312131683 ], [ 12.151963692887529, 54.085286829990821 ], [ 12.153552562961476, 54.096884294854092 ], [ 12.11716655575689, 54.097621477513314 ], [ 12.097686006805663, 54.120866724833654 ], [ 12.097016922877589, 54.151897770031994 ], [ 12.12619913663403, 54.150359117463225 ], [ 12.143178642493163, 54.174232990130903 ], [ 12.100993420868186, 54.169288206104341 ], [ 12.095257605320901, 54.181301435925732 ], [ 12.129006229890809, 54.18693934539133 ], [ 12.201068084377845, 54.244695675553494 ], [ 12.26347833391938, 54.242786227207681 ] ] ], [ [ [ 12.107987705744369, 54.163836349546237 ], [ 12.104613973495455, 54.166257767178543 ], [ 12.107139286410963, 54.167508758556878 ], [ 12.107987705744369, 54.163836349546237 ] ] ], [ [ [ 12.103721790274298, 54.167603495825816 ], [ 12.103567548796249, 54.168395917062568 ], [ 12.104665225709256, 54.168274075565165 ], [ 12.103721790274298, 54.167603495825816 ] ] ] ] } },
{ "type": "Feature", "properties": { "ags": "13004" }, "geometry": { "type": "MultiPolygon", "coordinates": [ [ [ [ 11.295766849299602, 53.663174259481458 ], [ 11.476139620388649, 53.681213979699038 ], [ 11.505555737491925, 53.606665596772743 ], [ 11.487708426478926, 53.579778838322397 ], [ 11.449948667407044, 53.573092563339749 ], [ 11.483396087175571, 53.558560307314288 ], [ 11.384086571711139, 53.54441173313036 ], [ 11.358633763684656, 53.624451065347394 ], [ 11.295766849299602, 53.663174259481458 ] ], [ [ 11.368201799629196, 53.618363764018767 ], [ 11.362824728868917, 53.621591368931355 ], [ 11.360767024746719, 53.619179534571927 ], [ 11.368201799629196, 53.618363764018767 ] ] ], [ [ [ 11.358852508134383, 53.677122964704992 ], [ 11.354702049265335, 53.680790737515224 ], [ 11.359044629352917, 53.680733736261892 ], [ 11.358852508134383, 53.677122964704992 ] ] ] ] } },
{ "type": "Feature", "properties": { "ags": "13071" }, "geometry": { "type": "Polygon", "coordinates": [ [ [ 12.986923589964015, 54.003794462199799 ], [ 13.015443340265747, 53.993096998204514 ], [ 13.00203516312139, 53.975326465550182 ], [ 13.059236508881018, 53.970156999238633 ], [ 13.064399404015761, 53.954619091814607 ], [ 13.133050506967862, 53.931786668785307 ], [ 13.154599856317448, 53.944105969046397 ], [ 13.194584173300225, 53.930299764517748 ], [ 13.216272034038944, 53.908633209796569 ], [ 13.192280153381491, 53.89489824523627 ], [ 13.185718207206245, 53.835066669921297 ], [ 13.233367601886219, 53.808072567877424 ], [ 13.269701509088124, 53.818846467155133 ], [ 13.300618797671449, 53.810826263769947 ], [ 13.337550369871492, 53.849076788251708 ], [ 13.39401208659199, 53.834379415916814 ], [ 13.383030510618374, 53.802899230112054 ], [ 13.344001165295914, 53.803609954425873 ], [ 13.375101150972643, 53.767452415388831 ], [ 13.366881600495409, 53.750020557793711 ], [ 13.39375950609212, 53.762175697772172 ], [ 13.501502310920204, 53.743894451017283 ], [ 13.551895560365395, 53.695146629894097 ], [ 13.641539702838708, 53.704103689734517 ], [ 13.795998335525955, 53.685146100090599 ], [ 13.694268169765309, 53.65097927534319 ], [ 13.763255150667371, 53.615825056962869 ], [ 13.699058741835566, 53.591957262406915 ], [ 13.725367465562533, 53.571728671888764 ], [ 13.72425054490397, 53.543047791367577 ], [ 13.678589708297599, 53.535814024001908 ], [ 13.66880243736869, 53.511565217087984 ], [ 13.693472714013307, 53.508652973515815 ], [ 13.688538442459357, 53.488715228689578 ], [ 13.710065577174243, 53.479062366674732 ], [ 13.640500226790902, 53.447238752382653 ], [ 13.625216953641775, 53.409302566375857 ], [ 13.550112204605293, 53.399081272041428 ], [ 13.556369897005109, 53.376092380043254 ], [ 13.516854329288593, 53.352092515594684 ], [ 13.523531387327042, 53.32008458395962 ], [ 13.502842523583819, 53.327333244636087 ], [ 13.485641395925059, 53.292049780089663 ], [ 13.438208121276018, 53.299733233398229 ], [ 13.388992130745615, 53.242735096345292 ], [ 13.360450598657991, 53.277998933422232 ], [ 13.297801779042908, 53.280892501073239 ], [ 13.252714247923782, 53.262305441763246 ], [ 13.22939185615272, 53.216586895871487 ], [ 13.181914293009529, 53.250734071462951 ], [ 13.1522209039023, 53.25111397896049 ], [ 13.109925574815033, 53.240228275051315 ], [ 13.079532890799868, 53.200183753911304 ], [ 12.980466332144179, 53.162526567135451 ], [ 12.941998414060954, 53.174315469253521 ], [ 12.979433532131525, 53.190551570402071 ], [ 12.96424487151346, 53.200391512532804 ], [ 12.880109598548394, 53.179690116857763 ], [ 12.845979183532245, 53.201402152951552 ], [ 12.764381357693965, 53.188930545944181 ], [ 12.739492981552871, 53.199601590662176 ], [ 12.757410985701146, 53.224352802004674 ], [ 12.671179074668199, 53.229504644257226 ], [ 12.660557173843161, 53.254409577162249 ], [ 12.606046711541655, 53.244395456548837 ], [ 12.529768323796059, 53.264788319637411 ], [ 12.445312163664985, 53.249928262651146 ], [ 12.428008562059992, 53.274987561863298 ], [ 12.391832331237396, 53.285056862402293 ], [ 12.394247807250352, 53.30180535429843 ], [ 12.331751498319059, 53.318010891542848 ], [ 12.338837411417726, 53.341119134055084 ], [ 12.318425352357094, 53.357046687517951 ], [ 12.28980751074959, 53.354670964752138 ], [ 12.311847021776781, 53.366250733307254 ], [ 12.275145556779824, 53.378804240637429 ], [ 12.316090301458383, 53.390763778225647 ], [ 12.307877670149676, 53.44736881056366 ], [ 12.366413236152672, 53.479351722696919 ], [ 12.330679233007508, 53.478143840182803 ], [ 12.300701313708405, 53.498532081096009 ], [ 12.305615901320097, 53.567699696436954 ], [ 12.348870285128783, 53.593772638639201 ], [ 12.398641857111041, 53.567302231923343 ], [ 12.416333905077378, 53.584089385499482 ], [ 12.398394093239146, 53.602569994180534 ], [ 12.417435504608653, 53.647078021991859 ], [ 12.395942274617118, 53.666032883851358 ], [ 12.468237266130258, 53.662317450703895 ], [ 12.44637936856136, 53.677115731948028 ], [ 12.472993699340805, 53.698598294307025 ], [ 12.467012080857975, 53.684105183174736 ], [ 12.488424957160984, 53.689824099681381 ], [ 12.512498276747714, 53.653397562548122 ], [ 12.557973836360377, 53.659951483337728 ], [ 12.626688369473186, 53.640962722876289 ], [ 12.653763552253848, 53.655695289991321 ], [ 12.62349149295091, 53.690913757342656 ], [ 12.629417386409164, 53.753586998234667 ], [ 12.646256726750583, 53.772125032802862 ], [ 12.695780229372321, 53.770870911511658 ], [ 12.703661382121149, 53.814466482496357 ], [ 12.750509034929497, 53.823468051706747 ], [ 12.752718792533123, 53.86025599192066 ], [ 12.800073664947906, 53.877119673700442 ], [ 12.764448933521784, 53.90038936437815 ], [ 12.813606023138954, 53.929970621359857 ], [ 12.787111847451948, 53.953285840248597 ], [ 12.815981384779727, 53.988051216710417 ], [ 12.803040186888667, 54.000476265638959 ], [ 12.870892211384845, 53.973836024736705 ], [ 12.986923589964015, 54.003794462199799 ] ] ] } },
{ "type": "Feature", "properties": { "ags": "13072" }, "geometry": { "type": "MultiPolygon", "coordinates": [ [ [ [ 12.285530448369874, 54.274951930718025 ], [ 12.371589346750847, 54.207705123556998 ], [ 12.351605327946659, 54.185323991618418 ], [ 12.375091467831925, 54.177063537890888 ], [ 12.384896177678918, 54.11389856703066 ], [ 12.435645308997429, 54.124406162766853 ], [ 12.459212021195558, 54.092411628336841 ], [ 12.556717858700008, 54.093298717811216 ], [ 12.715662411590353, 54.018816781189265 ], [ 12.758845559498278, 54.030164996832404 ], [ 12.815981384779727, 53.988051216710417 ], [ 12.787111847451948, 53.953285840248597 ], [ 12.811135745776381, 53.925622644360196 ], [ 12.764448933521784, 53.90038936437815 ], [ 12.800073664947906, 53.877119673700442 ], [ 12.752718792533123, 53.86025599192066 ], [ 12.750509034929497, 53.823468051706747 ], [ 12.703661382121149, 53.814466482496357 ], [ 12.695780229372321, 53.770870911511658 ], [ 12.646256726750583, 53.772125032802862 ], [ 12.629417386409164, 53.753586998234667 ], [ 12.62349149295091, 53.690913757342656 ], [ 12.653763552253848, 53.655695289991321 ], [ 12.626688369473186, 53.640962722876289 ], [ 12.557973836360377, 53.659951483337728 ], [ 12.512498276747714, 53.653397562548122 ], [ 12.464859305874304, 53.696507509274248 ], [ 12.44637936856136, 53.677115731948028 ], [ 12.468237266130258, 53.662317450703895 ], [ 12.395942274617118, 53.666032883851358 ], [ 12.417435504608653, 53.647078021991859 ], [ 12.398641857111041, 53.567302231923343 ], [ 12.348870285128783, 53.593772638639201 ], [ 12.306703877005335, 53.567719738130407 ], [ 12.250247502333419, 53.583402236536763 ], [ 12.209192596641229, 53.603243911132942 ], [ 12.198859016582901, 53.642581401414212 ], [ 12.094064955573169, 53.642663714865741 ], [ 12.050361503195868, 53.665927033356809 ], [ 12.026506597280143, 53.692204446823453 ], [ 12.039005075063395, 53.710623808656443 ], [ 11.976188749469209, 53.724555315711434 ], [ 11.996376038299312, 53.734404724178539 ], [ 11.98378435256501, 53.74294001396111 ], [ 11.905070773079808, 53.732238046353892 ], [ 11.79337043779123, 53.772368559573735 ], [ 11.801710542606521, 53.817729141418006 ], [ 11.756477142217401, 53.825580303256565 ], [ 11.778601883993449, 53.862712745740552 ], [ 11.761256405889432, 53.87297608650789 ], [ 11.79839619881642, 53.891404636123276 ], [ 11.804923484125581, 53.966221102550683 ], [ 11.745979904991994, 53.973896013630672 ], [ 11.747869477563473, 53.959236630556433 ], [ 11.69771837172633, 53.95383118681675 ], [ 11.674387864995035, 53.936105801199147 ], [ 11.657718105916603, 53.985220905733819 ], [ 11.58725024923331, 53.986559378797658 ], [ 11.56177870619937, 54.028088317667859 ], [ 11.582608514350335, 54.063688632734724 ], [ 11.624469613024097, 54.076782379877905 ], [ 11.614371765313127, 54.102036298484663 ], [ 11.532470840219013, 54.049116873384314 ], [ 11.524761411166866, 54.069670924222386 ], [ 11.682936882169852, 54.153271180146703 ], [ 11.849773746945646, 54.145002069392838 ], [ 11.998484676252968, 54.174970066389761 ], [ 12.035015243446018, 54.163077909601824 ], [ 12.019359487400852, 54.125449557998692 ], [ 12.054477778028723, 54.103091435375887 ], [ 12.064838461073309, 54.059250914742009 ], [ 12.14699599569856, 54.058482143939976 ], [ 12.201249091728938, 54.081920791892834 ], [ 12.171917528258948, 54.117369259526384 ], [ 12.190036120231573, 54.147934848770092 ], [ 12.173927625406572, 54.16300735798557 ], [ 12.203857545247633, 54.182147682444857 ], [ 12.293672760803023, 54.197096203341239 ], [ 12.263590946352343, 54.215136517117401 ], [ 12.267278534067518, 54.241363824519816 ], [ 12.201068084377845, 54.244695675553494 ], [ 12.285530448369874, 54.274951930718025 ] ] ], [ [ [ 11.523001698038369, 54.068487070667693 ], [ 11.511867386447765, 54.043204088451269 ], [ 11.512419669985505, 54.055931439699698 ], [ 11.523001698038369, 54.068487070667693 ] ] ] ] } },
{ "type": "Feature", "properties": { "ags": "13073" }, "geometry": { "type": "MultiPolygon", "coordinates": [ [ [ [ 12.528253042213741, 54.485730047961269 ], [ 12.523133300845533, 54.471826661465819 ], [ 12.560918153660392, 54.454727257596574 ], [ 12.676584980317397, 54.442182466072211 ], [ 12.92098945797018, 54.44509465165639 ], [ 12.915394374162741, 54.438829187371503 ], [ 12.926951676966221, 54.427963973863804 ], [ 12.874948301079101, 54.413712243883047 ], [ 12.831864395854277, 54.423057512267675 ], [ 12.801847089510323, 54.408698833481672 ], [ 12.740471645532752, 54.415111536069269 ], [ 12.725814247808438, 54.430140831000301 ], [ 12.721032708664335, 54.432374595484326 ], [ 12.693160014112562, 54.432254057541719 ], [ 12.669319029375266, 54.421439669600673 ], [ 12.66752590248867, 54.418569483446433 ], [ 12.668039958134028, 54.410137968963902 ], [ 12.666362237235058, 54.408646868998744 ], [ 12.638081608297501, 54.425512404944946 ], [ 12.617513313902469, 54.407252899111334 ], [ 12.577890986140369, 54.404328982327229 ], [ 12.597820657509962, 54.391566565823076 ], [ 12.592285113456773, 54.383636900818416 ], [ 12.436138350574858, 54.379088804285288 ], [ 12.416072551034787, 54.335386334385994 ], [ 12.384501908499864, 54.340615920603142 ], [ 12.396028654509047, 54.323499223946691 ], [ 12.358321277954598, 54.302724740960528 ], [ 12.382455672534434, 54.278146706359756 ], [ 12.363647429807125, 54.265831656185803 ], [ 12.459669739608907, 54.247950223282402 ], [ 12.41773401096652, 54.258693688840317 ], [ 12.409355799893623, 54.280039220135762 ], [ 12.478728043997256, 54.303928737290121 ], [ 12.473091151563628, 54.329609792091944 ], [ 12.535702203697802, 54.338429264535449 ], [ 12.553757068548425, 54.37958553731152 ], [ 12.585803924643574, 54.356233010908959 ], [ 12.596852752227854, 54.37181180423444 ], [ 12.671370199274049, 54.390945655956763 ], [ 12.659055619952587, 54.40453183531956 ], [ 12.667457391837182, 54.404416107290487 ], [ 12.668525236874387, 54.40813344547491 ], [ 12.707489422546939, 54.4118786674848 ], [ 12.676439895935397, 54.370578659068265 ], [ 12.700087770837195, 54.398483293011523 ], [ 12.737154655547275, 54.369573292825891 ], [ 12.744056326130151, 54.384060852732894 ], [ 12.768902803410603, 54.3716091545148 ], [ 12.786491815286045, 54.396444708849046 ], [ 12.809663608686702, 54.343601090174424 ], [ 12.878088494543363, 54.364997939022096 ], [ 12.923626633128967, 54.412953317521009 ], [ 13.027532726246884, 54.43710469868585 ], [ 13.025666121412739, 54.396506893649388 ], [ 13.093657772562041, 54.366196495610737 ], [ 13.075831769922077, 54.345801232844806 ], [ 13.111952652574859, 54.305659010339774 ], [ 13.103635564611992, 54.283441309526744 ], [ 13.132832484009073, 54.269001283325608 ], [ 13.176957587165443, 54.271501966524553 ], [ 13.146100494482408, 54.260345555260393 ], [ 13.143236689671779, 54.253388037394977 ], [ 13.185336941692656, 54.266342546399549 ], [ 13.215672969865253, 54.241212210232234 ], [ 13.291229098071421, 54.234034597855349 ], [ 13.318963643385212, 54.194823623104597 ], [ 13.288695116566368, 54.165210644725356 ], [ 13.290637043341706, 54.133782974567623 ], [ 13.216512905883754, 54.117889667451742 ], [ 13.288914647770989, 54.072925593508195 ], [ 13.277763400662826, 54.063485327275252 ], [ 13.248403361242936, 54.067813145037277 ], [ 13.207742572680152, 54.034796918228224 ], [ 13.15745318715541, 54.021561130222274 ], [ 13.100034221429365, 54.039585386754858 ], [ 12.863997733172312, 53.974038828395685 ], [ 12.758845559498278, 54.030164996832404 ], [ 12.715662411590353, 54.018816781189265 ], [ 12.556717858700008, 54.093298717811216 ], [ 12.459212021195558, 54.092411628336841 ], [ 12.435645308997429, 54.124406162766853 ], [ 12.384896177678918, 54.11389856703066 ], [ 12.375091467831925, 54.177063537890888 ], [ 12.351605327946659, 54.185323991618418 ], [ 12.371589346750847, 54.207705123556998 ], [ 12.278130274662576, 54.262250084674484 ], [ 12.343488232664738, 54.302723350079177 ], [ 12.528253042213741, 54.485730047961269 ] ] ], [ [ [ 12.529766781409307, 54.349653613368922 ], [ 12.52801983841227, 54.346220560860822 ], [ 12.526920293798621, 54.352226894023666 ], [ 12.529766781409307, 54.349653613368922 ] ] ], [ [ [ 12.52922083368124, 54.358724973439429 ], [ 12.529273977651242, 54.354684208799675 ], [ 12.530961208605159, 54.349927896414457 ], [ 12.527841268282367, 54.35363791208318 ], [ 12.52922083368124, 54.358724973439429 ] ] ], [ [ [ 12.527914089572041, 54.357777054702211 ], [ 12.525275797528838, 54.359628627277054 ], [ 12.528320599178272, 54.361639577928848 ], [ 12.527914089572041, 54.357777054702211 ] ] ], [ [ [ 12.526437725439871, 54.362690876195323 ], [ 12.525924652356675, 54.366477597033928 ], [ 12.528654589361988, 54.366607810505016 ], [ 12.526437725439871, 54.362690876195323 ] ] ], [ [ [ 12.526974927947125, 54.367173606789947 ], [ 12.525780397708118, 54.368594899300092 ], [ 12.529012463025747, 54.368091338078926 ], [ 12.526974927947125, 54.367173606789947 ] ] ], [ [ [ 12.522531387474393, 54.373922677594059 ], [ 12.520694992067076, 54.370363850227733 ], [ 12.518718025808617, 54.372463002803045 ], [ 12.522531387474393, 54.373922677594059 ] ] ], [ [ [ 12.585313686599452, 54.376028289919255 ], [ 12.58072213630877, 54.377505120728536 ], [ 12.585476165360143, 54.380668858247731 ], [ 12.585313686599452, 54.376028289919255 ] ] ], [ [ [ 12.664850198636284, 54.407317366238871 ], [ 12.65649996439736, 54.406201057326221 ], [ 12.656529930972315, 54.407768964384353 ], [ 12.664850198636284, 54.407317366238871 ] ] ], [ [ [ 12.725030195442159, 54.412631749741124 ], [ 12.729774999793328, 54.404902855050643 ], [ 12.718130043753723, 54.405268495576493 ], [ 12.725030195442159, 54.412631749741124 ] ] ], [ [ [ 12.671008311335504, 54.415937593659919 ], [ 12.668536117664507, 54.419055073623817 ], [ 12.670447739096419, 54.42096139651337 ], [ 12.671008311335504, 54.415937593659919 ] ] ], [ [ [ 12.643082982373873, 54.4205897399736 ], [ 12.636888102772224, 54.416270636984969 ], [ 12.637178303794341, 54.423284798608329 ], [ 12.643082982373873, 54.4205897399736 ] ] ], [ [ [ 12.697519880290669, 54.429974101068758 ], [ 12.724080534179194, 54.425373419793289 ], [ 12.730906878093176, 54.416364968753498 ], [ 12.676708229839086, 54.416210755771267 ], [ 12.697519880290669, 54.429974101068758 ] ] ], [ [ [ 12.725786004998094, 54.427434017579984 ], [ 12.723178793599976, 54.429438018277764 ], [ 12.724624592693942, 54.429690946238679 ], [ 12.725786004998094, 54.427434017579984 ] ] ], [ [ [ 12.929686819738658, 54.430154295819449 ], [ 12.927636225659862, 54.429991694682769 ], [ 12.923224697040718, 54.433038820412882 ], [ 12.929686819738658, 54.430154295819449 ] ] ], [ [ [ 12.93002725430871, 54.443060531400704 ], [ 12.960567522824569, 54.437220797915451 ], [ 12.923932428745392, 54.434793277562392 ], [ 12.93002725430871, 54.443060531400704 ] ] ], [ [ [ 12.970146868337373, 54.436421685985351 ], [ 12.968505349173444, 54.439667978248806 ], [ 12.971534229009993, 54.440477778753895 ], [ 12.970146868337373, 54.436421685985351 ] ] ], [ [ [ 12.980370165901206, 54.442452520919097 ], [ 12.981376404843168, 54.437480302438068 ], [ 12.973533818532285, 54.441488086754063 ], [ 12.980370165901206, 54.442452520919097 ] ] ], [ [ [ 12.98741019451985, 54.444633207023116 ], [ 12.989332209188055, 54.444024893280982 ], [ 12.987450056867987, 54.443634238648613 ], [ 12.98741019451985, 54.444633207023116 ] ] ], [ [ [ 13.362348541416338, 54.251142228251403 ], [ 13.358607415929322, 54.252768176261178 ], [ 13.364302100499678, 54.251211783788143 ], [ 13.362348541416338, 54.251142228251403 ] ] ], [ [ [ 13.389319896032157, 54.26424780059795 ], [ 13.390414560574627, 54.265306787911562 ], [ 13.391063319417146, 54.264806819228511 ], [ 13.389319896032157, 54.26424780059795 ] ] ], [ [ [ 13.125240940763344, 54.316118897667764 ], [ 13.120495006385843, 54.302713662583855 ], [ 13.112409380256576, 54.312648214409649 ], [ 13.125240940763344, 54.316118897667764 ] ] ], [ [ [ 13.542201346511041, 54.332406863851389 ], [ 13.528117790897257, 54.31845735013475 ], [ 13.521763101214034, 54.310217219197732 ], [ 13.518528205057214, 54.316262817614508 ], [ 13.542201346511041, 54.332406863851389 ] ] ], [ [ [ 13.217181631539093, 54.397703942337479 ], [ 13.211239031979899, 54.402025465135125 ], [ 13.219795718261329, 54.401895084152287 ], [ 13.217181631539093, 54.397703942337479 ] ] ], [ [ [ 13.123002704086506, 54.428857997232697 ], [ 13.117881803028441, 54.42671122293531 ], [ 13.116617763258024, 54.430844604233798 ], [ 13.123002704086506, 54.428857997232697 ] ] ], [ [ [ 13.050639949283532, 54.457846163026566 ], [ 13.041558353482998, 54.44243454688295 ], [ 12.974607070920058, 54.432792087614082 ], [ 12.97326338780757, 54.440403744487149 ], [ 12.984826788322419, 54.435854464750591 ], [ 13.050639949283532, 54.457846163026566 ] ] ], [ [ [ 13.436509623390629, 54.679963436307709 ], [ 13.377238393800495, 54.63555880781248 ], [ 13.422639676938623, 54.578980314948012 ], [ 13.460385652027774, 54.570627731359167 ], [ 13.634857260416819, 54.585467577739017 ], [ 13.67980860454232, 54.562485521425209 ], [ 13.669978040425077, 54.521628654176347 ], [ 13.577997761752268, 54.479614627227548 ], [ 13.571453851040589, 54.454007969686018 ], [ 13.613370271827902, 54.403373481360028 ], [ 13.672937239227148, 54.401201085624109 ], [ 13.767270058020177, 54.340797867293936 ], [ 13.721337751132557, 54.314649978628033 ], [ 13.707661432572657, 54.26874385772355 ], [ 13.683837409659846, 54.283446855150657 ], [ 13.709469868482874, 54.279912294041907 ], [ 13.702217861996198, 54.295629685085885 ], [ 13.661703823175378, 54.287524769993283 ], [ 13.645403995400134, 54.297560690299861 ], [ 13.704135064124756, 54.326076240614441 ], [ 13.609628077797955, 54.316988624919759 ], [ 13.682148615638067, 54.349891967011338 ], [ 13.614821609151177, 54.33018139248383 ], [ 13.57752062743622, 54.353063366983079 ], [ 13.550763945944286, 54.339687292570467 ], [ 13.454625573916681, 54.336092718214076 ], [ 13.461909342120173, 54.316406662684066 ], [ 13.419602258743476, 54.302788982205762 ], [ 13.386721412726432, 54.266561535296788 ], [ 13.390755696678378, 54.27945028578285 ], [ 13.350821423780927, 54.269835444191465 ], [ 13.357959283647048, 54.246677262372543 ], [ 13.369372168927416, 54.25417734576839 ], [ 13.364478088038847, 54.264103791693749 ], [ 13.417371900295784, 54.255824296900713 ], [ 13.424720026082497, 54.238545525537354 ], [ 13.393340919149331, 54.220929435294948 ], [ 13.290848628956759, 54.251283075006967 ], [ 13.321679407105977, 54.245662351993175 ], [ 13.336708765898736, 54.278561506663102 ], [ 13.309688215814985, 54.265702881126138 ], [ 13.321518896001434, 54.25807676040796 ], [ 13.268173001712478, 54.253729725210079 ], [ 13.217800846971647, 54.279308026607644 ], [ 13.215349814327624, 54.271373129177285 ], [ 13.199541891801813, 54.269918245179582 ], [ 13.192975340587495, 54.297090232279949 ], [ 13.141667486330952, 54.280924345091343 ], [ 13.154112257506259, 54.304642628650818 ], [ 13.18550131266009, 54.300019043470819 ], [ 13.11424215194636, 54.341499355452754 ], [ 13.129931725846408, 54.372092737021227 ], [ 13.220442548546179, 54.367729153246799 ], [ 13.262307086429155, 54.38359654614446 ], [ 13.2376202141931, 54.386686605357035 ], [ 13.229841035607647, 54.401916437901079 ], [ 13.254837850338571, 54.405710724226942 ], [ 13.2324038336744, 54.403772002421093 ], [ 13.211861744700647, 54.429944075204659 ], [ 13.149689136242978, 54.422937688211029 ], [ 13.170586190626588, 54.45372846224771 ], [ 13.199987703186295, 54.448025575721374 ], [ 13.270131135588642, 54.48017347229235 ], [ 13.228588370162454, 54.485442191544173 ], [ 13.23137632541267, 54.510898019580594 ], [ 13.170685140843734, 54.507832826664306 ], [ 13.144180806651873, 54.546965664818423 ], [ 13.243706167346073, 54.555567903993143 ], [ 13.289417088157862, 54.54163532438433 ], [ 13.304904764147826, 54.514116893670142 ], [ 13.312115824745991, 54.524423824022968 ], [ 13.297227362515347, 54.552434453305104 ], [ 13.368973991126586, 54.578919659998206 ], [ 13.336091572042656, 54.548501656986673 ], [ 13.361436902575608, 54.543382391510598 ], [ 13.344493904557154, 54.521397602089586 ], [ 13.387669796410275, 54.531256599874723 ], [ 13.354363926488794, 54.547368492449564 ], [ 13.376176824291141, 54.559836998350562 ], [ 13.414581682277863, 54.519874953939727 ], [ 13.412582536459958, 54.493768654699387 ], [ 13.450190316123233, 54.471836205665561 ], [ 13.500801199962853, 54.482289794536264 ], [ 13.470800935117731, 54.454042763280434 ], [ 13.514034758357457, 54.443191610494786 ], [ 13.483467669045591, 54.442865189477295 ], [ 13.476252417420532, 54.4245790001195 ], [ 13.541250549010133, 54.41932997528307 ], [ 13.519701837224419, 54.431711035971695 ], [ 13.55716212329048, 54.43853918570079 ], [ 13.523993894639684, 54.448035205640075 ], [ 13.548059858073966, 54.474868390233212 ], [ 13.506383519968914, 54.477066298340475 ], [ 13.500039326266938, 54.489283607919752 ], [ 13.514186367368033, 54.526871270896613 ], [ 13.491254224642832, 54.558827017085299 ], [ 13.511133452701536, 54.566114026693647 ], [ 13.484938042214475, 54.558713021171663 ], [ 13.490403389552, 54.550818510672187 ], [ 13.446130971881155, 54.551601258709972 ], [ 13.385335252723166, 54.580725640877645 ], [ 13.368071411391082, 54.614697461170429 ], [ 13.332396506307681, 54.581940744466152 ], [ 13.245451284689228, 54.557832648408954 ], [ 13.282402625751745, 54.645704517899652 ], [ 13.22709691864492, 54.625154945543471 ], [ 13.237939060140443, 54.594187411159865 ], [ 13.160936899358767, 54.559083360280546 ], [ 13.214809043878054, 54.595551910226028 ], [ 13.219878455418472, 54.640779086929911 ], [ 13.250612882329429, 54.660459153711763 ], [ 13.375973455174488, 54.683756656668322 ], [ 13.436509623390629, 54.679963436307709 ] ] ], [ [ [ 13.199219674506391, 54.461704176160694 ], [ 13.202715214298198, 54.461364595038276 ], [ 13.198665217575172, 54.457295961708148 ], [ 13.199219674506391, 54.461704176160694 ] ] ], [ [ [ 13.211049557146623, 54.465364129905659 ], [ 13.210347675201895, 54.463641107073492 ], [ 13.209070696376353, 54.46438219117524 ], [ 13.211049557146623, 54.465364129905659 ] ] ], [ [ [ 13.206325503660134, 54.466673340741174 ], [ 13.204268691493882, 54.465313970359105 ], [ 13.203811457119876, 54.465872702964063 ], [ 13.206325503660134, 54.466673340741174 ] ] ], [ [ [ 13.19023535103149, 54.493281481328701 ], [ 13.224841600202693, 54.486606936782948 ], [ 13.225492598258644, 54.470677827222218 ], [ 13.187379361730535, 54.465613472280559 ], [ 13.121977111681785, 54.442490102156917 ], [ 13.143840869231298, 54.478261669300728 ], [ 13.19023535103149, 54.493281481328701 ] ] ], [ [ [ 13.213227299172921, 54.467059034531871 ], [ 13.222824706609245, 54.46500956315171 ], [ 13.213472513041118, 54.464688940937556 ], [ 13.213227299172921, 54.467059034531871 ] ] ], [ [ [ 13.080708557172199, 54.474518092285699 ], [ 13.081820977215559, 54.476999074429571 ], [ 13.083162138555869, 54.476630640672546 ], [ 13.080708557172199, 54.474518092285699 ] ] ], [ [ [ 13.155095315458924, 54.507124747181194 ], [ 13.169080450037912, 54.505630572982241 ], [ 13.16435239293166, 54.502071205055969 ], [ 13.155095315458924, 54.507124747181194 ] ] ], [ [ [ 13.097973357301388, 54.590620823732188 ], [ 13.146787183735057, 54.603354278668107 ], [ 13.148318143631483, 54.593198965089655 ], [ 13.157314248748664, 54.579151205282557 ], [ 13.157957929903151, 54.573719408484607 ], [ 13.141350675085318, 54.598848207228528 ], [ 13.111421834713932, 54.584668503319868 ], [ 13.11674671504475, 54.537663903156371 ], [ 13.084632444388932, 54.51916063280099 ], [ 13.064240107913411, 54.457861031667314 ], [ 13.097973357301388, 54.590620823732188 ] ] ], [ [ [ 13.12511676275998, 54.54402660970117 ], [ 13.119057116731549, 54.538794491494798 ], [ 13.123321462107496, 54.549838730599397 ], [ 13.12511676275998, 54.54402660970117 ] ] ], [ [ [ 13.301046809446973, 54.540967646412369 ], [ 13.300818084590798, 54.538788768271033 ], [ 13.302844394794025, 54.537545048400581 ], [ 13.298631157510162, 54.539098648760827 ], [ 13.29990560875016, 54.540876046910171 ], [ 13.301046809446973, 54.540967646412369 ] ] ] ] } },
{ "type": "Feature", "properties": { "ags": "13074" }, "geometry": { "type": "MultiPolygon", "coordinates": [ [ [ [ 11.51945559161982, 54.031044049161004 ], [ 11.579747384084339, 54.018868962876084 ], [ 11.58725024923331, 53.986559378797658 ], [ 11.657718105916603, 53.985220905733819 ], [ 11.674387864995035, 53.936105801199147 ], [ 11.69771837172633, 53.95383118681675 ], [ 11.747869477563473, 53.959236630556433 ], [ 11.745979904991994, 53.973896013630672 ], [ 11.804923484125581, 53.966221102550683 ], [ 11.79839619881642, 53.891404636123276 ], [ 11.761256405889432, 53.87297608650789 ], [ 11.778601883993449, 53.862712745740552 ], [ 11.756477142217401, 53.825580303256565 ], [ 11.799869848726768, 53.819072291378994 ], [ 11.807868712064986, 53.78872358476989 ], [ 11.797349778173409, 53.770782583285055 ], [ 11.764758640513485, 53.765682900898078 ], [ 11.716582222214896, 53.797060022041116 ], [ 11.696820914294143, 53.77735977492226 ], [ 11.667797425908685, 53.784748231978242 ], [ 11.662107809737879, 53.759028412592016 ], [ 11.643524241621623, 53.777138130376535 ], [ 11.606647769867271, 53.758870344522443 ], [ 11.522089856285438, 53.760658064765877 ], [ 11.525774381467391, 53.778068191543447 ], [ 11.495145912392672, 53.771336387501755 ], [ 11.48525528701731, 53.690353682848404 ], [ 11.411729555548737, 53.68681331476504 ], [ 11.364043724524342, 53.667850929026507 ], [ 11.341862535252584, 53.677383396076827 ], [ 11.27926543212129, 53.648797659446046 ], [ 11.307185049382944, 53.634475111301263 ], [ 11.293647797821427, 53.620823598778372 ], [ 11.316897939060238, 53.621228731044866 ], [ 11.298796711469663, 53.592431081015128 ], [ 11.240720940434418, 53.588106556765517 ], [ 11.240447653250824, 53.601445382611558 ], [ 11.206908050032101, 53.60114083660671 ], [ 11.198489458525035, 53.580725434323043 ], [ 11.145820266959998, 53.566436718292131 ], [ 11.148178569530852, 53.587256355557052 ], [ 11.114974810123069, 53.588728996791545 ], [ 11.102329057922679, 53.605864121769258 ], [ 11.0097861508435, 53.603065780261865 ], [ 11.013267574055636, 53.619901207865325 ], [ 10.951918721882521, 53.647622283425058 ], [ 10.922141996839164, 53.699468972512001 ], [ 10.850943712321097, 53.700124929107574 ], [ 10.805916825757294, 53.739209829549424 ], [ 10.758032962073147, 53.747517469401025 ], [ 10.773251827922387, 53.792387420027886 ], [ 10.747711196033762, 53.851510960148325 ], [ 10.882571899398666, 53.924497446617011 ], [ 10.911293636342148, 53.915225583147823 ], [ 10.911023570504812, 53.897952454980299 ], [ 10.96706460991912, 53.907204863950966 ], [ 10.898440464510299, 53.922309824387533 ], [ 10.895583600928363, 53.934454474621148 ], [ 10.903661739309154, 53.956821902747706 ], [ 10.984628352468782, 53.98863154848231 ], [ 11.088398839467274, 54.013521799425575 ], [ 11.179984661485339, 54.015166311541513 ], [ 11.207202652645524, 53.988375364648547 ], [ 11.259721806388935, 53.983537474166305 ], [ 11.253911320966218, 53.937149083966318 ], [ 11.288720974256703, 53.931571072346017 ], [ 11.334459459549084, 53.958974819802144 ], [ 11.365038223533043, 53.935138861066761 ], [ 11.406836555860274, 53.935202413701262 ], [ 11.403606831641785, 53.921493210884293 ], [ 11.452965580242305, 53.89482221853352 ], [ 11.444713658279833, 53.911358526689412 ], [ 11.481989307722417, 53.928292839559759 ], [ 11.483296408043183, 53.967445802677318 ], [ 11.472802441582338, 53.970828413725357 ], [ 11.493927840211768, 53.970841956785229 ], [ 11.490512881448566, 53.993787289091607 ], [ 11.534008695476608, 54.019644392856698 ], [ 11.51945559161982, 54.031044049161004 ] ], [ [ 11.354702049265335, 53.680790737515224 ], [ 11.358852508134383, 53.677122964704992 ], [ 11.359044629352917, 53.680733736261892 ], [ 11.354702049265335, 53.680790737515224 ] ], [ [ 11.692145221637144, 53.791945152007763 ], [ 11.665750358117732, 53.793211492657051 ], [ 11.694149194266101, 53.782215674676934 ], [ 11.692145221637144, 53.791945152007763 ] ] ], [ [ [ 11.428764626180257, 53.943291517207733 ], [ 11.426799918477846, 53.937967516475815 ], [ 11.423290731830127, 53.942513246417249 ], [ 11.428764626180257, 53.943291517207733 ] ] ], [ [ [ 11.476962152992742, 53.963978006162677 ], [ 11.477147436555006, 53.961632068664429 ], [ 11.474799956676112, 53.963899859588544 ], [ 11.476962152992742, 53.963978006162677 ] ] ], [ [ [ 11.470315219813305, 53.966663340568964 ], [ 11.467271767125144, 53.967561624819155 ], [ 11.470645830146763, 53.968467088647706 ], [ 11.470315219813305, 53.966663340568964 ] ] ], [ [ [ 11.478240940072821, 54.023875841132721 ], [ 11.494001840662602, 54.006785619352513 ], [ 11.455957341828137, 53.957533453779071 ], [ 11.446154083876513, 53.997327697564636 ], [ 11.431768431906038, 53.961633453391421 ], [ 11.387085319839716, 53.966655748884541 ], [ 11.377670323379572, 53.996972557636511 ], [ 11.478240940072821, 54.023875841132721 ] ] ], [ [ [ 11.487475891454638, 54.026344740273082 ], [ 11.494789053224341, 54.024195284627169 ], [ 11.48803899892448, 54.024134799566163 ], [ 11.487475891454638, 54.026344740273082 ] ] ] ] } },
{ "type": "Feature", "properties": { "ags": "13075" }, "geometry": { "type": "MultiPolygon", "coordinates": [ [ [ [ 13.319395787426872, 54.193505914463039 ], [ 13.316391960081001, 54.160125498795132 ], [ 13.379002869695146, 54.177114090578577 ], [ 13.40605131814845, 54.169241831102823 ], [ 13.383266742666986, 54.143157438441179 ], [ 13.410551357789453, 54.156348431573498 ], [ 13.455995031473096, 54.092131535355136 ], [ 13.493070939065893, 54.083639126587435 ], [ 13.485988283081728, 54.122778051793894 ], [ 13.659294932691706, 54.145105298708309 ], [ 13.649284985274678, 54.153030305171612 ], [ 13.711817486391316, 54.168756342676829 ], [ 13.697389209471519, 54.148922907596557 ], [ 13.74906612860741, 54.139782874633255 ], [ 13.754606452372224, 54.120124223096362 ], [ 13.803993004719267, 54.097146166344245 ], [ 13.773806348986799, 54.059802089074047 ], [ 13.782645261168444, 54.047542937633544 ], [ 13.743604332088822, 54.028717429645788 ], [ 13.914106243528446, 53.921857460144636 ], [ 13.824876895020697, 53.877236613114512 ], [ 13.815710920784449, 53.843677546391746 ], [ 13.86776954799369, 53.835432499843023 ], [ 13.968770658013261, 53.77254659480176 ], [ 14.102732778951081, 53.739782123135406 ], [ 14.181202458196706, 53.735225093816943 ], [ 14.233120995713435, 53.761654087269093 ], [ 14.265917857957263, 53.749064389185712 ], [ 14.265678327094074, 53.7303462314702 ], [ 14.214806662376331, 53.703142806305017 ], [ 14.267276733509338, 53.698511213815813 ], [ 14.283681258715074, 53.682503983606672 ], [ 14.28384990422116, 53.634443074522125 ], [ 14.316948095383378, 53.618067049431055 ], [ 14.305766653585533, 53.543920940438696 ], [ 14.371281485791998, 53.456439552775954 ], [ 14.412381010201916, 53.329593365583833 ], [ 14.316569423181399, 53.312335549765145 ], [ 14.301854254773499, 53.286223613115538 ], [ 14.262188670877549, 53.276602364443022 ], [ 14.266048357632878, 53.259594854732633 ], [ 14.098817346212606, 53.261671917556995 ], [ 14.229338631744978, 53.365717289075853 ], [ 14.241790505772139, 53.422437259339247 ], [ 14.224661389441213, 53.43424798721221 ], [ 14.184256865347907, 53.422318452321306 ], [ 14.121843780679624, 53.441707624547377 ], [ 14.082223942750058, 53.410911705561929 ], [ 14.001216932051063, 53.434991564195961 ], [ 13.916373270928585, 53.422266272362023 ], [ 13.91821342779326, 53.455998470979566 ], [ 13.875591803327032, 53.473466197416847 ], [ 13.879268140325159, 53.504139957136125 ], [ 13.821728497874771, 53.518110339256999 ], [ 13.799667613209044, 53.558701519680895 ], [ 13.777657389175179, 53.513705338568755 ], [ 13.827102382027512, 53.498713707939345 ], [ 13.812079405668852, 53.483943984713264 ], [ 13.778939258389054, 53.474215231449691 ], [ 13.688538442459357, 53.488715228689578 ], [ 13.678589708297599, 53.535814024001908 ], [ 13.724512092880948, 53.544138283436965 ], [ 13.699058741835566, 53.591957262406915 ], [ 13.763255150667371, 53.615825056962869 ], [ 13.694268169765309, 53.65097927534319 ], [ 13.795998335525955, 53.685146100090599 ], [ 13.641539702838708, 53.704103689734517 ], [ 13.551895560365395, 53.695146629894097 ], [ 13.501502310920204, 53.743894451017283 ], [ 13.39375950609212, 53.762175697772172 ], [ 13.371841973306609, 53.748179502182751 ], [ 13.375101150972643, 53.767452415388831 ], [ 13.343501563598959, 53.787245427628186 ], [ 13.344001165295914, 53.803609954425873 ], [ 13.376628515464489, 53.799669904275532 ], [ 13.393448881288451, 53.815413782374684 ], [ 13.372178635272713, 53.848524122785179 ], [ 13.337550369871492, 53.849076788251708 ], [ 13.300618797671449, 53.810826263769947 ], [ 13.269701509088124, 53.818846467155133 ], [ 13.23453875439893, 53.80761527170479 ], [ 13.185718207206245, 53.835066669921297 ], [ 13.192280153381491, 53.89489824523627 ], [ 13.216272034038944, 53.908633209796569 ], [ 13.194584173300225, 53.930299764517748 ], [ 13.154599856317448, 53.944105969046397 ], [ 13.133050506967862, 53.931786668785307 ], [ 13.064399404015761, 53.954619091814607 ], [ 13.059236508881018, 53.970156999238633 ], [ 13.00203516312139, 53.975326465550182 ], [ 13.015443340265747, 53.993096998204514 ], [ 12.986923589964015, 54.003794462199799 ], [ 12.996555824801185, 54.016758790350245 ], [ 13.100034221429365, 54.039585386754858 ], [ 13.15745318715541, 54.021561130222274 ], [ 13.207742572680152, 54.034796918228224 ], [ 13.248403361242936, 54.067813145037277 ], [ 13.277763400662826, 54.063485327275252 ], [ 13.288914647770989, 54.072925593508195 ], [ 13.216512905883754, 54.117889667451742 ], [ 13.290637043341706, 54.133782974567623 ], [ 13.297988834184769, 54.178393525517095 ], [ 13.319395787426872, 54.193505914463039 ] ] ], [ [ [ 13.785388425131664, 54.053668114547477 ], [ 13.780285006628812, 54.055786129150341 ], [ 13.782315171804713, 54.059407589689094 ], [ 13.785388425131664, 54.053668114547477 ] ] ], [ [ [ 13.793842103166471, 54.107246494236684 ], [ 13.808750797230957, 54.100452506736907 ], [ 13.805152056910073, 54.094695480073597 ], [ 13.802708144051309, 54.102257718987623 ], [ 13.793842103166471, 54.107246494236684 ] ] ], [ [ [ 13.766515655835789, 54.126571178451307 ], [ 13.773558816355299, 54.117897534672018 ], [ 13.78998124051104, 54.108706878656811 ], [ 13.773034928568132, 54.112863752810377 ], [ 13.766515655835789, 54.126571178451307 ] ] ], [ [ [ 13.33434828960975, 54.170334842646938 ], [ 13.332301969516079, 54.168798099184762 ], [ 13.332044776545912, 54.169816278415823 ], [ 13.33434828960975, 54.170334842646938 ] ] ], [ [ [ 13.393618313765552, 54.181085989652793 ], [ 13.422576093982018, 54.168754627389092 ], [ 13.413458559076057, 54.160736574784323 ], [ 13.410209777154925, 54.159815733772511 ], [ 13.409262286879502, 54.16870509218937 ], [ 13.393618313765552, 54.181085989652793 ] ] ], [ [ [ 13.349675361244818, 54.176095767576371 ], [ 13.350474626025891, 54.177425787692073 ], [ 13.351558451119724, 54.175796036563511 ], [ 13.349675361244818, 54.176095767576371 ] ] ], [ [ [ 13.354684697728974, 54.179124546227847 ], [ 13.354748477327121, 54.181090827329463 ], [ 13.355381813390396, 54.181125102137607 ], [ 13.354684697728974, 54.179124546227847 ] ] ], [ [ [ 13.365334840178177, 54.18530443481464 ], [ 13.365356030977347, 54.18315324647088 ], [ 13.347367447008905, 54.181847324733226 ], [ 13.365334840178177, 54.18530443481464 ] ] ], [ [ [ 13.810711195162384, 54.178192987005801 ], [ 13.809679127920598, 54.175613415387673 ], [ 13.803244634044756, 54.177732925352728 ], [ 13.810711195162384, 54.178192987005801 ] ] ], [ [ [ 14.263061152943223, 53.710589882348138 ], [ 14.255408018297084, 53.70159213333995 ], [ 14.24868659692328, 53.704497311573228 ], [ 14.263061152943223, 53.710589882348138 ] ] ], [ [ [ 13.96071014210596, 53.941741381840529 ], [ 13.957911480101291, 53.943056316841073 ], [ 13.959469942873014, 53.943584049810909 ], [ 13.96071014210596, 53.941741381840529 ] ] ], [ [ [ 14.032775007989466, 53.944137600359582 ], [ 14.031825645873063, 53.946142925592078 ], [ 14.033945677154117, 53.946343578224877 ], [ 14.032775007989466, 53.944137600359582 ] ] ], [ [ [ 14.028817914829846, 53.947382293039752 ], [ 14.024222882107136, 53.950396119097036 ], [ 14.02491361024245, 53.951747053154719 ], [ 14.028817914829846, 53.947382293039752 ] ] ], [ [ [ 13.799406768843992, 54.17363337095972 ], [ 13.87471432932899, 54.100287576587903 ], [ 14.016216601668498, 54.05389185142149 ], [ 14.226321978929507, 53.928643443415069 ], [ 14.185314311737324, 53.914102426154621 ], [ 14.212300980383976, 53.900294722079856 ], [ 14.213077510175697, 53.86647963588041 ], [ 14.040923856532698, 53.874508389747092 ], [ 13.99098929160774, 53.848447055111876 ], [ 13.939010886712955, 53.843436697199685 ], [ 13.923313254768848, 53.852088239327294 ], [ 13.955056461850004, 53.860324056607752 ], [ 13.929839425322125, 53.875113017942631 ], [ 13.913487472971443, 53.843187170083013 ], [ 13.826150251714816, 53.849685183088077 ], [ 13.834142531835058, 53.871008404109951 ], [ 13.893418388125706, 53.877170678785276 ], [ 13.937972830853116, 53.908952639409883 ], [ 13.895136173102559, 53.966485734164891 ], [ 13.905954691779964, 53.989543337999443 ], [ 13.965029899770895, 53.989799816345261 ], [ 13.953037989688006, 53.934802614428328 ], [ 13.983681823389402, 53.962100303446576 ], [ 14.023295887833845, 53.96221410119044 ], [ 14.011792624463448, 53.949319617244576 ], [ 14.039345782670814, 53.940573680032536 ], [ 14.047417450745732, 54.001358544904015 ], [ 14.016437449765347, 54.021478391785223 ], [ 14.004361177557925, 54.010655354306849 ], [ 13.973258917131391, 54.063996631047878 ], [ 13.911190422837521, 54.063994332585658 ], [ 13.924067821890979, 54.035803733391575 ], [ 13.861586553406216, 53.999751715617677 ], [ 13.879676463928069, 54.040259843271414 ], [ 13.85894110291027, 54.048110807895036 ], [ 13.80128664477817, 54.018740707356407 ], [ 13.76991562191062, 54.019184121019279 ], [ 13.764304803888241, 54.029980662247539 ], [ 13.790568133503511, 54.048677186438667 ], [ 13.788091636012743, 54.05601212434965 ], [ 13.807036257818785, 54.07838374556767 ], [ 13.813839361617715, 54.107823259313335 ], [ 13.774831550153722, 54.120106015353556 ], [ 13.749296749063316, 54.158474574516077 ], [ 13.799406768843992, 54.17363337095972 ] ] ], [ [ [ 13.930371535973297, 54.031130582470141 ], [ 13.926382379063551, 54.016226667440669 ], [ 13.922170506846102, 54.016686988994778 ], [ 13.930371535973297, 54.031130582470141 ] ] ], [ [ [ 13.803773819948663, 54.085013213364121 ], [ 13.803824634593965, 54.083304918637154 ], [ 13.803894009299572, 54.079071254570472 ], [ 13.80208200087681, 54.082266350332354 ], [ 13.803773819948663, 54.085013213364121 ] ] ], [ [ [ 13.812269907000109, 54.173368898705583 ], [ 13.806358039281021, 54.172721873830206 ], [ 13.807132633471991, 54.174220259737517 ], [ 13.812269907000109, 54.173368898705583 ] ] ], [ [ [ 13.81187066080868, 54.174112502568491 ], [ 13.812341559873675, 54.175447694220821 ], [ 13.812532537401584, 54.174204259022048 ], [ 13.81187066080868, 54.174112502568491 ] ] ] ] } },
{ "type": "Feature", "properties": { "ags": "13076" }, "geometry": { "type": "MultiPolygon", "coordinates": [ [ [ [ 11.722116093230566, 53.794431174609024 ], [ 11.762832893452682, 53.778594133625361 ], [ 11.753352147032901, 53.768059045288226 ], [ 11.841539746629566, 53.763902956655961 ], [ 11.838103574733067, 53.751410502692572 ], [ 11.883156369704162, 53.736501112566124 ], [ 11.98378435256501, 53.74294001396111 ], [ 11.996376038299312, 53.734404724178539 ], [ 11.976188749469209, 53.724555315711434 ], [ 12.035344358605803, 53.713800343939468 ], [ 12.026506597280143, 53.692204446823453 ], [ 12.082212119005641, 53.647381302915726 ], [ 12.141137641797522, 53.635784714946013 ], [ 12.198859016582901, 53.642581401414212 ], [ 12.209192596641229, 53.603243911132942 ], [ 12.305615901320097, 53.567699696436954 ], [ 12.300701313708405, 53.498532081096009 ], [ 12.330679233007508, 53.478143840182803 ], [ 12.366413236152672, 53.479351722696919 ], [ 12.307877670149676, 53.44736881056366 ], [ 12.316090301458383, 53.390763778225647 ], [ 12.275145556779824, 53.378804240637429 ], [ 12.311847021776781, 53.366250733307254 ], [ 12.28980751074959, 53.354670964752138 ], [ 12.318425352357094, 53.357046687517951 ], [ 12.338837411417726, 53.341119134055084 ], [ 12.331751498319059, 53.318010891542848 ], [ 12.26020748245687, 53.32391218223384 ], [ 12.22943532995423, 53.358160531020467 ], [ 12.168560473218779, 53.339116978855081 ], [ 12.151951147202244, 53.36150523415084 ], [ 12.092089178230067, 53.344856408051385 ], [ 12.077546787092684, 53.369386812422135 ], [ 12.045284959456072, 53.370987643078756 ], [ 12.057339344660317, 53.349342097615157 ], [ 12.014610854885037, 53.334423599061736 ], [ 12.023639492447154, 53.304143085137433 ], [ 11.973857892608008, 53.299159487814848 ], [ 11.949458598808846, 53.271798109813851 ], [ 11.892603004819206, 53.278981128723771 ], [ 11.861746842390392, 53.248216918917088 ], [ 11.796067193777249, 53.25334819476025 ], [ 11.828893641475847, 53.228655023967228 ], [ 11.729017504379675, 53.217053515437776 ], [ 11.700389817614381, 53.244150013130088 ], [ 11.628762123286972, 53.242392499816056 ], [ 11.551317200404077, 53.208546744411478 ], [ 11.56946707060203, 53.166606374225232 ], [ 11.548510908528224, 53.130822532085418 ], [ 11.502223231883992, 53.121386089077774 ], [ 11.460835197935451, 53.140231222443582 ], [ 11.395627505023489, 53.140000238494721 ], [ 11.393767787829519, 53.110302570432047 ], [ 11.290417441977654, 53.116903462322099 ], [ 11.223380280389659, 53.143774422262027 ], [ 11.184573730258423, 53.136421154774617 ], [ 11.171861638595374, 53.1566442009334 ], [ 11.194111224753353, 53.181186027049741 ], [ 11.08014455717505, 53.220520731092734 ], [ 11.009455964300081, 53.281479224276879 ], [ 10.988000625337653, 53.333426507568959 ], [ 10.919361341518421, 53.348419644941835 ], [ 10.835805651314731, 53.304969544774686 ], [ 10.759653773420316, 53.329987156350917 ], [ 10.700692789979996, 53.370022806271628 ], [ 10.595046795164043, 53.363927553886427 ], [ 10.632308138974395, 53.454802927079228 ], [ 10.692973050001847, 53.455138095126323 ], [ 10.70166122787907, 53.478255416279389 ], [ 10.756012052582548, 53.483393583482311 ], [ 10.786431193445857, 53.510456593260841 ], [ 10.824333998583249, 53.513741231996974 ], [ 10.822819387931553, 53.574920166400361 ], [ 10.910398074296056, 53.571761121789493 ], [ 10.944968910888914, 53.646784892292942 ], [ 10.999589058884951, 53.634724894582313 ], [ 11.0097861508435, 53.603065780261865 ], [ 11.091968064356527, 53.608131691414336 ], [ 11.114974810123069, 53.588728996791545 ], [ 11.145657552392354, 53.589495906134317 ], [ 11.145820266959998, 53.566436718292131 ], [ 11.198489458525035, 53.580725434323043 ], [ 11.206908050032101, 53.60114083660671 ], [ 11.240447653250824, 53.601445382611558 ], [ 11.240720940434418, 53.588106556765517 ], [ 11.298796711469663, 53.592431081015128 ], [ 11.316897939060238, 53.621228731044866 ], [ 11.293647797821427, 53.620823598778372 ], [ 11.307185049382944, 53.634475111301263 ], [ 11.27926543212129, 53.648797659446046 ], [ 11.301566087255658, 53.652426656242341 ], [ 11.358633763684656, 53.624451065347394 ], [ 11.384086571711139, 53.54441173313036 ], [ 11.468564389013556, 53.552629598703078 ], [ 11.48055552330786, 53.562465067380231 ], [ 11.449948667407044, 53.573092563339749 ], [ 11.487708426478926, 53.579778838322397 ], [ 11.505555737491925, 53.606665596772743 ], [ 11.480110779372938, 53.676352033391197 ], [ 11.470383451314039, 53.684404129790536 ], [ 11.461167461872195, 53.678311961459961 ], [ 11.449474696131176, 53.680675485114193 ], [ 11.451345105584492, 53.692901038574931 ], [ 11.486365026034655, 53.691604872902531 ], [ 11.489419092640334, 53.766934720148555 ], [ 11.525774381467391, 53.778068191543447 ], [ 11.522089856285438, 53.760658064765877 ], [ 11.606647769867271, 53.758870344522443 ], [ 11.639859839234656, 53.777387473251252 ], [ 11.662107809737879, 53.759028412592016 ], [ 11.667797425908685, 53.784748231978242 ], [ 11.693704370266511, 53.776789092212404 ], [ 11.722116093230566, 53.794431174609024 ] ] ], [ [ [ 11.368201799629196, 53.618363764018767 ], [ 11.362824728868917, 53.621591368931355 ], [ 11.368820887856014, 53.619096255911245 ], [ 11.368201799629196, 53.618363764018767 ] ] ], [ [ [ 11.687142990171141, 53.793186224207552 ], [ 11.694149194266101, 53.782215674676934 ], [ 11.665750358117732, 53.793211492657051 ], [ 11.687142990171141, 53.793186224207552 ] ] ] ] } },
{ "type": "Feature", "properties": { "ags": "14511" }, "geometry": { "type": "Polygon", "coordinates": [ [ [ 12.890770484354521, 50.902516538971362 ], [ 12.921019730016482, 50.886255702401826 ], [ 12.989725025463985, 50.891708920257244 ], [ 12.980995512396587, 50.847890742216478 ], [ 13.048808352546024, 50.84129912757875 ], [ 13.053034750063764, 50.807148040026711 ], [ 13.020801062226747, 50.770230107421597 ], [ 12.990909895839399, 50.779377826431194 ], [ 12.980247560642194, 50.757555936315356 ], [ 12.947050858878676, 50.757366285697643 ], [ 12.927583292769599, 50.741296405388454 ], [ 12.880885492815397, 50.761728560132951 ], [ 12.88958120116888, 50.784892591138295 ], [ 12.871104466645637, 50.779834553565486 ], [ 12.840612171107507, 50.80202322943083 ], [ 12.782968785227743, 50.785834430905922 ], [ 12.768220851046369, 50.811923112575357 ], [ 12.727243256563366, 50.817532888300605 ], [ 12.738463463125299, 50.829244241116236 ], [ 12.776384897349072, 50.824887918186384 ], [ 12.836141387462796, 50.891271209621252 ], [ 12.890770484354521, 50.902516538971362 ] ] ] } },
{ "type": "Feature", "properties": { "ags": "14521" }, "geometry": { "type": "Polygon", "coordinates": [ [ [ 13.084364186653008, 50.78170829681936 ], [ 13.112751865155994, 50.792169394704302 ], [ 13.136353409720385, 50.769721056754697 ], [ 13.170053128431425, 50.783994434762292 ], [ 13.248458568639439, 50.776315241932203 ], [ 13.277949419155124, 50.763253136260197 ], [ 13.281225438931683, 50.738926752667631 ], [ 13.364216745992348, 50.75295887506266 ], [ 13.372375504484795, 50.713515497261305 ], [ 13.430395714928615, 50.664957365887275 ], [ 13.494182019975627, 50.653921903785339 ], [ 13.494155315661731, 50.624464663900532 ], [ 13.46287300606598, 50.601769680034927 ], [ 13.370982952443915, 50.650545895953101 ], [ 13.377699915784326, 50.627675093237727 ], [ 13.324732371250958, 50.608038624056846 ], [ 13.323678120683462, 50.581648634002988 ], [ 13.290912693726343, 50.575017645000855 ], [ 13.27877058640621, 50.592994899985001 ], [ 13.248438251174008, 50.592053332207634 ], [ 13.195270342372222, 50.503262870662191 ], [ 13.136736575374343, 50.506424497868316 ], [ 13.132671092680958, 50.518277971562526 ], [ 13.085345598665766, 50.500271364473775 ], [ 13.031745819662511, 50.509731803930826 ], [ 13.019865411592651, 50.446732350985563 ], [ 12.947972822874194, 50.404279660323645 ], [ 12.819380928442243, 50.459795315867659 ], [ 12.810618706498984, 50.431057057087436 ], [ 12.794929968612152, 50.449446887156689 ], [ 12.734613355723848, 50.432197954184325 ], [ 12.707056705584074, 50.397317462135767 ], [ 12.673121539013946, 50.41687581731189 ], [ 12.583778355277174, 50.407079221167123 ], [ 12.584032800087538, 50.423609732504119 ], [ 12.495636524493992, 50.467390819313373 ], [ 12.492944119664108, 50.492981922665351 ], [ 12.478706194985698, 50.485936601316432 ], [ 12.457726047648665, 50.502451354992459 ], [ 12.547736878119021, 50.561554578169897 ], [ 12.583661640094633, 50.553054019484691 ], [ 12.613686568456629, 50.5649921773716 ], [ 12.57588581711026, 50.580359197429267 ], [ 12.601078066289915, 50.617843817676501 ], [ 12.629448432727395, 50.617909517554786 ], [ 12.647026105167265, 50.640213818901074 ], [ 12.687122241222612, 50.628588225354108 ], [ 12.710910154953105, 50.642619257342766 ], [ 12.695890666644781, 50.655282745373668 ], [ 12.718768786105359, 50.688584344552993 ], [ 12.640276391605431, 50.714771583572265 ], [ 12.648506866305757, 50.728481337341925 ], [ 12.669161538918347, 50.725854951802248 ], [ 12.649684634852791, 50.753735472147127 ], [ 12.685930437529427, 50.75474967864352 ], [ 12.713360559219298, 50.738611125172156 ], [ 12.714030999417735, 50.771265300085133 ], [ 12.755720167852601, 50.771199687654523 ], [ 12.840612171107507, 50.80202322943083 ], [ 12.871104466645637, 50.779834553565486 ], [ 12.893671259215481, 50.782962748382886 ], [ 12.880885492815397, 50.761728560132951 ], [ 12.923546711020506, 50.741155867092765 ], [ 12.980247560642194, 50.757555936315356 ], [ 12.990909895839399, 50.779377826431194 ], [ 13.020801062226747, 50.770230107421597 ], [ 13.045361864453982, 50.806362350038562 ], [ 13.084364186653008, 50.78170829681936 ] ] ] } },
{ "type": "Feature", "properties": { "ags": "14522" }, "geometry": { "type": "Polygon", "coordinates": [ [ [ 13.183511586233552, 51.234662034430912 ], [ 13.207555032532445, 51.217443521072916 ], [ 13.192509121250579, 51.211694114180894 ], [ 13.21092279547676, 51.175737275098975 ], [ 13.256937330973866, 51.154472622861867 ], [ 13.250763579603284, 51.118333871080928 ], [ 13.226959530434828, 51.113481103014564 ], [ 13.22621612968298, 51.10261844036291 ], [ 13.251217257835481, 51.110877205797415 ], [ 13.259991976519128, 51.068488099773361 ], [ 13.242490210621664, 51.059861293434508 ], [ 13.266604962011105, 51.04929760919326 ], [ 13.228902073630715, 51.012560209477272 ], [ 13.365863142665713, 51.050825906020336 ], [ 13.441186827605208, 51.028923987895972 ], [ 13.430864394704749, 50.987628087271659 ], [ 13.476850487587074, 50.98458844096681 ], [ 13.428138776812949, 50.943547253125473 ], [ 13.455353400661314, 50.942291712076987 ], [ 13.459757361419834, 50.902025429111745 ], [ 13.515112854457762, 50.855984392984709 ], [ 13.504952883490823, 50.839435384860472 ], [ 13.576519887807255, 50.811075351890977 ], [ 13.554168705238949, 50.805542442104269 ], [ 13.551470727420977, 50.78215463838562 ], [ 13.599269582759565, 50.774171078346292 ], [ 13.652112380363512, 50.73155033498535 ], [ 13.602253180768596, 50.710058743202723 ], [ 13.525244630213717, 50.704411147462011 ], [ 13.544372939696682, 50.677447603025925 ], [ 13.513988762701146, 50.655766502465006 ], [ 13.51698829087027, 50.636307921873694 ], [ 13.430395714928615, 50.664957365887275 ], [ 13.370684409533078, 50.715304311250762 ], [ 13.364216745992348, 50.75295887506266 ], [ 13.281225438931683, 50.738926752667631 ], [ 13.277949419155124, 50.763253136260197 ], [ 13.248458568639439, 50.776315241932203 ], [ 13.170053128431425, 50.783994434762292 ], [ 13.136353409720385, 50.769721056754697 ], [ 13.112751865155994, 50.792169394704302 ], [ 13.085874434558155, 50.780599651147945 ], [ 13.039873684570663, 50.818464021076167 ], [ 13.048808352546024, 50.84129912757875 ], [ 12.980995512396587, 50.847890742216478 ], [ 12.989725025463985, 50.891708920257244 ], [ 12.921019730016482, 50.886255702401826 ], [ 12.869098931678856, 50.901850652493906 ], [ 12.777521305825372, 50.867003245829423 ], [ 12.73682625533484, 50.906987262805657 ], [ 12.693249263362668, 50.903109734146675 ], [ 12.624357315292507, 50.939709867279085 ], [ 12.617354750683466, 50.980792833971314 ], [ 12.686262404340281, 50.985136852639855 ], [ 12.706007094136828, 51.007113807486114 ], [ 12.731739416530981, 50.997920056674708 ], [ 12.744317639238375, 51.002566257901833 ], [ 12.711477185626993, 51.024790413253847 ], [ 12.743633267090967, 51.107556977343322 ], [ 12.800752399181361, 51.104959257322712 ], [ 12.813592909264463, 51.091445119254928 ], [ 12.892824068904833, 51.098579692200033 ], [ 12.891980609018299, 51.137584725639279 ], [ 12.849263368767836, 51.154375659508908 ], [ 12.901822840453766, 51.212819311254712 ], [ 12.982620180571148, 51.223232192763874 ], [ 13.031205891052528, 51.199688078513098 ], [ 13.05101687550726, 51.216197934340158 ], [ 13.109282400878934, 51.212824689859758 ], [ 13.103776897854367, 51.223219461413223 ], [ 13.183511586233552, 51.234662034430912 ] ] ] } },
{ "type": "Feature", "properties": { "ags": "14523" }, "geometry": { "type": "Polygon", "coordinates": [ [ [ 12.318916308361024, 50.676532475428594 ], [ 12.346206542476404, 50.664355099214234 ], [ 12.379412434083738, 50.675574997126297 ], [ 12.379874266787418, 50.657485423577661 ], [ 12.420956371776354, 50.638349951104907 ], [ 12.410043126989088, 50.621699606852587 ], [ 12.449252661037381, 50.605842574538499 ], [ 12.439223528973709, 50.561457792233732 ], [ 12.504831187658768, 50.56409009275972 ], [ 12.527747053536119, 50.546668830226992 ], [ 12.457726047648665, 50.502451354992459 ], [ 12.584032800087538, 50.423609732504119 ], [ 12.574848315777993, 50.403244152131414 ], [ 12.512047935090447, 50.397258169097569 ], [ 12.489306909756941, 50.349816617798716 ], [ 12.469426671947653, 50.354990385199599 ], [ 12.431200365806758, 50.322724048140586 ], [ 12.398015032482325, 50.32115327000934 ], [ 12.400566176636637, 50.295207711319513 ], [ 12.352117038395059, 50.261745871755103 ], [ 12.359299478811826, 50.242317840784466 ], [ 12.331084488784352, 50.242714049778279 ], [ 12.332641353725721, 50.171534964353164 ], [ 12.289803626290658, 50.176930076778575 ], [ 12.274669295266236, 50.196686970053136 ], [ 12.293877805561406, 50.22127014427182 ], [ 12.239627313488835, 50.246168906776418 ], [ 12.247539958212089, 50.257790203149575 ], [ 12.266036468551642, 50.250214620471979 ], [ 12.253703137680535, 50.271085892860995 ], [ 12.201456889546373, 50.272781759947058 ], [ 12.184453108117513, 50.322324716644147 ], [ 12.046851905846323, 50.32499865590016 ], [ 11.976043697625746, 50.352292686821571 ], [ 11.983943196670207, 50.388707134480832 ], [ 11.949376885024884, 50.39480853422176 ], [ 11.927800470544206, 50.432515234305896 ], [ 11.888509460832362, 50.443605912692675 ], [ 11.93189513119675, 50.464222766970209 ], [ 11.950797996100865, 50.454068977797021 ], [ 11.937693008720359, 50.471691943787313 ], [ 11.964228503792462, 50.486962600725029 ], [ 11.925251275492547, 50.526319102294231 ], [ 11.888217853029943, 50.516678641023084 ], [ 11.871462575441777, 50.53982273992839 ], [ 11.926010670435639, 50.556844269211481 ], [ 11.923565975835192, 50.585708032505131 ], [ 11.98674981909994, 50.609484847546327 ], [ 11.979268786050868, 50.621410178269258 ], [ 12.003938001263876, 50.634825460307447 ], [ 12.022117527875658, 50.625539822421764 ], [ 12.005481904203156, 50.612018677905525 ], [ 12.036137608518136, 50.593949880394376 ], [ 12.01753547817936, 50.567840790432129 ], [ 12.030271919513906, 50.549397786331703 ], [ 12.052068203024458, 50.550960982976918 ], [ 12.083594331674883, 50.578566738446781 ], [ 12.115772820499645, 50.5669483463737 ], [ 12.156024277349683, 50.573491525324187 ], [ 12.156092177382526, 50.585579084634666 ], [ 12.1101508538858, 50.58872004183177 ], [ 12.147222144548271, 50.606097919737309 ], [ 12.153639990096286, 50.630504994719615 ], [ 12.182766475444483, 50.612110601536571 ], [ 12.198197471033383, 50.641314809617029 ], [ 12.265518391367662, 50.630793341801535 ], [ 12.318916308361024, 50.676532475428594 ] ] ] } },
{ "type": "Feature", "properties": { "ags": "14524" }, "geometry": { "type": "Polygon", "coordinates": [ [ [ 12.652865739511745, 50.923677902121817 ], [ 12.69448686561169, 50.902789328999589 ], [ 12.73682625533484, 50.906987262805657 ], [ 12.777521305825372, 50.867003245829423 ], [ 12.805629802239634, 50.86441426848517 ], [ 12.776384897349072, 50.824887918186384 ], [ 12.738463463125299, 50.829244241116236 ], [ 12.727243256563366, 50.817532888300605 ], [ 12.768220851046369, 50.811923112575357 ], [ 12.778850566453613, 50.789606210149124 ], [ 12.755720167852601, 50.771199687654523 ], [ 12.714030999417735, 50.771265300085133 ], [ 12.713360559219298, 50.738611125172156 ], [ 12.685930437529427, 50.75474967864352 ], [ 12.649684634852791, 50.753735472147127 ], [ 12.669161538918347, 50.725854951802248 ], [ 12.648506866305757, 50.728481337341925 ], [ 12.640276391605431, 50.714771583572265 ], [ 12.718768786105359, 50.688584344552993 ], [ 12.695890666644781, 50.655282745373668 ], [ 12.710910154953105, 50.642619257342766 ], [ 12.687122241222612, 50.628588225354108 ], [ 12.647026105167265, 50.640213818901074 ], [ 12.629448432727395, 50.617909517554786 ], [ 12.589384217263945, 50.609298783485244 ], [ 12.57588581711026, 50.580359197429267 ], [ 12.615549504787287, 50.571817047029818 ], [ 12.604709582743224, 50.558324265926828 ], [ 12.547736878119021, 50.561554578169897 ], [ 12.527747053536119, 50.546668830226992 ], [ 12.504831187658768, 50.56409009275972 ], [ 12.439223528973709, 50.561457792233732 ], [ 12.449252661037381, 50.605842574538499 ], [ 12.410721771615012, 50.620995338152412 ], [ 12.423113728724768, 50.635055837391619 ], [ 12.379874266787418, 50.657485423577661 ], [ 12.379412434083738, 50.675574997126297 ], [ 12.341799535866784, 50.663921335297218 ], [ 12.318896252976831, 50.684003177435642 ], [ 12.274761805045131, 50.686117283864981 ], [ 12.253382117308663, 50.715704527561762 ], [ 12.273353181552011, 50.729573936734901 ], [ 12.226984633644856, 50.738218476658425 ], [ 12.240689734836129, 50.767240125612496 ], [ 12.26392092846687, 50.760456025864137 ], [ 12.29016081198009, 50.783427090775142 ], [ 12.253153656403677, 50.788834763061779 ], [ 12.242835374132357, 50.809060455743825 ], [ 12.25049531088963, 50.818537554960685 ], [ 12.284585335672325, 50.810612860559161 ], [ 12.291949888438914, 50.824587998357956 ], [ 12.299776927936707, 50.815553349756243 ], [ 12.298583556235794, 50.829900219776285 ], [ 12.306948010024877, 50.818763002280328 ], [ 12.347576712403486, 50.823631507198513 ], [ 12.374132736516076, 50.853249230684028 ], [ 12.442501815351502, 50.84402739384128 ], [ 12.459254288921443, 50.880448583396614 ], [ 12.521322394893149, 50.907598525590615 ], [ 12.640121044154341, 50.903073781967024 ], [ 12.652865739511745, 50.923677902121817 ] ] ] } },
{ "type": "Feature", "properties": { "ags": "14612" }, "geometry": { "type": "Polygon", "coordinates": [ [ [ 13.75597000278623, 51.176854184078088 ], [ 13.831393934566274, 51.145295980751662 ], [ 13.879261261675568, 51.154305804855404 ], [ 13.872291122902196, 51.127874391420804 ], [ 13.910946127379004, 51.094227505579397 ], [ 13.884058058515082, 51.072547347514302 ], [ 13.922886582114451, 51.059851239441983 ], [ 13.953129951630581, 51.073756267460048 ], [ 13.965601936032401, 51.061595741586615 ], [ 13.96296891227359, 51.031742600385847 ], [ 13.912080088147897, 51.016697848995932 ], [ 13.884460410823428, 50.982430573133705 ], [ 13.858468351328121, 50.992946773297476 ], [ 13.791905053187365, 50.977042009822704 ], [ 13.74167332348458, 51.007442644488407 ], [ 13.687858370922223, 51.002479776592253 ], [ 13.666352776749324, 51.036603770924387 ], [ 13.604290015379229, 51.031879472307956 ], [ 13.583403590385601, 51.044221854408505 ], [ 13.592586487992458, 51.094471223328028 ], [ 13.620488627033751, 51.102760861011888 ], [ 13.696951330411046, 51.090262778037562 ], [ 13.692311800967751, 51.112228022981824 ], [ 13.720829236536369, 51.140138210296314 ], [ 13.768587761040644, 51.144593474156551 ], [ 13.75597000278623, 51.176854184078088 ] ] ] } },
{ "type": "Feature", "properties": { "ags": "14625" }, "geometry": { "type": "Polygon", "coordinates": [ [ [ 14.45112648411877, 51.537831863348089 ], [ 14.44010300168984, 51.511623333483364 ], [ 14.472668330876262, 51.508690929595083 ], [ 14.483207900150111, 51.450699034650228 ], [ 14.522391684039572, 51.432317682843006 ], [ 14.488124708902731, 51.410699353249662 ], [ 14.457951014537688, 51.345929920648437 ], [ 14.476276843023317, 51.321424407087733 ], [ 14.509728091569883, 51.319987678540727 ], [ 14.524158335237335, 51.347542557777885 ], [ 14.544833905053357, 51.357193473286131 ], [ 14.533099146949459, 51.340387550325474 ], [ 14.564813787783342, 51.317351601799466 ], [ 14.594168568353703, 51.31936662614347 ], [ 14.600204333624323, 51.28832914714669 ], [ 14.623559429906226, 51.278570247759212 ], [ 14.613019018392997, 51.259963486970562 ], [ 14.636351453961241, 51.248859495292223 ], [ 14.620526301145757, 51.228917190632799 ], [ 14.649986422087936, 51.229975484130918 ], [ 14.648669809848723, 51.217892784366931 ], [ 14.683424921844935, 51.209995129691968 ], [ 14.672242366467687, 51.191046663481778 ], [ 14.69912042810839, 51.185244795868698 ], [ 14.682757964995526, 51.148676035128325 ], [ 14.655826807949074, 51.156378200114411 ], [ 14.641092898128317, 51.132372182838786 ], [ 14.606713244862123, 51.127305763851609 ], [ 14.61798697022841, 51.117646301976393 ], [ 14.575059888449168, 51.120260032352412 ], [ 14.584002267855722, 51.104952891657135 ], [ 14.557257311889293, 51.08071824490041 ], [ 14.475811889090952, 51.074152429617548 ], [ 14.492658359338105, 51.023403953333279 ], [ 14.453819731963806, 51.035893209306828 ], [ 14.408442123297348, 51.018771593056087 ], [ 14.361987043899317, 51.045425483948932 ], [ 14.335028379768513, 51.039693701015487 ], [ 14.320316909948341, 51.067854127271829 ], [ 14.278679623438208, 51.073823651955365 ], [ 14.253124647957828, 51.060243437922473 ], [ 14.204798517125312, 51.086428100694135 ], [ 14.164847537753694, 51.066547147427876 ], [ 14.132836886931621, 51.089871429927378 ], [ 14.101553671703314, 51.072590957060015 ], [ 14.051128278425981, 51.086252812605203 ], [ 14.036882316723499, 51.066778519521591 ], [ 13.967674349262829, 51.061020706355464 ], [ 13.953129951630581, 51.073756267460048 ], [ 13.922886582114451, 51.059851239441983 ], [ 13.884929688408301, 51.071954621499785 ], [ 13.910946127379004, 51.094227505579397 ], [ 13.872291122902196, 51.127874391420804 ], [ 13.879809910124226, 51.153974699190421 ], [ 13.831393934566274, 51.145295980751662 ], [ 13.765206433088796, 51.176001356996977 ], [ 13.794565906677063, 51.197702889650849 ], [ 13.760741443510842, 51.215419960484319 ], [ 13.812352785411496, 51.22983913035084 ], [ 13.796704803357091, 51.248131098331982 ], [ 13.826694401472032, 51.264610857103023 ], [ 13.803490673568659, 51.272346426853524 ], [ 13.817261359408244, 51.281945117535372 ], [ 13.7973903528351, 51.301670865528564 ], [ 13.825927564711927, 51.34093292545046 ], [ 13.855999896903572, 51.33705941167014 ], [ 13.833190693960971, 51.383838980344073 ], [ 13.882632643915519, 51.375066941992429 ], [ 13.961032275368954, 51.397187485879364 ], [ 13.970209088094391, 51.375840927930994 ], [ 14.000697255438091, 51.372595975120888 ], [ 14.003563735418677, 51.395611924681731 ], [ 14.028091219620546, 51.395935806818073 ], [ 14.015903684375456, 51.405137897463476 ], [ 14.062837103009757, 51.445505757986574 ], [ 14.033005724211675, 51.475102190597291 ], [ 14.087258362610577, 51.477396685012884 ], [ 14.073821671989069, 51.492667492158589 ], [ 14.107796744389949, 51.521760570939215 ], [ 14.142359250464128, 51.52280445391289 ], [ 14.136708930270126, 51.543308940328934 ], [ 14.274005493281004, 51.532130367226166 ], [ 14.332350139334411, 51.505018266744869 ], [ 14.387158462025605, 51.541770887910744 ], [ 14.45112648411877, 51.537831863348089 ] ] ] } },
{ "type": "Feature", "properties": { "ags": "14626" }, "geometry": { "type": "Polygon", "coordinates": [ [ [ 14.727189764685246, 51.575357859577025 ], [ 14.711240955642067, 51.56265530806678 ], [ 14.735763420235152, 51.525956162074692 ], [ 14.952464786737753, 51.468433165757425 ], [ 14.974216453103342, 51.441674023515176 ], [ 14.958283110922688, 51.395344703524948 ], [ 14.983740934702324, 51.373549580125591 ], [ 14.965243456685785, 51.361083307130386 ], [ 15.041789406414566, 51.274035237060644 ], [ 14.964696840363068, 51.05036209023929 ], [ 14.896553479778101, 50.940641686755534 ], [ 14.820431629998454, 50.886254027455692 ], [ 14.792876943008338, 50.819947400857124 ], [ 14.722323036634577, 50.822081556370968 ], [ 14.708706571652961, 50.840888949957233 ], [ 14.618868456550794, 50.857710303361472 ], [ 14.650215417895929, 50.931534574322619 ], [ 14.56481075236354, 50.918352966619942 ], [ 14.599177546070612, 50.98711100820644 ], [ 14.564531188432808, 51.010137715682816 ], [ 14.534698161598895, 51.003714242889792 ], [ 14.498557612732153, 51.022058893883099 ], [ 14.50821195595012, 51.043154601677017 ], [ 14.473192668147943, 51.070132935229971 ], [ 14.558579430838053, 51.081275976698151 ], [ 14.584002267855722, 51.104952891657135 ], [ 14.575059888449168, 51.120260032352412 ], [ 14.61798697022841, 51.117646301976393 ], [ 14.606713244862123, 51.127305763851609 ], [ 14.641092898128317, 51.132372182838786 ], [ 14.655826807949074, 51.156378200114411 ], [ 14.682757964995526, 51.148676035128325 ], [ 14.69912042810839, 51.185244795868698 ], [ 14.672242366467687, 51.191046663481778 ], [ 14.683424921844935, 51.209995129691968 ], [ 14.648669809848723, 51.217892784366931 ], [ 14.649986422087936, 51.229975484130918 ], [ 14.620526301145757, 51.228917190632799 ], [ 14.636285539534171, 51.243644273517951 ], [ 14.613019018392997, 51.259963486970562 ], [ 14.623559429906226, 51.278570247759212 ], [ 14.600204333624323, 51.28832914714669 ], [ 14.594168568353703, 51.31936662614347 ], [ 14.564813787783342, 51.317351601799466 ], [ 14.533099146949459, 51.340387550325474 ], [ 14.544833905053357, 51.357193473286131 ], [ 14.509728091569883, 51.319987678540727 ], [ 14.472599567840874, 51.323801591685914 ], [ 14.458585369631775, 51.348620502759971 ], [ 14.488124708902731, 51.410699353249662 ], [ 14.522391684039572, 51.432317682843006 ], [ 14.483207900150111, 51.450699034650228 ], [ 14.472668330876262, 51.508690929595083 ], [ 14.44010300168984, 51.511623333483364 ], [ 14.446735378566251, 51.552727612032236 ], [ 14.54098882100128, 51.560092358981535 ], [ 14.569635103704005, 51.581190484060862 ], [ 14.609886947527084, 51.550149787401843 ], [ 14.674012758966361, 51.550645360327856 ], [ 14.706451663593391, 51.576460170082257 ], [ 14.700173128109917, 51.597238185566688 ], [ 14.727189764685246, 51.575357859577025 ] ] ] } },
{ "type": "Feature", "properties": { "ags": "14627" }, "geometry": { "type": "Polygon", "coordinates": [ [ [ 13.401050430272413, 51.454171724700629 ], [ 13.421424947415378, 51.42150500604901 ], [ 13.445913131232549, 51.431449713286504 ], [ 13.463281914877863, 51.411753589394351 ], [ 13.521217776912838, 51.40205738993869 ], [ 13.542628170177945, 51.36931550655985 ], [ 13.569961776977221, 51.385666025784836 ], [ 13.594063134427662, 51.369356210732697 ], [ 13.668403737094366, 51.376126428448963 ], [ 13.739111251706646, 51.361202020063502 ], [ 13.757691732084197, 51.371494597971321 ], [ 13.763252568944536, 51.359020352109575 ], [ 13.835313220506439, 51.376790001152052 ], [ 13.856502501052306, 51.340008096717774 ], [ 13.825927564711927, 51.34093292545046 ], [ 13.7973903528351, 51.301670865528564 ], [ 13.817261359408244, 51.281945117535372 ], [ 13.803490673568659, 51.272346426853524 ], [ 13.826312730980787, 51.267080400732453 ], [ 13.796704803357091, 51.248131098331982 ], [ 13.812352785411496, 51.22983913035084 ], [ 13.760741443510842, 51.215419960484319 ], [ 13.794565906677063, 51.197702889650849 ], [ 13.76615528802871, 51.175210138973029 ], [ 13.743724291372748, 51.176915429630547 ], [ 13.768587761040644, 51.144593474156551 ], [ 13.720829236536369, 51.140138210296314 ], [ 13.692311800967751, 51.112228022981824 ], [ 13.696951330411046, 51.090262778037562 ], [ 13.617186315299852, 51.102362812492053 ], [ 13.563025539089432, 51.058798116334351 ], [ 13.484996131600941, 51.066611615155537 ], [ 13.432080115377548, 51.055158490136122 ], [ 13.42188558032958, 51.034199885333365 ], [ 13.365863142665713, 51.050825906020336 ], [ 13.276537892471397, 51.031035945349977 ], [ 13.236398138320448, 51.007303368613421 ], [ 13.26641962068126, 51.05145779761105 ], [ 13.242490210621664, 51.059861293434508 ], [ 13.259991976519128, 51.068488099773361 ], [ 13.251217257835481, 51.110877205797415 ], [ 13.226507459105132, 51.110664575553372 ], [ 13.250763579603284, 51.118333871080928 ], [ 13.257709912184723, 51.150384794036817 ], [ 13.21092279547676, 51.175737275098975 ], [ 13.192509121250579, 51.211694114180894 ], [ 13.207555032532445, 51.217443521072916 ], [ 13.194065686719018, 51.260681686203881 ], [ 13.216635542303223, 51.269181606232422 ], [ 13.211025737616538, 51.34332916590602 ], [ 13.191928741381082, 51.358530185755242 ], [ 13.208312228271689, 51.366922218229639 ], [ 13.182218513339549, 51.37770339498401 ], [ 13.199900864720085, 51.411319976064057 ], [ 13.268543250398757, 51.384793244300347 ], [ 13.259983529373942, 51.400399040401588 ], [ 13.286354588730116, 51.399288186254964 ], [ 13.328343606593286, 51.426642050277685 ], [ 13.320322813435718, 51.437500475335746 ], [ 13.376647808702346, 51.424611425139673 ], [ 13.401050430272413, 51.454171724700629 ] ] ] } },
{ "type": "Feature", "properties": { "ags": "14628" }, "geometry": { "type": "Polygon", "coordinates": [ [ [ 14.136261116228493, 51.086665889908964 ], [ 14.162015852832301, 51.06671719206043 ], [ 14.186454104479486, 51.087594839098408 ], [ 14.237465059351145, 51.078061735172668 ], [ 14.253124647957828, 51.060243437922473 ], [ 14.278679623438208, 51.073823651955365 ], [ 14.320316909948341, 51.067854127271829 ], [ 14.273792350671197, 51.039772120648777 ], [ 14.286314962577812, 51.026961949434444 ], [ 14.258647345836744, 50.987537518191537 ], [ 14.285774946454532, 50.976995713658326 ], [ 14.323554184654581, 50.98536365111385 ], [ 14.31170790029017, 50.953760439497159 ], [ 14.396728063416202, 50.93649067707846 ], [ 14.387635007689209, 50.899087979963603 ], [ 14.304845070857235, 50.883981089185404 ], [ 14.267504610902602, 50.895304533803788 ], [ 14.233150164047247, 50.887524028632676 ], [ 14.223292324553855, 50.859236712370581 ], [ 14.07837820942453, 50.812419931192977 ], [ 14.030664840576268, 50.804161801538562 ], [ 13.990311032813025, 50.820005030436221 ], [ 13.939180496142102, 50.789979008693685 ], [ 13.901054929569277, 50.79342943204022 ], [ 13.898190316718848, 50.744485655245263 ], [ 13.861777864276442, 50.742909350623435 ], [ 13.845461998955207, 50.725384803161191 ], [ 13.758341667750948, 50.735814605513163 ], [ 13.692313091530702, 50.718506494984169 ], [ 13.616977965926152, 50.748297533759228 ], [ 13.594994387299847, 50.776173712680098 ], [ 13.551470727420977, 50.78215463838562 ], [ 13.554168705238949, 50.805542442104269 ], [ 13.576519887807255, 50.811075351890977 ], [ 13.504952883490823, 50.839435384860472 ], [ 13.515112854457762, 50.855984392984709 ], [ 13.459757361419834, 50.902025429111745 ], [ 13.455353400661314, 50.942291712076987 ], [ 13.428138776812949, 50.943547253125473 ], [ 13.476850487587074, 50.98458844096681 ], [ 13.430864394704749, 50.987628087271659 ], [ 13.45016669301352, 51.021493315109609 ], [ 13.421380183597309, 51.032978941384116 ], [ 13.432080115377548, 51.055158490136122 ], [ 13.580317213999143, 51.064619268905005 ], [ 13.604290015379229, 51.031879472307956 ], [ 13.666352776749324, 51.036603770924387 ], [ 13.687858370922223, 51.002479776592253 ], [ 13.736742140384905, 51.008579465391861 ], [ 13.821277769055566, 50.975225828423703 ], [ 13.858468351328121, 50.992946773297476 ], [ 13.884460410823428, 50.982430573133705 ], [ 13.912080088147897, 51.016697848995932 ], [ 13.95799946572602, 51.02717034420413 ], [ 13.961488192669595, 51.061060407094935 ], [ 13.981366608219096, 51.068800423348385 ], [ 14.036882316723499, 51.066778519521591 ], [ 14.051128278425981, 51.086252812605203 ], [ 14.101553671703314, 51.072590957060015 ], [ 14.136261116228493, 51.086665889908964 ] ] ] } },
{ "type": "Feature", "properties": { "ags": "14713" }, "geometry": { "type": "Polygon", "coordinates": [ [ [ 12.441205146643389, 51.448066882469661 ], [ 12.488918019213838, 51.41768695450034 ], [ 12.457249687328147, 51.414591459452787 ], [ 12.466754914559013, 51.367974794520279 ], [ 12.526970423326336, 51.347779478255163 ], [ 12.542606998889328, 51.324072306199618 ], [ 12.538311098406336, 51.305876214744565 ], [ 12.505019087335119, 51.303320670483579 ], [ 12.49316182510046, 51.260291661249816 ], [ 12.448437465349542, 51.26848712520394 ], [ 12.447154396687017, 51.28261171166352 ], [ 12.390748467367214, 51.280025098876472 ], [ 12.350118519467964, 51.296360148588455 ], [ 12.3134462113834, 51.242853488241387 ], [ 12.25364954806583, 51.238535279502607 ], [ 12.250045231008556, 51.285975279847207 ], [ 12.280546841549203, 51.281325148631176 ], [ 12.23693607573197, 51.318988029957183 ], [ 12.259381300606824, 51.334631908849836 ], [ 12.237323986838719, 51.372380799637384 ], [ 12.267923796787251, 51.397072399873046 ], [ 12.249481655650115, 51.406324948737378 ], [ 12.264095992733477, 51.402989183354791 ], [ 12.268249964066991, 51.419772857695627 ], [ 12.39686160582046, 51.41779526359899 ], [ 12.442396018769513, 51.430587571970491 ], [ 12.441205146643389, 51.448066882469661 ] ] ] } },
{ "type": "Feature", "properties": { "ags": "14729" }, "geometry": { "type": "Polygon", "coordinates": [ [ [ 12.788588679769232, 51.468653376141468 ], [ 12.942434779687655, 51.412829304077675 ], [ 12.937816222410017, 51.394957779144612 ], [ 12.904672888339148, 51.399538456580856 ], [ 12.902483234971461, 51.385999850071705 ], [ 12.939247677931959, 51.360910393608954 ], [ 12.898453326677275, 51.347069153311345 ], [ 12.90788574934346, 51.322121275817587 ], [ 12.87010686057654, 51.306012616007997 ], [ 12.931577803840122, 51.261202791318098 ], [ 12.907139239263099, 51.229498739466194 ], [ 12.928456847614379, 51.215285394591497 ], [ 12.894095944921384, 51.208604736767853 ], [ 12.849263368767836, 51.154375659508908 ], [ 12.891980609018299, 51.137584725639279 ], [ 12.892824068904833, 51.098579692200033 ], [ 12.813592909264463, 51.091445119254928 ], [ 12.800752399181361, 51.104959257322712 ], [ 12.743633267090967, 51.107556977343322 ], [ 12.711477185626993, 51.024790413253847 ], [ 12.744317639238375, 51.002566257901833 ], [ 12.706007094136828, 51.007113807486114 ], [ 12.686262404340281, 50.985136852639855 ], [ 12.633655226295387, 50.978794549534882 ], [ 12.607533973537976, 50.996731763294427 ], [ 12.583807025809129, 50.981832936111395 ], [ 12.528349484637841, 50.998280329563286 ], [ 12.538852057260206, 51.024252035927937 ], [ 12.507388166626413, 51.017275888224297 ], [ 12.504459791386379, 51.060791019578268 ], [ 12.462914728372491, 51.066899802407967 ], [ 12.458382881000157, 51.084550711265209 ], [ 12.41044821610601, 51.072854818445535 ], [ 12.361026050418038, 51.079799734349137 ], [ 12.33382953270389, 51.103441487064551 ], [ 12.287814059645489, 51.090774522914792 ], [ 12.230358898841416, 51.103607495875451 ], [ 12.220555541179944, 51.123038934053533 ], [ 12.24163764106844, 51.1307046872532 ], [ 12.196192449510383, 51.141907463890561 ], [ 12.213084091007699, 51.183500389877068 ], [ 12.17484420751626, 51.181327314187762 ], [ 12.204741889859067, 51.214202472227761 ], [ 12.147653575376596, 51.31996708970135 ], [ 12.2448996347371, 51.347898020779688 ], [ 12.259381300606824, 51.334631908849836 ], [ 12.237627504867195, 51.317519880917914 ], [ 12.280546841549203, 51.281325148631176 ], [ 12.250045231008556, 51.285975279847207 ], [ 12.25364954806583, 51.238535279502607 ], [ 12.3134462113834, 51.242853488241387 ], [ 12.350118519467964, 51.296360148588455 ], [ 12.390748467367214, 51.280025098876472 ], [ 12.447154396687017, 51.28261171166352 ], [ 12.448437465349542, 51.26848712520394 ], [ 12.488012692828654, 51.257643045399277 ], [ 12.505019087335119, 51.303320670483579 ], [ 12.538311098406336, 51.305876214744565 ], [ 12.542606998889328, 51.324072306199618 ], [ 12.498738186896091, 51.360504681310957 ], [ 12.612294897331594, 51.382719164002197 ], [ 12.624146886704613, 51.408570995124549 ], [ 12.649650770416301, 51.404300069596637 ], [ 12.652436777348438, 51.444751647713176 ], [ 12.713746957564965, 51.445251926253803 ], [ 12.788588679769232, 51.468653376141468 ] ] ] } },
{ "type": "Feature", "properties": { "ags": "14730" }, "geometry": { "type": "Polygon", "coordinates": [ [ [ 12.84598482832328, 51.68354157213269 ], [ 12.865793810361708, 51.655026690823952 ], [ 12.889194796365244, 51.666883894766144 ], [ 12.897524743104681, 51.64742626624237 ], [ 12.942163596524681, 51.638005935311348 ], [ 12.97150257645044, 51.65024867293554 ], [ 12.966821293597659, 51.665664763274918 ], [ 12.996291835220662, 51.669247155070217 ], [ 13.02346707639628, 51.63730338362808 ], [ 13.051025246825633, 51.647677154471062 ], [ 13.086304094921102, 51.608135138520069 ], [ 13.121025347626629, 51.618887548870028 ], [ 13.16177226868286, 51.592148295408279 ], [ 13.143169244421641, 51.56746112863901 ], [ 13.185571758987424, 51.558075236286122 ], [ 13.207957036754388, 51.524352847024659 ], [ 13.201294464196783, 51.49171747883706 ], [ 13.182296591459652, 51.491959293636583 ], [ 13.203121685984055, 51.451013382376594 ], [ 13.17427675598525, 51.429398034507393 ], [ 13.199750456862724, 51.433225949842694 ], [ 13.210150053947595, 51.404736110936646 ], [ 13.199900864720085, 51.411319976064057 ], [ 13.182218513339549, 51.37770339498401 ], [ 13.206618261031366, 51.369176001964696 ], [ 13.191928741381082, 51.358530185755242 ], [ 13.211025737616538, 51.34332916590602 ], [ 13.198032598603801, 51.229889938576328 ], [ 13.05101687550726, 51.216197934340158 ], [ 13.031205891052528, 51.199688078513098 ], [ 12.991947608796101, 51.222070744691123 ], [ 12.913257226306976, 51.22091995765129 ], [ 12.931388462762184, 51.262782062998944 ], [ 12.87010686057654, 51.306012616007997 ], [ 12.90788574934346, 51.322121275817587 ], [ 12.898453326677275, 51.347069153311345 ], [ 12.939247677931959, 51.360910393608954 ], [ 12.902483234971461, 51.385999850071705 ], [ 12.904672888339148, 51.399538456580856 ], [ 12.937816222410017, 51.394957779144612 ], [ 12.942434779687655, 51.412829304077675 ], [ 12.795468403945373, 51.468474386401006 ], [ 12.713746957564965, 51.445251926253803 ], [ 12.652436777348438, 51.444751647713176 ], [ 12.649650770416301, 51.404300069596637 ], [ 12.624146886704613, 51.408570995124549 ], [ 12.612294897331594, 51.382719164002197 ], [ 12.498738186896091, 51.360504681310957 ], [ 12.466754914559013, 51.367974794520279 ], [ 12.458853670226061, 51.418794709188312 ], [ 12.493553994605387, 51.422360451854743 ], [ 12.471096505453799, 51.442475919843218 ], [ 12.441205146643389, 51.448066882469661 ], [ 12.442396018769513, 51.430587571970491 ], [ 12.39686160582046, 51.41779526359899 ], [ 12.268249964066991, 51.419772857695627 ], [ 12.240735697038275, 51.34504805278052 ], [ 12.193544532560052, 51.332518421580176 ], [ 12.189963637489498, 51.379450345896338 ], [ 12.17214385618461, 51.384157695303593 ], [ 12.189822025621659, 51.420853705370057 ], [ 12.157213532653701, 51.432710983419639 ], [ 12.148913400475447, 51.463106772362671 ], [ 12.203081768716444, 51.485141148592163 ], [ 12.192765744315455, 51.531298605587175 ], [ 12.241165545060248, 51.566134821797924 ], [ 12.293179328000649, 51.560557428802397 ], [ 12.336977040870101, 51.586227166849334 ], [ 12.425419164792899, 51.58213138019817 ], [ 12.443962410910602, 51.609870406926632 ], [ 12.486373584262692, 51.604277731481218 ], [ 12.482988089305083, 51.593184186786338 ], [ 12.624168776219852, 51.627984238916866 ], [ 12.608332218282095, 51.610602041776595 ], [ 12.649112655213743, 51.620446326209205 ], [ 12.68667561991167, 51.661992822582263 ], [ 12.772706245220974, 51.647509053207344 ], [ 12.84598482832328, 51.68354157213269 ] ] ] } },
{ "type": "Feature", "properties": { "ags": "15001" }, "geometry": { "type": "MultiPolygon", "coordinates": [ [ [ [ 12.27784191834342, 51.970262689304455 ], [ 12.279374909905203, 51.945441866024211 ], [ 12.30610960388305, 51.952102317078293 ], [ 12.3205938786445, 51.939986253456667 ], [ 12.320962324569129, 51.88815170675317 ], [ 12.283866205254711, 51.861441258068773 ], [ 12.318946421733283, 51.838827223767211 ], [ 12.306490972541317, 51.803869937569573 ], [ 12.341099441933316, 51.789623888448325 ], [ 12.346228103081517, 51.733887426401914 ], [ 12.305782556811611, 51.742762927127366 ], [ 12.282219431041304, 51.799711044420803 ], [ 12.268082524406482, 51.779856404932538 ], [ 12.240363680249329, 51.785656639888671 ], [ 12.228009981532862, 51.756763944911249 ], [ 12.112072377066751, 51.792392607054595 ], [ 12.138841187149682, 51.814632512064854 ], [ 12.14394389875722, 51.865831358527011 ], [ 12.113766261225884, 51.871396911100241 ], [ 12.121668172906965, 51.897760236477367 ], [ 12.184259868033859, 51.901629793209587 ], [ 12.155028857999147, 51.926914612158754 ], [ 12.209858628665877, 51.941350697742102 ], [ 12.207766590999251, 51.961607373665416 ], [ 12.27784191834342, 51.970262689304455 ] ] ], [ [ [ 12.122381363298047, 51.907152937674844 ], [ 12.116481114973945, 51.899540440551526 ], [ 12.119549820817532, 51.907704411439106 ], [ 12.122381363298047, 51.907152937674844 ] ] ] ] } },
{ "type": "Feature", "properties": { "ags": "15002" }, "geometry": { "type": "Polygon", "coordinates": [ [ [ 12.000170385001359, 51.543214032763366 ], [ 12.034593884692471, 51.497256839704903 ], [ 12.088435712606792, 51.491296813049125 ], [ 12.078516956471452, 51.474494706594534 ], [ 12.052888406695427, 51.475951384184889 ], [ 12.0089718459853, 51.402878119253018 ], [ 11.951572965880015, 51.408028239461089 ], [ 11.952165526476586, 51.432712747009013 ], [ 11.91506728174561, 51.442532204346307 ], [ 11.9234926232941, 51.461243652359833 ], [ 11.871915081292983, 51.474878977422868 ], [ 11.857053039065431, 51.514633810119172 ], [ 11.880837987160993, 51.534891077263715 ], [ 11.950282415140849, 51.526768626570231 ], [ 12.000170385001359, 51.543214032763366 ] ] ] } },
{ "type": "Feature", "properties": { "ags": "15003" }, "geometry": { "type": "Polygon", "coordinates": [ [ [ 11.674642059696552, 52.225751394733223 ], [ 11.724077162394765, 52.142061032326481 ], [ 11.718909900496394, 52.10439466572744 ], [ 11.763942794290115, 52.074482872451419 ], [ 11.733519187066415, 52.042217321948478 ], [ 11.694636912656117, 52.049974041812476 ], [ 11.647571516009872, 52.025594970253955 ], [ 11.599929051763947, 52.069738278100857 ], [ 11.543608955731628, 52.062118633594849 ], [ 11.518539727397576, 52.077693316309627 ], [ 11.561097827232924, 52.168266988797662 ], [ 11.64746361994359, 52.198511853011318 ], [ 11.637121427037163, 52.228420540992701 ], [ 11.674642059696552, 52.225751394733223 ] ] ] } },
{ "type": "Feature", "properties": { "ags": "15081" }, "geometry": { "type": "Polygon", "coordinates": [ [ [ 11.470061657070508, 52.938925627607667 ], [ 11.550519444925119, 52.921448012641825 ], [ 11.560446008242756, 52.935945666136249 ], [ 11.601649644633289, 52.902797108113639 ], [ 11.635555573040586, 52.899338158353608 ], [ 11.613202291631163, 52.881939379837348 ], [ 11.632135366565898, 52.860750680016395 ], [ 11.46881653171905, 52.841572408284215 ], [ 11.481008406288748, 52.814625233890936 ], [ 11.530623181972697, 52.814699563807608 ], [ 11.538411702810452, 52.801837635208493 ], [ 11.504526866555548, 52.786135224670922 ], [ 11.508814873219906, 52.769780051061012 ], [ 11.562265907950035, 52.764979177404221 ], [ 11.522526407142923, 52.742561576961393 ], [ 11.51624774294708, 52.70303882363897 ], [ 11.473987035958762, 52.687410090298201 ], [ 11.490796221410005, 52.652079620160258 ], [ 11.423466362918012, 52.642579012448117 ], [ 11.396533348662279, 52.622353205463533 ], [ 11.486926239698439, 52.602219864945752 ], [ 11.588438911198073, 52.616466077635707 ], [ 11.568959160246351, 52.524674069925233 ], [ 11.590536945368429, 52.520055918812879 ], [ 11.590069796348054, 52.488096407465626 ], [ 11.605163859372533, 52.493777861094195 ], [ 11.562372268962317, 52.410220968366161 ], [ 11.44667340963683, 52.386779200623607 ], [ 11.451427165347244, 52.407904624815437 ], [ 11.382031381619225, 52.430585556704507 ], [ 11.148310758728787, 52.433852957460765 ], [ 11.090441320699371, 52.455267265369315 ], [ 11.056980373748013, 52.50634583388387 ], [ 11.008781743756503, 52.496747644288781 ], [ 10.937575735870164, 52.567399651874304 ], [ 10.976967998411856, 52.624141616377585 ], [ 10.921411938390007, 52.610437080669989 ], [ 10.829703151028509, 52.716135163887891 ], [ 10.796696774502719, 52.714326356336052 ], [ 10.756855030904067, 52.819388319889647 ], [ 10.766691502514901, 52.842192358974195 ], [ 10.800553004631213, 52.850291811102856 ], [ 10.939633519320294, 52.853335509538091 ], [ 11.000490634312335, 52.911261022477966 ], [ 11.098675786009862, 52.912876686999979 ], [ 11.093187302345779, 52.899471422524663 ], [ 11.113148338557346, 52.895722138696932 ], [ 11.155257872345031, 52.906210566505194 ], [ 11.220645292823153, 52.897666354220931 ], [ 11.241125625309717, 52.879018250693647 ], [ 11.290662086206904, 52.889125660790491 ], [ 11.295410670670504, 52.874906896162543 ], [ 11.406577800680207, 52.904102198944493 ], [ 11.470061657070508, 52.938925627607667 ] ] ] } },
{ "type": "Feature", "properties": { "ags": "15082" }, "geometry": { "type": "MultiPolygon", "coordinates": [ [ [ [ 12.29029700065891, 52.101781827891131 ], [ 12.376122475236198, 52.045119281552914 ], [ 12.375935132349866, 52.022609732877264 ], [ 12.354539089198912, 52.026894663629662 ], [ 12.321729656501818, 51.999903706016674 ], [ 12.255463272592358, 51.987528414050772 ], [ 12.28126651988253, 51.970292466898236 ], [ 12.207766590999251, 51.961607373665416 ], [ 12.209858628665877, 51.941350697742102 ], [ 12.155028857999147, 51.926914612158754 ], [ 12.184259868033859, 51.901629793209587 ], [ 12.121668172906965, 51.897760236477367 ], [ 12.113766261225884, 51.871396911100241 ], [ 12.14394389875722, 51.865831358527011 ], [ 12.138841187149682, 51.814632512064854 ], [ 12.112072377066751, 51.792392607054595 ], [ 12.228009981532862, 51.756763944911249 ], [ 12.240363680249329, 51.785656639888671 ], [ 12.268082524406482, 51.779856404932538 ], [ 12.283466215396087, 51.799305368516301 ], [ 12.305782556811611, 51.742762927127366 ], [ 12.335906364644352, 51.733813962812526 ], [ 12.326477953394665, 51.717672128687504 ], [ 12.363907096519757, 51.706505919134116 ], [ 12.344747246848174, 51.703341636587787 ], [ 12.349381261327226, 51.684011704145071 ], [ 12.475557880883214, 51.702606560090587 ], [ 12.474375450817387, 51.682287938751301 ], [ 12.517055149156185, 51.660486540300553 ], [ 12.574072064791983, 51.66743284820744 ], [ 12.559681423092362, 51.637778534784232 ], [ 12.580262793190444, 51.626065333700957 ], [ 12.559979633201865, 51.60851910472487 ], [ 12.507006969343312, 51.608455554007136 ], [ 12.482988089305083, 51.593184186786338 ], [ 12.486373584262692, 51.604277731481218 ], [ 12.443128804582654, 51.609641145083948 ], [ 12.425419164792899, 51.58213138019817 ], [ 12.336977040870101, 51.586227166849334 ], [ 12.293179328000649, 51.560557428802397 ], [ 12.243210899849959, 51.566876045783438 ], [ 12.19893920351406, 51.531320477429702 ], [ 12.169271198696523, 51.549831876671071 ], [ 12.164302147761303, 51.581127549459083 ], [ 12.031751980957017, 51.590058196730411 ], [ 12.050064449350634, 51.611374027313197 ], [ 12.02686883353635, 51.621008873571341 ], [ 12.039511248501791, 51.643397646465978 ], [ 11.922834469390219, 51.645912863112031 ], [ 11.838237895133934, 51.683359387360333 ], [ 11.855025452030452, 51.739402640242737 ], [ 11.90429727134269, 51.763346772818473 ], [ 11.848957291762979, 51.779753018558679 ], [ 11.846703918960815, 51.797755138548339 ], [ 11.880954713349636, 51.81057960775717 ], [ 11.865575196282292, 51.853213790801284 ], [ 11.923195915725605, 51.879964432597951 ], [ 11.966878954057504, 51.867021806665321 ], [ 12.019763347411381, 51.875201231366844 ], [ 11.885070958516421, 51.977325181274836 ], [ 11.890805287641108, 52.001396343643876 ], [ 12.005978487206878, 52.030108258955316 ], [ 12.033470905443156, 52.064557252852339 ], [ 12.059504560994753, 52.05755310581079 ], [ 12.074610990527383, 52.07563612668887 ], [ 12.134230171384553, 52.069265288869417 ], [ 12.1848599190124, 52.078691654417661 ], [ 12.21285201437326, 52.102234353850015 ], [ 12.29029700065891, 52.101781827891131 ] ], [ [ 12.119666204298975, 51.899128174453253 ], [ 12.119549820817532, 51.907704411439106 ], [ 12.116481114973945, 51.899540440551526 ], [ 12.119666204298975, 51.899128174453253 ] ] ], [ [ [ 11.884637155519142, 51.863258699853482 ], [ 11.886930442838267, 51.866030030860429 ], [ 11.887541683232339, 51.864151496701666 ], [ 11.884637155519142, 51.863258699853482 ] ] ], [ [ [ 11.894455210059013, 51.869991265011713 ], [ 11.887954409328851, 51.874971196937672 ], [ 11.891953437520559, 51.874948205425838 ], [ 11.894455210059013, 51.869991265011713 ] ] ] ] } },
{ "type": "Feature", "properties": { "ags": "15083" }, "geometry": { "type": "Polygon", "coordinates": [ [ [ 11.061903267659604, 52.500495505016985 ], [ 11.090441320699371, 52.455267265369315 ], [ 11.148310758728787, 52.433852957460765 ], [ 11.382031381619225, 52.430585556704507 ], [ 11.451427165347244, 52.407904624815437 ], [ 11.44667340963683, 52.386779200623607 ], [ 11.562372268962317, 52.410220968366161 ], [ 11.58716238374064, 52.458694685410848 ], [ 11.643101445169174, 52.469850676983683 ], [ 11.700075882494657, 52.459159819573102 ], [ 11.732956926666908, 52.424379198982926 ], [ 11.71903454831488, 52.407811711758789 ], [ 11.782379819750112, 52.400233594995079 ], [ 11.773491240472101, 52.41818125719459 ], [ 11.795242457692732, 52.421529840198602 ], [ 11.840619072282687, 52.400968743122 ], [ 11.818099334835665, 52.372170246466517 ], [ 11.854530503372974, 52.356102488767618 ], [ 11.851885748744607, 52.331577999269932 ], [ 11.790749873550245, 52.35245271358653 ], [ 11.796602418654642, 52.323644049964777 ], [ 11.701092158638275, 52.241136014522901 ], [ 11.711850242743234, 52.203040417440249 ], [ 11.688786075397568, 52.198929314697608 ], [ 11.674642059696552, 52.225751394733223 ], [ 11.637121427037163, 52.228420540992701 ], [ 11.64746361994359, 52.198511853011318 ], [ 11.554239709130648, 52.158801165854342 ], [ 11.520904448151276, 52.067310191472615 ], [ 11.599929051763947, 52.069738278100857 ], [ 11.637069020441889, 52.030118236075609 ], [ 11.601475570638005, 52.019266343984789 ], [ 11.597357728752041, 51.965975864739143 ], [ 11.508839329076517, 51.962674848146584 ], [ 11.450496403590957, 51.988136530114154 ], [ 11.446834819895169, 52.0067869149077 ], [ 11.415712534121408, 52.00475640646129 ], [ 11.397537324076289, 51.979515725086202 ], [ 11.364996294748748, 51.979666618810072 ], [ 11.344921477319122, 51.96240407945411 ], [ 11.371281061461449, 51.933507772424782 ], [ 11.340847579811872, 51.901234231394952 ], [ 11.273981811517363, 51.908057511165353 ], [ 11.261621031963557, 51.893411148616572 ], [ 11.222389198572845, 51.919176509752155 ], [ 11.169868400258681, 51.920267701489642 ], [ 11.179586809558437, 51.960458412685611 ], [ 11.150013113936387, 51.968575610218934 ], [ 11.1538348678082, 52.001369948053963 ], [ 11.098086500019344, 52.003380979147011 ], [ 11.069545842397879, 52.037936449045432 ], [ 10.965685113070572, 52.055324939754243 ], [ 10.970652820031441, 52.086264941097511 ], [ 10.942159787218248, 52.103090282678536 ], [ 11.044135171035773, 52.133665502698015 ], [ 11.060336961081132, 52.17238740707274 ], [ 11.01783535583329, 52.179327584192137 ], [ 11.0136465886435, 52.19955618948736 ], [ 11.08624411860608, 52.228633836813948 ], [ 11.013800796668221, 52.286649048314644 ], [ 11.036015160262155, 52.310396037398277 ], [ 10.983673924729279, 52.341686460854056 ], [ 11.05747447846103, 52.350333144722988 ], [ 11.074479825283602, 52.374403263934902 ], [ 11.015160052561269, 52.388106805153463 ], [ 10.934492890866643, 52.475788024977554 ], [ 10.974840400945025, 52.501363347560996 ], [ 11.061903267659604, 52.500495505016985 ] ] ] } },
{ "type": "Feature", "properties": { "ags": "15084" }, "geometry": { "type": "MultiPolygon", "coordinates": [ [ [ [ 11.620938767078558, 51.315737220539376 ], [ 11.699240861124352, 51.26630080514277 ], [ 11.760089088562149, 51.283775996252579 ], [ 11.788036042258325, 51.26820202074444 ], [ 11.787720265146689, 51.247644097726592 ], [ 11.824201820775583, 51.238373844123785 ], [ 11.836555207523199, 51.248158926159206 ], [ 11.850332477428495, 51.235366911298073 ], [ 11.923525240351999, 51.236371847600637 ], [ 11.925616017164856, 51.270181680480299 ], [ 11.993641439919775, 51.281698918444334 ], [ 12.062008331521749, 51.287378805801382 ], [ 12.044879745945808, 51.262784895937756 ], [ 12.07509758969416, 51.248059400727435 ], [ 12.147636834573877, 51.278843671558015 ], [ 12.170904545460388, 51.275508528827594 ], [ 12.204741889859067, 51.214202472227761 ], [ 12.17484420751626, 51.181327314187762 ], [ 12.213084091007699, 51.183500389877068 ], [ 12.196192449510383, 51.141907463890561 ], [ 12.24163764106844, 51.1307046872532 ], [ 12.220555541179944, 51.123038934053533 ], [ 12.230358898841416, 51.103607495875451 ], [ 12.288279374018854, 51.088242432606592 ], [ 12.250268435404706, 51.037872890516674 ], [ 12.281377892339814, 51.040227762277908 ], [ 12.292990618999498, 51.021581695642801 ], [ 12.226699450816174, 50.943420317284257 ], [ 12.214416200027019, 50.938066154293956 ], [ 12.213818569007001, 50.958436087580459 ], [ 12.182508063308342, 50.975866044743938 ], [ 12.163529547200186, 50.958599778869839 ], [ 12.092157638903588, 50.976530486751841 ], [ 12.014126397712182, 50.968670854862594 ], [ 12.006571244336003, 50.991024145669122 ], [ 11.969873133171049, 50.994327731627727 ], [ 11.977137233063482, 51.016454897682536 ], [ 11.943066187500317, 51.032441163006624 ], [ 11.911895627369519, 51.028179286031012 ], [ 11.888807362003607, 51.055840433656343 ], [ 11.759689950869047, 51.042857854457189 ], [ 11.73229986259377, 51.068417155230804 ], [ 11.700810414219275, 51.069402564585815 ], [ 11.692382465459628, 51.099851597053188 ], [ 11.666950053732508, 51.110785476370019 ], [ 11.620212013915598, 51.097448661768105 ], [ 11.571659894846572, 51.119365123748082 ], [ 11.545642779559886, 51.102450367107046 ], [ 11.463361782330217, 51.112760380124726 ], [ 11.451004307445388, 51.146670131030895 ], [ 11.485548327935193, 51.168017347071036 ], [ 11.468567728785523, 51.192654104554627 ], [ 11.430948609888665, 51.212475797332218 ], [ 11.391420064083391, 51.20353329828972 ], [ 11.369101131803601, 51.230612099978522 ], [ 11.385374652153098, 51.245887061312168 ], [ 11.412632299473316, 51.241062032009182 ], [ 11.459877390414585, 51.294050302369804 ], [ 11.55147037111486, 51.275322975431976 ], [ 11.581376088526738, 51.305706944639645 ], [ 11.620938767078558, 51.315737220539376 ] ] ], [ [ [ 11.446614451026052, 51.198880347006806 ], [ 11.443948290647246, 51.197363244326411 ], [ 11.43938578409179, 51.19976639931992 ], [ 11.446614451026052, 51.198880347006806 ] ] ] ] } },
{ "type": "Feature", "properties": { "ags": "15085" }, "geometry": { "type": "Polygon", "coordinates": [ [ [ 10.945539825743795, 52.058810978018343 ], [ 11.069545842397879, 52.037936449045432 ], [ 11.098086500019344, 52.003380979147011 ], [ 11.1538348678082, 52.001369948053963 ], [ 11.150013113936387, 51.968575610218934 ], [ 11.179586809558437, 51.960458412685611 ], [ 11.160590375215433, 51.939821629565742 ], [ 11.174976430989926, 51.916906660687481 ], [ 11.19820830799142, 51.926221259930387 ], [ 11.261621031963557, 51.893411148616572 ], [ 11.273981811517363, 51.908057511165353 ], [ 11.339456284270735, 51.904644531420182 ], [ 11.334129566644449, 51.846549700046054 ], [ 11.293417044132894, 51.82917962356273 ], [ 11.266914567360036, 51.834572483133975 ], [ 11.239632230245356, 51.808251131387649 ], [ 11.273567183765598, 51.79475524187022 ], [ 11.297321648629248, 51.759332388606929 ], [ 11.326029014032837, 51.757903219764479 ], [ 11.346655435833, 51.778672915116545 ], [ 11.398091863486139, 51.770076101403866 ], [ 11.40887095814756, 51.750270389175498 ], [ 11.396027634542811, 51.699267533045372 ], [ 11.281480288858685, 51.645290237724844 ], [ 11.233743711557731, 51.642501413888859 ], [ 11.25240772877272, 51.609744068615576 ], [ 11.208982275612131, 51.587396237930619 ], [ 11.165968247709625, 51.595738600705687 ], [ 11.14109340431105, 51.567361673914036 ], [ 11.112347133246301, 51.578273526784216 ], [ 11.133972964215678, 51.577952406068135 ], [ 11.139408288651165, 51.584598616589098 ], [ 11.086558991930197, 51.60426074472538 ], [ 11.038268388013723, 51.593838860637781 ], [ 11.038824746063071, 51.607978865347455 ], [ 11.027120938297815, 51.591631031289793 ], [ 11.003970423358464, 51.590535599505024 ], [ 11.022469405029833, 51.599163811216386 ], [ 11.001366163237199, 51.601999244451157 ], [ 11.028672164889793, 51.602141037509909 ], [ 10.983084303627631, 51.612313433935057 ], [ 11.033911186369323, 51.602936146619392 ], [ 11.018639101497866, 51.627033793832339 ], [ 10.957112415898196, 51.633486385210283 ], [ 10.894001828000558, 51.610660648743789 ], [ 10.859091451041417, 51.632790366730475 ], [ 10.822567511926533, 51.623539572337535 ], [ 10.818215836049481, 51.639026431418699 ], [ 10.764511213997285, 51.649008274115864 ], [ 10.696011080571727, 51.642988321878235 ], [ 10.670507134831441, 51.666912680495805 ], [ 10.668307288413342, 51.709908029654564 ], [ 10.626096715006643, 51.759016894872182 ], [ 10.581520144483772, 51.780005547962233 ], [ 10.579100529358996, 51.84825725390747 ], [ 10.65043715980954, 51.891302686627505 ], [ 10.613260483240843, 51.939467872078126 ], [ 10.651303745510667, 51.957561076774738 ], [ 10.619941215749629, 51.957678619517097 ], [ 10.561226988285673, 52.00406593876621 ], [ 10.626019658848618, 52.008197846791809 ], [ 10.655491985771308, 52.024686616221466 ], [ 10.64788665640094, 52.041720814409665 ], [ 10.687385236742124, 52.048138205316612 ], [ 10.945539825743795, 52.058810978018343 ] ] ] } },
{ "type": "Feature", "properties": { "ags": "15086" }, "geometry": { "type": "Polygon", "coordinates": [ [ [ 11.994084928120223, 52.518607037905291 ], [ 12.074836973388292, 52.540299437502952 ], [ 12.112495717702725, 52.506574865632857 ], [ 12.141452890278655, 52.514378237504538 ], [ 12.201061612439569, 52.497243313301702 ], [ 12.235559416387606, 52.523781831046229 ], [ 12.271445311147293, 52.487480836663991 ], [ 12.330383932695749, 52.496367316638576 ], [ 12.309361242667681, 52.486264841067175 ], [ 12.330781528408096, 52.478555663476989 ], [ 12.296989636400816, 52.423778078333555 ], [ 12.274469663818675, 52.4160618905996 ], [ 12.302325983993331, 52.405012810983351 ], [ 12.305989507797596, 52.377433241919888 ], [ 12.283811381181433, 52.364254544769402 ], [ 12.308127561992308, 52.344696530768537 ], [ 12.244648068699608, 52.248438172645578 ], [ 12.297276877849889, 52.227545378899798 ], [ 12.24892105857009, 52.211737239328748 ], [ 12.248291792066825, 52.184222873058893 ], [ 12.216783135955936, 52.170068598858606 ], [ 12.276724288137565, 52.10401797830648 ], [ 12.21285201437326, 52.102234353850015 ], [ 12.1848599190124, 52.078691654417661 ], [ 12.135330395619521, 52.069412156496199 ], [ 12.078724451919022, 52.075941640467043 ], [ 12.059504560994753, 52.05755310581079 ], [ 12.033470905443156, 52.064557252852339 ], [ 12.005978487206878, 52.030108258955316 ], [ 11.896573880065844, 52.000807045453342 ], [ 11.836888287139907, 52.037504518342068 ], [ 11.847403958786625, 52.057564897837366 ], [ 11.765943011338944, 52.068880109792687 ], [ 11.744208136761509, 52.100774797443862 ], [ 11.721745977630642, 52.100137632352563 ], [ 11.724077162394765, 52.142061032326481 ], [ 11.687030990165823, 52.186746678054547 ], [ 11.713889598255301, 52.205925260205923 ], [ 11.702044941372812, 52.242799564410788 ], [ 11.75452520421787, 52.277810529723901 ], [ 11.76738975910825, 52.311325890602028 ], [ 11.801900298209787, 52.33392966327002 ], [ 11.846974776815397, 52.330364909779036 ], [ 11.894906559450034, 52.350872794197784 ], [ 11.991050276731213, 52.428941926295302 ], [ 12.001640974753531, 52.46242790933406 ], [ 11.959970189037634, 52.517767819025011 ], [ 11.988505563332666, 52.575736323229918 ], [ 11.994084928120223, 52.518607037905291 ] ], [ [ 12.279125022239883, 52.229417924744503 ], [ 12.281244456456719, 52.227434124369751 ], [ 12.286255987387115, 52.227458417044573 ], [ 12.279125022239883, 52.229417924744503 ] ], [ [ 12.264446158766161, 52.231713385711302 ], [ 12.273664258959982, 52.228779215180296 ], [ 12.275204044539848, 52.231050547642901 ], [ 12.264446158766161, 52.231713385711302 ] ] ] } },
{ "type": "Feature", "properties": { "ags": "15087" }, "geometry": { "type": "Polygon", "coordinates": [ [ [ 11.44350405440297, 51.71339221663785 ], [ 11.497756003627254, 51.716662987871757 ], [ 11.536955318606655, 51.685007861687552 ], [ 11.60461298345253, 51.701399789065228 ], [ 11.604471764074262, 51.664414139439685 ], [ 11.627566758761644, 51.652859680962372 ], [ 11.688621744747097, 51.650129099560246 ], [ 11.719763307173297, 51.629036767596901 ], [ 11.751612525549854, 51.633283355223782 ], [ 11.763658134146615, 51.609266608609587 ], [ 11.735069817402433, 51.606950800980712 ], [ 11.685664599535105, 51.569532818472844 ], [ 11.725434991001761, 51.532038047493586 ], [ 11.704062485560113, 51.501549110944666 ], [ 11.779756200523988, 51.465038267859292 ], [ 11.772292633639662, 51.440624578855065 ], [ 11.690308817818259, 51.423265547430638 ], [ 11.668677848525089, 51.451606639329036 ], [ 11.633215290454826, 51.461105658352551 ], [ 11.55285936205297, 51.441094482213707 ], [ 11.466066807193185, 51.375050548427865 ], [ 11.430263785667412, 51.367646608923408 ], [ 11.428868293383719, 51.339810139793094 ], [ 11.399437218286399, 51.344836154422275 ], [ 11.39325018802594, 51.383904447398002 ], [ 11.330795693172711, 51.390266388524722 ], [ 11.321259842673868, 51.410372346264424 ], [ 11.248506162256486, 51.395132825809476 ], [ 11.223882995868578, 51.413186151848862 ], [ 11.152934180823085, 51.401644323653883 ], [ 11.071476060826845, 51.428634518228655 ], [ 11.005265961159095, 51.416798470148322 ], [ 11.007920436456956, 51.429268919876677 ], [ 10.96673392545538, 51.432353205657236 ], [ 10.972943656213587, 51.481960930860225 ], [ 10.92733525895391, 51.520853700650015 ], [ 10.947971842413681, 51.537572878156809 ], [ 10.900496027626152, 51.550654698684397 ], [ 10.882051629030213, 51.580508085780508 ], [ 10.894476282358777, 51.601832901714388 ], [ 10.930538151044757, 51.591680932511537 ], [ 10.921695361588664, 51.62750157200162 ], [ 11.018639101497866, 51.627033793832339 ], [ 11.033911186369323, 51.602936146619392 ], [ 11.002972733637039, 51.616737633061113 ], [ 10.983084303627631, 51.612313433935057 ], [ 11.028672164889793, 51.602141037509909 ], [ 11.001366163237199, 51.601999244451157 ], [ 11.022469405029833, 51.599163811216386 ], [ 11.003970423358464, 51.590535599505024 ], [ 11.027120938297815, 51.591631031289793 ], [ 11.038824746063071, 51.607978865347455 ], [ 11.038268388013723, 51.593838860637781 ], [ 11.086558991930197, 51.60426074472538 ], [ 11.139408288651165, 51.584598616589098 ], [ 11.112347133246301, 51.578273526784216 ], [ 11.14109340431105, 51.567361673914036 ], [ 11.165968247709625, 51.595738600705687 ], [ 11.172673852567199, 51.589106936072646 ], [ 11.208982275612131, 51.587396237930619 ], [ 11.233887794981149, 51.596800694707454 ], [ 11.252790923444751, 51.61020045941688 ], [ 11.233743711557731, 51.642501413888859 ], [ 11.281480288858685, 51.645290237724844 ], [ 11.38160595481175, 51.691692710513898 ], [ 11.40161343190668, 51.729939635500479 ], [ 11.44350405440297, 51.71339221663785 ] ] ] } },
{ "type": "Feature", "properties": { "ags": "15088" }, "geometry": { "type": "MultiPolygon", "coordinates": [ [ [ [ 11.412042133528587, 51.342488390444821 ], [ 11.405664818759591, 51.340840924695776 ], [ 11.407570167515862, 51.344466522694127 ], [ 11.412042133528587, 51.342488390444821 ] ] ], [ [ [ 11.401749799513283, 51.355291407030286 ], [ 11.392966719527559, 51.354101569341168 ], [ 11.40060007518839, 51.36124662409852 ], [ 11.401749799513283, 51.355291407030286 ] ] ], [ [ [ 11.856963120305428, 51.67344661785561 ], [ 11.922834469390219, 51.645912863112031 ], [ 12.039511248501791, 51.643397646465978 ], [ 12.02686883353635, 51.621008873571341 ], [ 12.050574041899496, 51.615128989150747 ], [ 12.031126097336518, 51.595258942119131 ], [ 12.04628081695822, 51.584388773598562 ], [ 12.164302147761303, 51.581127549459083 ], [ 12.208334790725516, 51.498095591729545 ], [ 12.148913400475447, 51.463106772362671 ], [ 12.157213532653701, 51.432710983419639 ], [ 12.189822025621659, 51.420853705370057 ], [ 12.17214385618461, 51.384157695303593 ], [ 12.189963637489498, 51.379450345896338 ], [ 12.194455127767954, 51.330326362879461 ], [ 12.147653575376596, 51.31996708970135 ], [ 12.170904545460388, 51.275508528827594 ], [ 12.147636834573877, 51.278843671558015 ], [ 12.07509758969416, 51.248059400727435 ], [ 12.044879745945808, 51.262784895937756 ], [ 12.058222490909611, 51.288833968620331 ], [ 11.98865312727391, 51.280937337394761 ], [ 11.925616017164856, 51.270181680480299 ], [ 11.923525240351999, 51.236371847600637 ], [ 11.899251235008274, 51.233352855713221 ], [ 11.787720265146689, 51.247644097726592 ], [ 11.788036042258325, 51.26820202074444 ], [ 11.760089088562149, 51.283775996252579 ], [ 11.699240861124352, 51.26630080514277 ], [ 11.674430768827209, 51.291224989276927 ], [ 11.639699863315018, 51.292305536272949 ], [ 11.6231683439867, 51.320025930244213 ], [ 11.581376088526738, 51.305706944639645 ], [ 11.558947015415558, 51.276686344338117 ], [ 11.504537278106472, 51.278199977124729 ], [ 11.41359472297664, 51.333127823542888 ], [ 11.440634575167563, 51.342676664100757 ], [ 11.415780471362726, 51.345536460357771 ], [ 11.430263785667412, 51.367646608923408 ], [ 11.466066807193185, 51.375050548427865 ], [ 11.544621476722837, 51.437811815636906 ], [ 11.633215290454826, 51.461105658352551 ], [ 11.668677848525089, 51.451606639329036 ], [ 11.690308817818259, 51.423265547430638 ], [ 11.772292633639662, 51.440624578855065 ], [ 11.779756200523988, 51.465038267859292 ], [ 11.704062485560113, 51.501549110944666 ], [ 11.725434991001761, 51.532038047493586 ], [ 11.685664599535105, 51.569532818472844 ], [ 11.735069817402433, 51.606950800980712 ], [ 11.763658134146615, 51.609266608609587 ], [ 11.75594869446053, 51.651142336826048 ], [ 11.854443762544243, 51.650141253998342 ], [ 11.856963120305428, 51.67344661785561 ] ], [ [ 12.017415513265512, 51.540167868022507 ], [ 11.91813663104724, 51.524712290086057 ], [ 11.880837987160993, 51.534891077263715 ], [ 11.857053039065431, 51.514633810119172 ], [ 11.871915081292983, 51.474878977422868 ], [ 11.9234926232941, 51.461243652359833 ], [ 11.91506728174561, 51.442532204346307 ], [ 11.952165526476586, 51.432712747009013 ], [ 11.951572965880015, 51.408028239461089 ], [ 12.0089718459853, 51.402878119253018 ], [ 12.052888406695427, 51.475951384184889 ], [ 12.078516956471452, 51.474494706594534 ], [ 12.088435712606792, 51.491296813049125 ], [ 12.034593884692471, 51.497256839704903 ], [ 12.017415513265512, 51.540167868022507 ] ] ] ] } },
{ "type": "Feature", "properties": { "ags": "15089" }, "geometry": { "type": "MultiPolygon", "coordinates": [ [ [ [ 11.749533332309033, 52.072763181377184 ], [ 11.847403958786625, 52.057564897837366 ], [ 11.836888287139907, 52.037504518342068 ], [ 11.889918052940249, 52.00954861219347 ], [ 11.885070958516421, 51.977325181274836 ], [ 12.019959825794654, 51.876296395866802 ], [ 11.966878954057504, 51.867021806665321 ], [ 11.923195915725605, 51.879964432597951 ], [ 11.865575196282292, 51.853213790801284 ], [ 11.880954713349636, 51.81057960775717 ], [ 11.8472763758267, 51.799449109030888 ], [ 11.848957291762979, 51.779753018558679 ], [ 11.90429727134269, 51.763346772818473 ], [ 11.855025452030452, 51.739402640242737 ], [ 11.838237895133934, 51.683359387360333 ], [ 11.865443602254629, 51.675391459007201 ], [ 11.854443762544243, 51.650141253998342 ], [ 11.75594869446053, 51.651142336826048 ], [ 11.74536079327814, 51.628823679454179 ], [ 11.719763307173297, 51.629036767596901 ], [ 11.688621744747097, 51.650129099560246 ], [ 11.604471764074262, 51.664414139439685 ], [ 11.60461298345253, 51.701399789065228 ], [ 11.518559170004965, 51.688271636873083 ], [ 11.497756003627254, 51.716662987871757 ], [ 11.456348675422197, 51.722996585085717 ], [ 11.446489015418278, 51.712765604094741 ], [ 11.397771548501861, 51.731282330126952 ], [ 11.398091863486139, 51.770076101403866 ], [ 11.346655435833, 51.778672915116545 ], [ 11.326029014032837, 51.757903219764479 ], [ 11.297321648629248, 51.759332388606929 ], [ 11.273567183765598, 51.79475524187022 ], [ 11.239632230245356, 51.808251131387649 ], [ 11.266914567360036, 51.834572483133975 ], [ 11.293417044132894, 51.82917962356273 ], [ 11.334129566644449, 51.846549700046054 ], [ 11.328042518328196, 51.887227467990009 ], [ 11.371281061461449, 51.933507772424782 ], [ 11.344921477319122, 51.96240407945411 ], [ 11.364996294748748, 51.979666618810072 ], [ 11.397537324076289, 51.979515725086202 ], [ 11.415712534121408, 52.00475640646129 ], [ 11.446834819895169, 52.0067869149077 ], [ 11.450496403590957, 51.988136530114154 ], [ 11.508839329076517, 51.962674848146584 ], [ 11.597357728752041, 51.965975864739143 ], [ 11.6042618286988, 52.02174435459456 ], [ 11.694636912656117, 52.049974041812476 ], [ 11.726225855202902, 52.039557741223007 ], [ 11.749533332309033, 52.072763181377184 ] ], [ [ 11.883540390534854, 51.864944940372922 ], [ 11.887541683232339, 51.864151496701666 ], [ 11.886930442838267, 51.866030030860429 ], [ 11.883540390534854, 51.864944940372922 ] ], [ [ 11.887954409328851, 51.874971196937672 ], [ 11.894455210059013, 51.869991265011713 ], [ 11.891953437520559, 51.874948205425838 ], [ 11.887954409328851, 51.874971196937672 ] ] ], [ [ [ 11.748724385234357, 52.093201512258496 ], [ 11.761772242482808, 52.076097850208974 ], [ 11.736946446371753, 52.090301516186329 ], [ 11.748724385234357, 52.093201512258496 ] ] ] ] } },
{ "type": "Feature", "properties": { "ags": "15090" }, "geometry": { "type": "MultiPolygon", "coordinates": [ [ [ [ 11.821976871614744, 52.341113853502669 ], [ 11.805296364064699, 52.334611323231691 ], [ 11.788673628832132, 52.350523495979999 ], [ 11.803719850751351, 52.353407340312899 ], [ 11.821976871614744, 52.341113853502669 ] ] ], [ [ [ 11.629548286173721, 53.009949791297814 ], [ 11.677165060970802, 53.008137228295837 ], [ 11.692852016512605, 52.978174760378877 ], [ 11.742989968569677, 52.988714678073293 ], [ 11.78630388593707, 52.960958273440646 ], [ 11.842058425276763, 52.953684712733327 ], [ 11.826034258407631, 52.914656395373662 ], [ 11.897335379359557, 52.893362441875809 ], [ 11.98049780116814, 52.876113550516997 ], [ 12.022614193254141, 52.890370255718331 ], [ 12.112623069302963, 52.875729089978371 ], [ 12.124601270006291, 52.893585909054259 ], [ 12.126332946270216, 52.853161193342231 ], [ 12.196936528791671, 52.877977988652752 ], [ 12.234056795830069, 52.859377652093045 ], [ 12.257536445783666, 52.80490848379516 ], [ 12.24465989942505, 52.787223977866454 ], [ 12.220176401473797, 52.790127957334782 ], [ 12.206006946606983, 52.761404516833764 ], [ 12.223168685382056, 52.739747334828927 ], [ 12.19754853792381, 52.718375032073169 ], [ 12.232876671125396, 52.68904403650518 ], [ 12.23687255723914, 52.62887701826704 ], [ 12.16926536459029, 52.621087429391359 ], [ 12.18107809076853, 52.57517708360362 ], [ 12.141811423313861, 52.528394238163813 ], [ 12.188689499784365, 52.532422778295988 ], [ 12.171555110289274, 52.50633664030503 ], [ 12.109574067602454, 52.507315533557389 ], [ 12.074836973388292, 52.540299437502952 ], [ 11.991502610728338, 52.518989809554441 ], [ 11.988505563332666, 52.575736323229918 ], [ 11.959970189037634, 52.517767819025011 ], [ 12.001640974753531, 52.46242790933406 ], [ 11.992590789966073, 52.431178596738995 ], [ 11.928991221696737, 52.391905663759125 ], [ 11.939476034504539, 52.374500987312757 ], [ 11.851885748744607, 52.331577999269932 ], [ 11.854530503372974, 52.356102488767618 ], [ 11.818099334835665, 52.372170246466517 ], [ 11.840619072282687, 52.400968743122 ], [ 11.817188626857549, 52.414860303522183 ], [ 11.773491240472101, 52.41818125719459 ], [ 11.789459425441869, 52.411230239547983 ], [ 11.7741111623974, 52.399556985283695 ], [ 11.71903454831488, 52.407811711758789 ], [ 11.732956926666908, 52.424379198982926 ], [ 11.700075882494657, 52.459159819573102 ], [ 11.643101445169174, 52.469850676983683 ], [ 11.58716238374064, 52.458694685410848 ], [ 11.605163859372533, 52.493777861094195 ], [ 11.590069796348054, 52.488096407465626 ], [ 11.590536945368429, 52.520055918812879 ], [ 11.568959160246351, 52.524674069925233 ], [ 11.588438911198073, 52.616466077635707 ], [ 11.486926239698439, 52.602219864945752 ], [ 11.396533348662279, 52.622353205463533 ], [ 11.423466362918012, 52.642579012448117 ], [ 11.490796221410005, 52.652079620160258 ], [ 11.473987035958762, 52.687410090298201 ], [ 11.51624774294708, 52.70303882363897 ], [ 11.522526407142923, 52.742561576961393 ], [ 11.562265907950035, 52.764979177404221 ], [ 11.508814873219906, 52.769780051061012 ], [ 11.504526866555548, 52.786135224670922 ], [ 11.538411702810452, 52.801837635208493 ], [ 11.530623181972697, 52.814699563807608 ], [ 11.481008406288748, 52.814625233890936 ], [ 11.46881653171905, 52.841572408284215 ], [ 11.632135366565898, 52.860750680016395 ], [ 11.613202291631163, 52.881939379837348 ], [ 11.635555573040586, 52.899338158353608 ], [ 11.601649644633289, 52.902797108113639 ], [ 11.560446008242756, 52.935945666136249 ], [ 11.550519444925119, 52.921448012641825 ], [ 11.510088350860407, 52.934048198333251 ], [ 11.492342519248837, 52.959662882145274 ], [ 11.506428195333944, 52.999745186660483 ], [ 11.556416553619931, 52.998665802233333 ], [ 11.622004003514578, 53.041702733355621 ], [ 11.641860025268777, 53.035377866901712 ], [ 11.629548286173721, 53.009949791297814 ] ], [ [ 12.22131631416773, 52.863812647878831 ], [ 12.217589799687664, 52.860128236914193 ], [ 12.222307576853646, 52.862548546179184 ], [ 12.22131631416773, 52.863812647878831 ] ] ] ] } },
{ "type": "Feature", "properties": { "ags": "15091" }, "geometry": { "type": "Polygon", "coordinates": [ [ [ 12.377559470490711, 52.044934699487861 ], [ 12.434533609722568, 52.01720782537442 ], [ 12.48061535113724, 52.033335114377131 ], [ 12.498826522121352, 52.008922887941594 ], [ 12.536306597476626, 52.002880022046305 ], [ 12.539394591749856, 51.984888942779385 ], [ 12.615160260121939, 51.98228125587535 ], [ 12.669186683613708, 52.012880743075343 ], [ 12.774325113678218, 51.978359949962126 ], [ 12.777612700075139, 51.96459096397956 ], [ 12.844153643105768, 51.967733968066838 ], [ 12.852730178966432, 51.935005289240017 ], [ 12.960567963481754, 51.934910541618315 ], [ 12.972664852918617, 51.900881139658161 ], [ 13.045407862219982, 51.900515106826397 ], [ 13.039239289728821, 51.87091214655311 ], [ 13.138950996153847, 51.879512089209008 ], [ 13.15091336915072, 51.859610357949094 ], [ 13.123535766963842, 51.854592539784683 ], [ 13.170103760561867, 51.787023735755149 ], [ 13.14748182855582, 51.766638531693204 ], [ 13.154010380072826, 51.744247946570276 ], [ 13.186499526061095, 51.722110774924339 ], [ 13.154430885070859, 51.710064583503325 ], [ 13.161745033855562, 51.690602225488142 ], [ 13.02346707639628, 51.63730338362808 ], [ 12.996291835220662, 51.669247155070217 ], [ 12.966821293597659, 51.665664763274918 ], [ 12.97150257645044, 51.65024867293554 ], [ 12.942163596524681, 51.638005935311348 ], [ 12.897524743104681, 51.64742626624237 ], [ 12.889194796365244, 51.666883894766144 ], [ 12.865793810361708, 51.655026690823952 ], [ 12.843862268521827, 51.684973715717021 ], [ 12.772706245220974, 51.647509053207344 ], [ 12.688484605839085, 51.662505933458306 ], [ 12.649112655213743, 51.620446326209205 ], [ 12.608332218282095, 51.610602041776595 ], [ 12.629228985906909, 51.625235646732534 ], [ 12.591856763381781, 51.618358484720012 ], [ 12.559681423092362, 51.637778534784232 ], [ 12.574072064791983, 51.66743284820744 ], [ 12.517055149156185, 51.660486540300553 ], [ 12.474375450817387, 51.682287938751301 ], [ 12.475557880883214, 51.702606560090587 ], [ 12.349381261327226, 51.684011704145071 ], [ 12.344747246848174, 51.703341636587787 ], [ 12.363907096519757, 51.706505919134116 ], [ 12.323906039398382, 51.72654852486599 ], [ 12.351417135029125, 51.736047086592812 ], [ 12.342925257153157, 51.786336253223084 ], [ 12.306490972541317, 51.803869937569573 ], [ 12.318946421733283, 51.838827223767211 ], [ 12.283866205254711, 51.861441258068773 ], [ 12.320962324569129, 51.88815170675317 ], [ 12.3205938786445, 51.939986253456667 ], [ 12.30610960388305, 51.952102317078293 ], [ 12.279374909905203, 51.945441866024211 ], [ 12.280126511206163, 51.979487209459471 ], [ 12.2519767109164, 51.977997300062086 ], [ 12.321729656501818, 51.999903706016674 ], [ 12.354539089198912, 52.026894663629662 ], [ 12.375935132349866, 52.022609732877264 ], [ 12.377559470490711, 52.044934699487861 ] ] ] } },
{ "type": "Feature", "properties": { "ags": "16051" }, "geometry": { "type": "Polygon", "coordinates": [ [ [ 11.046778552585131, 51.079848551677109 ], [ 11.091529809566289, 51.065279164294203 ], [ 11.123160318644297, 51.009112971864106 ], [ 11.173596973841139, 51.018307025673714 ], [ 11.175108477528815, 50.988866564524166 ], [ 11.133812038175574, 50.970129298017973 ], [ 11.153620548514553, 50.924816833864419 ], [ 11.111818948558284, 50.929956966525637 ], [ 11.11025935495404, 50.913112314726945 ], [ 10.996504739624035, 50.907749354131802 ], [ 10.947708302586875, 50.890970585979687 ], [ 10.931667832554879, 50.909531176616539 ], [ 10.964631005192734, 50.920272553836597 ], [ 10.959487543043393, 50.934194339887668 ], [ 10.938504966386933, 50.94687196478511 ], [ 10.900487022874028, 50.941484469150026 ], [ 10.893898013734963, 50.960509833507409 ], [ 10.865766199604868, 50.964893439588977 ], [ 10.891579713820594, 50.989958457862684 ], [ 10.85534689025959, 51.025838828068011 ], [ 10.925053272487526, 51.014655551436711 ], [ 10.932159789497739, 51.029899910898017 ], [ 10.986658103277218, 51.043280356973035 ], [ 10.975962314832097, 51.064872026096886 ], [ 11.035811506724631, 51.062822046311162 ], [ 11.046778552585131, 51.079848551677109 ] ] ] } },
{ "type": "Feature", "properties": { "ags": "16052" }, "geometry": { "type": "Polygon", "coordinates": [ [ [ 12.093741223265505, 50.974906906875916 ], [ 12.158352669251085, 50.963131218778116 ], [ 12.169359209993159, 50.943896200224351 ], [ 12.132504054654751, 50.932476502827562 ], [ 12.155452772051039, 50.876668665508618 ], [ 12.125725975401515, 50.849001825748125 ], [ 12.15508667691835, 50.806016396527433 ], [ 12.126780098592024, 50.799108945579647 ], [ 12.095794250860735, 50.824414399110488 ], [ 12.01930808323541, 50.825773525486369 ], [ 11.99823529998428, 50.849887057873929 ], [ 12.018023194129043, 50.913498963677988 ], [ 12.049456034472628, 50.932739245984294 ], [ 12.017152834873652, 50.968199251514996 ], [ 12.093741223265505, 50.974906906875916 ] ] ] } },
{ "type": "Feature", "properties": { "ags": "16053" }, "geometry": { "type": "Polygon", "coordinates": [ [ [ 11.557705632705296, 50.972991368409602 ], [ 11.617258160770394, 50.976826484389782 ], [ 11.672849812013645, 50.951551803856255 ], [ 11.646139064758467, 50.899608239330931 ], [ 11.664074276380504, 50.881072862062489 ], [ 11.562926848736549, 50.856189395339129 ], [ 11.527179400964041, 50.862325782289474 ], [ 11.563411751482064, 50.873966388294178 ], [ 11.561682764639791, 50.887029448862819 ], [ 11.504810903397029, 50.906242519130359 ], [ 11.503407546929827, 50.932825238408078 ], [ 11.535451601187393, 50.942030147612996 ], [ 11.499287811255943, 50.95186647778349 ], [ 11.546133438632879, 50.98882497784345 ], [ 11.557705632705296, 50.972991368409602 ] ] ] } },
{ "type": "Feature", "properties": { "ags": "16054" }, "geometry": { "type": "Polygon", "coordinates": [ [ [ 10.791772790397351, 50.68840830189054 ], [ 10.840263072551213, 50.64621164093834 ], [ 10.827256260214883, 50.580517481011142 ], [ 10.807633327160834, 50.575680311281133 ], [ 10.743505975671027, 50.615243029158407 ], [ 10.717963696027814, 50.581363949035783 ], [ 10.697580999235219, 50.573464715490388 ], [ 10.693465398025342, 50.582748234975512 ], [ 10.671459751323715, 50.562835286935481 ], [ 10.557454936676118, 50.590013089172288 ], [ 10.570286083217564, 50.59770793801254 ], [ 10.552235401707916, 50.611699775256781 ], [ 10.59424647490976, 50.611358232516878 ], [ 10.642118639842314, 50.646085040661482 ], [ 10.694225436214657, 50.626286469671328 ], [ 10.701463940349988, 50.662654529786273 ], [ 10.7411330267851, 50.665184919254919 ], [ 10.754522310572424, 50.688250659099104 ], [ 10.791772790397351, 50.68840830189054 ] ] ] } },
{ "type": "Feature", "properties": { "ags": "16055" }, "geometry": { "type": "Polygon", "coordinates": [ [ [ 11.250688758222646, 51.036772485494097 ], [ 11.304851856447065, 51.019121292744927 ], [ 11.373273992390624, 51.020068480642827 ], [ 11.348636731506282, 51.006051620371075 ], [ 11.369908420741545, 50.984389480156992 ], [ 11.393156990777427, 50.995416136298033 ], [ 11.398040025893033, 50.955238106611105 ], [ 11.356082309010992, 50.935776490276822 ], [ 11.332294782945841, 50.942571617510218 ], [ 11.319874379113363, 50.919102958316536 ], [ 11.292820782563316, 50.917850818430672 ], [ 11.258873401926522, 50.940661141332811 ], [ 11.285958408196992, 50.948076598348585 ], [ 11.267519763959031, 51.003671773800427 ], [ 11.234882801127323, 51.019358434660539 ], [ 11.250688758222646, 51.036772485494097 ] ] ] } },
{ "type": "Feature", "properties": { "ags": "16056" }, "geometry": { "type": "Polygon", "coordinates": [ [ [ 10.320248292824866, 51.052361170763639 ], [ 10.37566039364161, 51.037812677889512 ], [ 10.391868751999434, 50.999824146108658 ], [ 10.378547599402115, 50.958297617890658 ], [ 10.33790345218118, 50.955304932333 ], [ 10.319141148758714, 50.930030367785115 ], [ 10.24640250745818, 50.966379431447024 ], [ 10.178518045408495, 50.97305890850452 ], [ 10.202181013206648, 51.012008929413597 ], [ 10.274593459186141, 50.997217720610237 ], [ 10.279561964357736, 51.022824908279361 ], [ 10.313206487676402, 51.028606014216756 ], [ 10.320248292824866, 51.052361170763639 ] ] ] } },
{ "type": "Feature", "properties": { "ags": "16061" }, "geometry": { "type": "Polygon", "coordinates": [ [ [ 10.449246988420249, 51.586145104586059 ], [ 10.492016697925571, 51.570127870880931 ], [ 10.473072841313432, 51.551286622337805 ], [ 10.539484429712164, 51.521037005646569 ], [ 10.499726381440716, 51.457680798122915 ], [ 10.519749198123295, 51.436770892112342 ], [ 10.480504004734058, 51.416744257207107 ], [ 10.519400984244804, 51.362070779799133 ], [ 10.483523894255631, 51.340991565438344 ], [ 10.392101927256732, 51.343309260311706 ], [ 10.359007469955225, 51.281519114084695 ], [ 10.312035127725888, 51.282361917474773 ], [ 10.30444236005555, 51.242609462206083 ], [ 10.185303318638983, 51.218741416144908 ], [ 10.206942157157199, 51.19064915749297 ], [ 10.138401765511425, 51.220135272177622 ], [ 10.072381843009696, 51.224780497165369 ], [ 10.078995133467888, 51.242780926114818 ], [ 10.046969080912151, 51.253425736356093 ], [ 10.059916187034757, 51.275865487294055 ], [ 9.972977323490795, 51.28435115484185 ], [ 9.969853098262595, 51.300271137089759 ], [ 9.93974186225789, 51.306959404961901 ], [ 9.928338772733943, 51.375298752338551 ], [ 10.009328774870456, 51.420603551158749 ], [ 10.037843719180358, 51.420004936907709 ], [ 10.046802957546124, 51.436673352866514 ], [ 10.069108088718858, 51.418438303564635 ], [ 10.080107992874064, 51.43456023289594 ], [ 10.152939907599421, 51.430259757551489 ], [ 10.140004544880988, 51.442614116092088 ], [ 10.174306043499756, 51.446256097644294 ], [ 10.201975121226399, 51.486519768792398 ], [ 10.235877849455413, 51.47142826851956 ], [ 10.342275477604586, 51.519497146373823 ], [ 10.37862432886917, 51.562706665660933 ], [ 10.37002339397365, 51.587536476017611 ], [ 10.449246988420249, 51.586145104586059 ] ], [ [ 10.471611843222982, 51.41716529311924 ], [ 10.478418819748349, 51.414395745054087 ], [ 10.478042729657624, 51.418615143083713 ], [ 10.471611843222982, 51.41716529311924 ] ] ] } },
{ "type": "Feature", "properties": { "ags": "16062" }, "geometry": { "type": "MultiPolygon", "coordinates": [ [ [ [ 10.478418819748349, 51.414395745054087 ], [ 10.471611843222982, 51.41716529311924 ], [ 10.478042729657624, 51.418615143083713 ], [ 10.478418819748349, 51.414395745054087 ] ] ], [ [ [ 10.701371991901894, 51.642187642350763 ], [ 10.818215836049481, 51.639026431418699 ], [ 10.823072860467292, 51.623466220891714 ], [ 10.859091451041417, 51.632790366730475 ], [ 10.894001828000558, 51.610660648743789 ], [ 10.922012575224461, 51.618447433914021 ], [ 10.937063687881377, 51.60348728958315 ], [ 10.929495984125841, 51.591441824445681 ], [ 10.894476282358777, 51.601832901714388 ], [ 10.882051629030213, 51.580508085780508 ], [ 10.900496027626152, 51.550654698684397 ], [ 10.947971842413681, 51.537572878156809 ], [ 10.92733525895391, 51.520853700650015 ], [ 10.972943656213587, 51.481960930860225 ], [ 10.976890655177877, 51.424656994193263 ], [ 10.912684629993469, 51.400762991971369 ], [ 10.827054396630254, 51.422165981745422 ], [ 10.769587888852836, 51.391488668891533 ], [ 10.625586932840619, 51.392882352441326 ], [ 10.628626592505169, 51.38247788250564 ], [ 10.605881849631979, 51.375913304391737 ], [ 10.555875362087427, 51.398019348796382 ], [ 10.530166511044809, 51.364470665426879 ], [ 10.480504004734058, 51.416744257207107 ], [ 10.519749198123295, 51.436770892112342 ], [ 10.499726381440716, 51.457680798122915 ], [ 10.539484429712164, 51.521037005646569 ], [ 10.473072841313432, 51.551286622337805 ], [ 10.488550811277392, 51.574778704156373 ], [ 10.518973760977579, 51.553763453416742 ], [ 10.604264264037052, 51.579575309926987 ], [ 10.656796166139342, 51.558301645833524 ], [ 10.666306959397444, 51.578098682905981 ], [ 10.638674695179667, 51.584116964408018 ], [ 10.640236798787223, 51.622005329400572 ], [ 10.701371991901894, 51.642187642350763 ] ] ] ] } },
{ "type": "Feature", "properties": { "ags": "16063" }, "geometry": { "type": "MultiPolygon", "coordinates": [ [ [ [ 10.067369115809081, 50.657176444717159 ], [ 10.057631788428623, 50.664830101575895 ], [ 10.057212453984192, 50.666161751796679 ], [ 10.061546400119191, 50.666832685565083 ], [ 10.067369115809081, 50.657176444717159 ] ] ], [ [ [ 10.335192469178857, 51.149221197723051 ], [ 10.365188946050118, 51.105424988834464 ], [ 10.393337093919323, 51.095620048199464 ], [ 10.383747774783515, 51.079262786206307 ], [ 10.423610898405723, 51.072808328651028 ], [ 10.435081937888464, 51.049492970560159 ], [ 10.440797301525127, 51.07774603889073 ], [ 10.483472411489227, 51.084178048967956 ], [ 10.523915965532375, 51.062520230963209 ], [ 10.616513339257615, 51.058145787316974 ], [ 10.598585412202514, 51.024852928428302 ], [ 10.480838478671508, 50.993934176490626 ], [ 10.486139082896337, 50.969782208734479 ], [ 10.520859909992987, 50.966212839072327 ], [ 10.484726432853169, 50.920155748311032 ], [ 10.497311031457839, 50.896952216523246 ], [ 10.479313050898114, 50.897814165587306 ], [ 10.480229739997203, 50.916879990384288 ], [ 10.43481465806971, 50.903808356271718 ], [ 10.400862330148279, 50.864276013157067 ], [ 10.406721479561446, 50.820185647164692 ], [ 10.379230861891653, 50.806653273801011 ], [ 10.379404266022679, 50.783547708098077 ], [ 10.327086284141371, 50.78830421445015 ], [ 10.262655534246054, 50.763824752047782 ], [ 10.202960889385819, 50.776634775932699 ], [ 10.221830998233328, 50.734999518910506 ], [ 10.183847195793762, 50.71785654809689 ], [ 10.192728871148855, 50.688431099048351 ], [ 10.13170061315806, 50.644767095704715 ], [ 10.116179029016607, 50.659712291159288 ], [ 10.074140529482552, 50.650213015493222 ], [ 10.086432714575329, 50.666252934993928 ], [ 10.071588118450707, 50.67172478663516 ], [ 10.001994968183329, 50.676602566315459 ], [ 9.949107849786682, 50.664142543012645 ], [ 9.960722012774674, 50.629483652232558 ], [ 9.878551050214066, 50.634781208642579 ], [ 9.881273199756263, 50.673378624196708 ], [ 9.923142354429441, 50.694198002296716 ], [ 9.90889073684176, 50.704532449578878 ], [ 9.941503199634049, 50.739139138813066 ], [ 9.920126451883378, 50.759612033031104 ], [ 9.928430936983361, 50.776594211904715 ], [ 9.952133927020945, 50.773291623047605 ], [ 9.952252802486075, 50.8213745068919 ], [ 10.023054524440493, 50.831631424229599 ], [ 10.03862025657849, 50.853114910169552 ], [ 10.021928583625218, 50.847856632609783 ], [ 10.021893142050256, 50.86448629819099 ], [ 10.058849850911718, 50.882794053531924 ], [ 10.015635922054262, 50.920623949770686 ], [ 9.97146374902009, 50.907410936541474 ], [ 9.991996474826109, 50.934514509720977 ], [ 9.949685257775938, 50.926507504756955 ], [ 9.950086586724579, 50.942250254982689 ], [ 10.062345938974662, 50.943783545236286 ], [ 10.019470217727081, 50.98070807776039 ], [ 10.03243444168681, 51.011046708402745 ], [ 10.182348529762395, 50.998487345436089 ], [ 10.187041486327182, 50.968458769860362 ], [ 10.24640250745818, 50.966379431447024 ], [ 10.319141148758714, 50.930030367785115 ], [ 10.33790345218118, 50.955304932333 ], [ 10.378547599402115, 50.958297617890658 ], [ 10.391868751999434, 50.999824146108658 ], [ 10.37566039364161, 51.037812677889512 ], [ 10.320248292824866, 51.052361170763639 ], [ 10.313206487676402, 51.028606014216756 ], [ 10.279561964357736, 51.022824908279361 ], [ 10.274593459186141, 50.997217720610237 ], [ 10.202181013206648, 51.012008929413597 ], [ 10.21518573555235, 51.026419350341747 ], [ 10.198846623790656, 51.040090387591569 ], [ 10.140590157106171, 51.058491387444263 ], [ 10.174630971765101, 51.116867458500217 ], [ 10.118321564211671, 51.139573005210195 ], [ 10.16873864962043, 51.153267719868566 ], [ 10.19810370244288, 51.112876261459071 ], [ 10.210012797494901, 51.144083182178221 ], [ 10.262353733225636, 51.151543077388283 ], [ 10.284146043246563, 51.135219326133623 ], [ 10.302698353762233, 51.150970323065081 ], [ 10.335192469178857, 51.149221197723051 ] ], [ [ 10.084128392532813, 50.669115437258171 ], [ 10.081332811771601, 50.671562833144563 ], [ 10.080760338870652, 50.669926731324232 ], [ 10.084128392532813, 50.669115437258171 ] ] ] ] } },
{ "type": "Feature", "properties": { "ags": "16064" }, "geometry": { "type": "Polygon", "coordinates": [ [ [ 10.374253970359705, 51.330084098665743 ], [ 10.500660724674693, 51.337978761377521 ], [ 10.496152787914097, 51.311311830027137 ], [ 10.524400589780218, 51.304948510948563 ], [ 10.561388912085221, 51.326419677672988 ], [ 10.609404292528728, 51.318512422537815 ], [ 10.634385875562511, 51.288796455786624 ], [ 10.676720510913798, 51.279437377331433 ], [ 10.709071826798315, 51.216692394454569 ], [ 10.758688791292682, 51.22195427023766 ], [ 10.759501449483276, 51.204364316058864 ], [ 10.835598474823467, 51.222579157083224 ], [ 10.92256840124219, 51.205328754465462 ], [ 10.905233974304206, 51.179493850702904 ], [ 10.917889326434803, 51.147240868007508 ], [ 10.876487107470412, 51.126341879787674 ], [ 10.882899728789438, 51.098783898925326 ], [ 10.77092207539811, 51.093042156513093 ], [ 10.732947684364266, 51.111696918414012 ], [ 10.695755092364662, 51.082351367273169 ], [ 10.71118554374533, 51.052371483739392 ], [ 10.624524047665126, 51.032099149109513 ], [ 10.604593226325024, 51.045965673138923 ], [ 10.616513339257615, 51.058145787316974 ], [ 10.523915965532375, 51.062520230963209 ], [ 10.483472411489227, 51.084178048967956 ], [ 10.440797301525127, 51.07774603889073 ], [ 10.435081937888464, 51.049492970560159 ], [ 10.423610898405723, 51.072808328651028 ], [ 10.383747774783515, 51.079262786206307 ], [ 10.393337093919323, 51.095620048199464 ], [ 10.347476260813693, 51.124468438345076 ], [ 10.343143351044141, 51.150014895742643 ], [ 10.307914012552827, 51.152382577919241 ], [ 10.284146043246563, 51.135219326133623 ], [ 10.262353733225636, 51.151543077388283 ], [ 10.207454300428518, 51.14423529196749 ], [ 10.235776989608118, 51.186695161008188 ], [ 10.206942157157199, 51.19064915749297 ], [ 10.185303318638983, 51.218741416144908 ], [ 10.282538085871506, 51.2309907044353 ], [ 10.318011526583968, 51.25125632772334 ], [ 10.312035127725888, 51.282361917474773 ], [ 10.359007469955225, 51.281519114084695 ], [ 10.374253970359705, 51.330084098665743 ] ] ] } },
{ "type": "Feature", "properties": { "ags": "16065" }, "geometry": { "type": "Polygon", "coordinates": [ [ [ 11.071476060826845, 51.428634518228655 ], [ 11.152934180823085, 51.401644323653883 ], [ 11.223882995868578, 51.413186151848862 ], [ 11.248506162256486, 51.395132825809476 ], [ 11.321259842673868, 51.410372346264424 ], [ 11.330795693172711, 51.390266388524722 ], [ 11.396852278004056, 51.38133072384008 ], [ 11.399437218286399, 51.344836154422275 ], [ 11.428814555454245, 51.342828576930629 ], [ 11.41359472297664, 51.333127823542888 ], [ 11.473859409744888, 51.294567101298632 ], [ 11.401571743013298, 51.236271352238717 ], [ 11.321655796526171, 51.292014035568457 ], [ 11.305617064177865, 51.271754888802263 ], [ 11.32709516075488, 51.263255534835139 ], [ 11.30248087259776, 51.24401887587544 ], [ 11.255552833835051, 51.264476402300524 ], [ 11.217283917555756, 51.234575296647826 ], [ 11.150404004704034, 51.256478609790371 ], [ 11.157233000437632, 51.283918502491467 ], [ 11.096886290965102, 51.295946706049087 ], [ 11.107790431411015, 51.310988117707076 ], [ 11.069001564832158, 51.322618105101718 ], [ 11.068372798742422, 51.297257999458914 ], [ 11.031091980569247, 51.290118008772517 ], [ 11.027314106453673, 51.27081345947218 ], [ 10.995075886933009, 51.259379155880069 ], [ 11.010178941786211, 51.232475494393356 ], [ 10.970058153741521, 51.199308413491934 ], [ 10.835598474823467, 51.222579157083224 ], [ 10.759501449483276, 51.204364316058864 ], [ 10.758688791292682, 51.22195427023766 ], [ 10.709071826798315, 51.216692394454569 ], [ 10.676720510913798, 51.279437377331433 ], [ 10.634385875562511, 51.288796455786624 ], [ 10.609404292528728, 51.318512422537815 ], [ 10.561388912085221, 51.326419677672988 ], [ 10.528290397897354, 51.305055600837107 ], [ 10.496152787914097, 51.311311830027137 ], [ 10.507912590943587, 51.327838985415767 ], [ 10.483550714521504, 51.346335717525527 ], [ 10.53581552242095, 51.365593684070525 ], [ 10.555875362087427, 51.398019348796382 ], [ 10.605881849631979, 51.375913304391737 ], [ 10.625586932840619, 51.392882352441326 ], [ 10.769587888852836, 51.391488668891533 ], [ 10.827054396630254, 51.422165981745422 ], [ 10.912684629993469, 51.400762991971369 ], [ 10.97732529318268, 51.426911883569637 ], [ 11.007920436456956, 51.429268919876677 ], [ 11.005265961159095, 51.416798470148322 ], [ 11.071476060826845, 51.428634518228655 ] ] ] } },
{ "type": "Feature", "properties": { "ags": "16066" }, "geometry": { "type": "MultiPolygon", "coordinates": [ [ [ [ 10.411409906166375, 50.850239399706702 ], [ 10.537865365901359, 50.827037593708042 ], [ 10.538135334218017, 50.782875331450029 ], [ 10.561467480543353, 50.782586388272676 ], [ 10.58406325018507, 50.73613573536349 ], [ 10.696387762161864, 50.715464710795075 ], [ 10.721704435868199, 50.738653404960601 ], [ 10.754757767871567, 50.715596497062982 ], [ 10.752562202171836, 50.686988815564199 ], [ 10.7411330267851, 50.665184919254919 ], [ 10.699975489432109, 50.661428708849868 ], [ 10.694225436214657, 50.626286469671328 ], [ 10.642118639842314, 50.646085040661482 ], [ 10.59424647490976, 50.611358232516878 ], [ 10.552235401707916, 50.611699775256781 ], [ 10.570286083217564, 50.59770793801254 ], [ 10.557454936676118, 50.590013089172288 ], [ 10.582674496902147, 50.584500258314044 ], [ 10.526506881752768, 50.549859086505663 ], [ 10.580274659707479, 50.536607750342654 ], [ 10.581857775311763, 50.514991222693155 ], [ 10.551656182435039, 50.496926776573119 ], [ 10.583026881210046, 50.44054767041564 ], [ 10.53310558653421, 50.435273288539868 ], [ 10.493235792018034, 50.450663666331799 ], [ 10.459624573369711, 50.400769104980675 ], [ 10.394493697447418, 50.393652032307948 ], [ 10.384519195282603, 50.408929276024672 ], [ 10.403834692594804, 50.424775129320182 ], [ 10.370714811852412, 50.431758070500429 ], [ 10.330582236086368, 50.494276532996707 ], [ 10.230827931276828, 50.511803102231333 ], [ 10.203873884234641, 50.554700849967809 ], [ 10.140366562782608, 50.542850424908067 ], [ 10.107094136160438, 50.563733601447147 ], [ 10.041338407830789, 50.516469580701639 ], [ 10.06182860497953, 50.556687382733571 ], [ 10.037191068473938, 50.612926267632133 ], [ 10.057503889619523, 50.626120061672694 ], [ 10.081049838274573, 50.620024822522083 ], [ 10.056435898893533, 50.671244222859436 ], [ 10.086432714575329, 50.666252934993928 ], [ 10.072750349038364, 50.66074245757887 ], [ 10.074140529482552, 50.650213015493222 ], [ 10.116179029016607, 50.659712291159288 ], [ 10.1262419299747, 50.644326689037484 ], [ 10.178821388232873, 50.671729648481978 ], [ 10.183847195793762, 50.71785654809689 ], [ 10.221830998233328, 50.734999518910506 ], [ 10.202960889385819, 50.776634775932699 ], [ 10.254569756334693, 50.76369094779421 ], [ 10.327086284141371, 50.78830421445015 ], [ 10.362328996577093, 50.779209861662032 ], [ 10.40492731998919, 50.815413456698018 ], [ 10.411409906166375, 50.850239399706702 ] ] ], [ [ [ 10.085289812434027, 50.670560640023737 ], [ 10.080760338870652, 50.669926731324232 ], [ 10.081332811771601, 50.671562833144563 ], [ 10.085289812434027, 50.670560640023737 ] ] ] ] } },
{ "type": "Feature", "properties": { "ags": "16067" }, "geometry": { "type": "Polygon", "coordinates": [ [ [ 10.737597920962401, 51.111425692278921 ], [ 10.77092207539811, 51.093042156513093 ], [ 10.880308952207063, 51.098252520561864 ], [ 10.89124482798718, 51.071727965586661 ], [ 10.865326335859363, 51.061105027685279 ], [ 10.85534689025959, 51.025838828068011 ], [ 10.891579713820594, 50.989958457862684 ], [ 10.865766199604868, 50.964893439588977 ], [ 10.893898013734963, 50.960509833507409 ], [ 10.900487022874028, 50.941484469150026 ], [ 10.950234047265264, 50.941734531809473 ], [ 10.964631005192734, 50.920272553836597 ], [ 10.931667832554879, 50.909531176616539 ], [ 10.935846587421695, 50.894281809475579 ], [ 10.903978757322925, 50.900191525404104 ], [ 10.866123875002479, 50.856660312040155 ], [ 10.820921170770118, 50.844339487608636 ], [ 10.859195297150066, 50.833809961232866 ], [ 10.817120197016031, 50.822703472049461 ], [ 10.838142059899685, 50.810396984745651 ], [ 10.828001579571588, 50.784451270099652 ], [ 10.806057776444327, 50.766974851226671 ], [ 10.768170783394789, 50.766006952459421 ], [ 10.75270419398429, 50.718471241795271 ], [ 10.721704435868199, 50.738653404960601 ], [ 10.704040581216161, 50.716356591477826 ], [ 10.649869628134244, 50.715536786754683 ], [ 10.575451277357791, 50.741360259852641 ], [ 10.561467480543353, 50.782586388272676 ], [ 10.538135334218017, 50.782875331450029 ], [ 10.537865365901359, 50.827037593708042 ], [ 10.466598498633447, 50.851330088947513 ], [ 10.424752916738706, 50.84334770502452 ], [ 10.400862330148279, 50.864276013157067 ], [ 10.443431631236889, 50.908995120427704 ], [ 10.480229739997203, 50.916879990384288 ], [ 10.479313050898114, 50.897814165587306 ], [ 10.497311031457839, 50.896952216523246 ], [ 10.484726432853169, 50.920155748311032 ], [ 10.520859909992987, 50.966212839072327 ], [ 10.486139082896337, 50.969782208734479 ], [ 10.480838478671508, 50.993934176490626 ], [ 10.616666957329006, 51.039773034124686 ], [ 10.642391974558178, 51.033185376485001 ], [ 10.71118554374533, 51.052371483739392 ], [ 10.695755092364662, 51.082351367273169 ], [ 10.737597920962401, 51.111425692278921 ] ] ] } },
{ "type": "Feature", "properties": { "ags": "16068" }, "geometry": { "type": "Polygon", "coordinates": [ [ [ 11.069001564832158, 51.322618105101718 ], [ 11.107790431411015, 51.310988117707076 ], [ 11.096886290965102, 51.295946706049087 ], [ 11.157233000437632, 51.283918502491467 ], [ 11.150404004704034, 51.256478609790371 ], [ 11.217283917555756, 51.234575296647826 ], [ 11.255552833835051, 51.264476402300524 ], [ 11.30248087259776, 51.24401887587544 ], [ 11.32709516075488, 51.263255534835139 ], [ 11.306982445792759, 51.284207100843787 ], [ 11.337371308640606, 51.288177874787841 ], [ 11.324635658141625, 51.279702453974437 ], [ 11.359341586351348, 51.267495344899437 ], [ 11.351208522492875, 51.258125172011248 ], [ 11.391450941509696, 51.252454302743296 ], [ 11.364832642610597, 51.221359160855911 ], [ 11.391420064083391, 51.20353329828972 ], [ 11.430948609888665, 51.212475797332218 ], [ 11.468567728785523, 51.192654104554627 ], [ 11.485260143919374, 51.165592791262135 ], [ 11.451004307445388, 51.146670131030895 ], [ 11.480145905062997, 51.099878795721068 ], [ 11.434179164928979, 51.089610243598813 ], [ 11.412911149907362, 51.109131605071532 ], [ 11.392395646515661, 51.095947733110044 ], [ 11.196913124224588, 51.104363783910109 ], [ 11.21744930600075, 51.030363368121129 ], [ 11.13930512748518, 51.010847972523933 ], [ 11.123160318644297, 51.009112971864106 ], [ 11.066442209334355, 51.079412878375862 ], [ 11.016011774252073, 51.05940224038649 ], [ 10.975962314832097, 51.064872026096886 ], [ 10.986658103277218, 51.043280356973035 ], [ 10.932159789497739, 51.029899910898017 ], [ 10.925053272487526, 51.014655551436711 ], [ 10.862985290102433, 51.026544093915717 ], [ 10.865326335859363, 51.061105027685279 ], [ 10.89124482798718, 51.071727965586661 ], [ 10.876487107470412, 51.126341879787674 ], [ 10.911131443490783, 51.133678807027891 ], [ 10.92256840124219, 51.205328754465462 ], [ 10.972699785121518, 51.199954578149566 ], [ 11.010178941786211, 51.232475494393356 ], [ 10.995075886933009, 51.259379155880069 ], [ 11.027314106453673, 51.27081345947218 ], [ 11.031091980569247, 51.290118008772517 ], [ 11.068372798742422, 51.297257999458914 ], [ 11.069001564832158, 51.322618105101718 ] ], [ [ 11.443948290647246, 51.197363244326411 ], [ 11.446614451026052, 51.198880347006806 ], [ 11.43938578409179, 51.19976639931992 ], [ 11.443948290647246, 51.197363244326411 ] ] ] } },
{ "type": "Feature", "properties": { "ags": "16069" }, "geometry": { "type": "Polygon", "coordinates": [ [ [ 10.749347360979655, 50.612747222937763 ], [ 10.790539379745736, 50.583021691965527 ], [ 10.827256260214883, 50.580517481011142 ], [ 10.837680241365478, 50.564871108244226 ], [ 10.84665405876272, 50.578691957369571 ], [ 10.86131738710103, 50.563467887786466 ], [ 10.896711885350511, 50.609474012033957 ], [ 10.923271090175833, 50.591159346605131 ], [ 10.917441609513439, 50.588600205471408 ], [ 10.908594982327877, 50.574467415362491 ], [ 10.91830929437646, 50.586064747076655 ], [ 10.942399256732262, 50.548213369019479 ], [ 10.968654568107821, 50.552752579159808 ], [ 10.988983025172672, 50.535671422591705 ], [ 10.988119530105529, 50.479879868071208 ], [ 11.039552560308465, 50.474029503338848 ], [ 11.039332158249229, 50.463671444813009 ], [ 10.939239951682712, 50.414582178872713 ], [ 10.959407953124227, 50.400511988460863 ], [ 10.945718274860443, 50.386466459689139 ], [ 10.830443012956676, 50.392615500504135 ], [ 10.785881505080416, 50.385384232694506 ], [ 10.754509496251384, 50.358171909326742 ], [ 10.715266572741161, 50.363591107347318 ], [ 10.715395850166415, 50.32117650270478 ], [ 10.80255027038428, 50.291980899326013 ], [ 10.803919858426676, 50.279753186446321 ], [ 10.846358138204277, 50.275094634979986 ], [ 10.852190778311813, 50.253374837464087 ], [ 10.824047415863662, 50.237533000344094 ], [ 10.800564106611054, 50.251443342764091 ], [ 10.769631615392482, 50.240840246619825 ], [ 10.73216777479297, 50.251837945034069 ], [ 10.716645149313797, 50.204818957044253 ], [ 10.686714457773247, 50.225907583553123 ], [ 10.612047269604552, 50.22413844097764 ], [ 10.607295939904599, 50.271257475517139 ], [ 10.591040413459472, 50.271784381199566 ], [ 10.600550295981023, 50.333688027209639 ], [ 10.561785333500042, 50.337098473531213 ], [ 10.544408273101116, 50.364505577357271 ], [ 10.492405731393864, 50.355055843401068 ], [ 10.45053177674704, 50.401859542318697 ], [ 10.482566043674419, 50.418172393900903 ], [ 10.493235792018034, 50.450663666331799 ], [ 10.53310558653421, 50.435273288539868 ], [ 10.585019693679111, 50.444001278849484 ], [ 10.551656182435039, 50.496926776573119 ], [ 10.581857775311763, 50.514991222693155 ], [ 10.580274659707479, 50.536607750342654 ], [ 10.526506881752768, 50.549859086505663 ], [ 10.548223627738009, 50.574577439027344 ], [ 10.569490655732643, 50.566594729207608 ], [ 10.606593031995079, 50.587359892082681 ], [ 10.671459751323715, 50.562835286935481 ], [ 10.749347360979655, 50.612747222937763 ] ] ] } },
{ "type": "Feature", "properties": { "ags": "16070" }, "geometry": { "type": "Polygon", "coordinates": [ [ [ 11.110706569505624, 50.910612757589952 ], [ 11.134728379624006, 50.897685060343839 ], [ 11.131769024609488, 50.874669144304505 ], [ 11.175837778424979, 50.85878721413934 ], [ 11.156240876850953, 50.829100824740884 ], [ 11.223926911519996, 50.800030928980753 ], [ 11.189472818929483, 50.799439973276627 ], [ 11.20855718108052, 50.795833779936657 ], [ 11.174606731766064, 50.771939694713595 ], [ 11.188159648708771, 50.734385051005773 ], [ 11.136735356582589, 50.719030182020028 ], [ 11.101520463674117, 50.730537757606108 ], [ 11.094868007248078, 50.698017789710271 ], [ 11.072004417495014, 50.694731823154449 ], [ 11.070595349322289, 50.719698826395451 ], [ 11.057121458272775, 50.686895299346453 ], [ 11.011227554970299, 50.687880919786281 ], [ 11.024370631542721, 50.668854721120518 ], [ 11.063013027737135, 50.675097598744152 ], [ 11.057807276011355, 50.628091038997511 ], [ 11.089410718687336, 50.606783190424522 ], [ 11.070027299427444, 50.565244329845605 ], [ 11.04872132070151, 50.55056411669252 ], [ 10.942399256732262, 50.548213369019479 ], [ 10.895743870405472, 50.60977868805066 ], [ 10.865236053848157, 50.56601090282313 ], [ 10.843873988547493, 50.579195142439715 ], [ 10.837680241365478, 50.564871108244226 ], [ 10.840263072551213, 50.64621164093834 ], [ 10.791772790397351, 50.68840830189054 ], [ 10.743997560076059, 50.690516265765297 ], [ 10.768170783394789, 50.766006952459421 ], [ 10.813472723698519, 50.770410136852924 ], [ 10.838018389469848, 50.807447490115464 ], [ 10.817120197016031, 50.822703472049461 ], [ 10.859195297150066, 50.833809961232866 ], [ 10.820921170770118, 50.844339487608636 ], [ 10.866123875002479, 50.856660312040155 ], [ 10.903978757322925, 50.900191525404104 ], [ 10.961556899602122, 50.890232604645675 ], [ 10.996504739624035, 50.907749354131802 ], [ 11.110706569505624, 50.910612757589952 ] ] ] } },
{ "type": "Feature", "properties": { "ags": "16071" }, "geometry": { "type": "Polygon", "coordinates": [ [ [ 11.571659894846572, 51.119365123748082 ], [ 11.617403275979232, 51.097718528675294 ], [ 11.638240030668376, 51.11112278159662 ], [ 11.692382465459628, 51.099851597053188 ], [ 11.685884265737018, 51.050835890199792 ], [ 11.652533807236646, 51.023823848862058 ], [ 11.620537687432119, 51.027654160262564 ], [ 11.605130278509296, 51.005638171367359 ], [ 11.503064993720166, 50.967010092138338 ], [ 11.501995924563239, 50.944671565347569 ], [ 11.535451601187393, 50.942030147612996 ], [ 11.503407546929827, 50.932825238408078 ], [ 11.487190887939281, 50.880570419824728 ], [ 11.438902851846979, 50.864555644622655 ], [ 11.457964709963708, 50.829765626254584 ], [ 11.43148515020529, 50.830682969302003 ], [ 11.399943885587742, 50.802264532832773 ], [ 11.390990281085804, 50.81798041723799 ], [ 11.361799982218862, 50.815645352058553 ], [ 11.339216074444883, 50.793549467278524 ], [ 11.262863860678042, 50.835008714648751 ], [ 11.257132635623391, 50.815179063738448 ], [ 11.221885262542353, 50.803885788978086 ], [ 11.165829052225719, 50.822027864001718 ], [ 11.155907724196984, 50.844786026554644 ], [ 11.175837778424979, 50.85878721413934 ], [ 11.131769024609488, 50.874669144304505 ], [ 11.10596685120175, 50.926658417531058 ], [ 11.153620548514553, 50.924816833864419 ], [ 11.133812038175574, 50.970129298017973 ], [ 11.175108477528815, 50.988866564524166 ], [ 11.174588510165432, 51.025569610091722 ], [ 11.21744930600075, 51.030363368121129 ], [ 11.196913124224588, 51.104363783910109 ], [ 11.392395646515661, 51.095947733110044 ], [ 11.412911149907362, 51.109131605071532 ], [ 11.434179164928979, 51.089610243598813 ], [ 11.484608587442152, 51.10543738685346 ], [ 11.545642779559886, 51.102450367107046 ], [ 11.571659894846572, 51.119365123748082 ] ], [ [ 11.247691159600915, 51.028840271323304 ], [ 11.234882801127323, 51.019358434660539 ], [ 11.267519763959031, 51.003671773800427 ], [ 11.285958408196992, 50.948076598348585 ], [ 11.258873401926522, 50.940661141332811 ], [ 11.292820782563316, 50.917850818430672 ], [ 11.332114849060755, 50.92666576904319 ], [ 11.332294782945841, 50.942571617510218 ], [ 11.356082309010992, 50.935776490276822 ], [ 11.398040025893033, 50.955238106611105 ], [ 11.392752380257692, 50.995878138888564 ], [ 11.369908420741545, 50.984389480156992 ], [ 11.347548338316242, 51.008147074505402 ], [ 11.373273992390624, 51.020068480642827 ], [ 11.247691159600915, 51.028840271323304 ] ] ] } },
{ "type": "Feature", "properties": { "ags": "16072" }, "geometry": { "type": "Polygon", "coordinates": [ [ [ 11.178144654839866, 50.565433659391338 ], [ 11.211648884573462, 50.550187305419563 ], [ 11.202741939202193, 50.532294695732773 ], [ 11.235423719640586, 50.507406700861331 ], [ 11.284966861472546, 50.494958479742373 ], [ 11.245056036214034, 50.471660542106008 ], [ 11.284252879000718, 50.360307432682077 ], [ 11.262435240737748, 50.352401030864009 ], [ 11.27709906699603, 50.335962446029662 ], [ 11.261328835081944, 50.337912624807338 ], [ 11.270336657626324, 50.306746590877694 ], [ 11.247547121723976, 50.267756320236877 ], [ 11.197848292393887, 50.291856369955816 ], [ 11.187139425829509, 50.269555724958551 ], [ 11.145922827649995, 50.284956468117429 ], [ 11.131754612714005, 50.308087675699007 ], [ 11.159197357840485, 50.330391991590609 ], [ 11.139107811834354, 50.353505696321264 ], [ 11.116797803528717, 50.3493339311132 ], [ 11.115304909544022, 50.367006901701238 ], [ 11.042988392752065, 50.344721649528417 ], [ 11.033417377563536, 50.361358234416308 ], [ 10.993487277903883, 50.365468675712279 ], [ 10.98578072536951, 50.347320524871414 ], [ 10.945718274860443, 50.386466459689139 ], [ 10.959407953124227, 50.400511988460863 ], [ 10.939239951682712, 50.414582178872713 ], [ 11.039204921521637, 50.46241234781435 ], [ 11.039552560308465, 50.474029503338848 ], [ 10.988119530105529, 50.479879868071208 ], [ 10.975407433875365, 50.500070002988458 ], [ 11.000721888404314, 50.515169089891586 ], [ 10.992607808958915, 50.528619732627348 ], [ 11.068036468911982, 50.524773494792584 ], [ 11.0838359370623, 50.510243326680431 ], [ 11.092262995772154, 50.530946259919823 ], [ 11.134390577833273, 50.530860432060756 ], [ 11.178144654839866, 50.565433659391338 ] ] ] } },
{ "type": "Feature", "properties": { "ags": "16073" }, "geometry": { "type": "Polygon", "coordinates": [ [ [ 11.262984741540288, 50.833278474818826 ], [ 11.32149641100855, 50.79412638730561 ], [ 11.388626581919759, 50.818421454441655 ], [ 11.385867561339907, 50.80330757635187 ], [ 11.423871833758586, 50.808599110171798 ], [ 11.495599035261192, 50.764507700065515 ], [ 11.529471859000669, 50.767339696617256 ], [ 11.549061313104177, 50.743096763806527 ], [ 11.488863923347724, 50.726574157008805 ], [ 11.460795136063055, 50.696323958349033 ], [ 11.492441492924774, 50.689479138336374 ], [ 11.531808026819784, 50.606924767617791 ], [ 11.596309412491653, 50.597395156188782 ], [ 11.633389980864873, 50.61185808282309 ], [ 11.633380117190146, 50.592187101584244 ], [ 11.573672021046042, 50.549461824824249 ], [ 11.546341274570748, 50.55795921071455 ], [ 11.486024524738559, 50.541385044368973 ], [ 11.490277398090626, 50.443769351941441 ], [ 11.443441968006145, 50.420821079627487 ], [ 11.451254292819781, 50.431032826344449 ], [ 11.418886994685302, 50.447870542960878 ], [ 11.418814568592058, 50.493461444647956 ], [ 11.440946481246911, 50.499959446970216 ], [ 11.423893014563314, 50.516064441418273 ], [ 11.343759257676327, 50.520691790832153 ], [ 11.290982389829058, 50.475256526156954 ], [ 11.289114781936956, 50.485565976004928 ], [ 11.265937774657781, 50.479420873814625 ], [ 11.284484938176783, 50.49566361089758 ], [ 11.235423719640586, 50.507406700861331 ], [ 11.202741939202193, 50.532294695732773 ], [ 11.211648884573462, 50.550187305419563 ], [ 11.176931685826842, 50.56654752950746 ], [ 11.134390577833273, 50.530860432060756 ], [ 11.092262995772154, 50.530946259919823 ], [ 11.0838359370623, 50.510243326680431 ], [ 11.068036468911982, 50.524773494792584 ], [ 10.967803315836118, 50.539637284083625 ], [ 10.968654568107821, 50.552752579159808 ], [ 11.04872132070151, 50.55056411669252 ], [ 11.088784753657714, 50.604228339449207 ], [ 11.057807276011355, 50.628091038997511 ], [ 11.063013027737135, 50.675097598744152 ], [ 11.024370631542721, 50.668854721120518 ], [ 11.011227554970299, 50.687880919786281 ], [ 11.057121458272775, 50.686895299346453 ], [ 11.070595349322289, 50.719698826395451 ], [ 11.072004417495014, 50.694731823154449 ], [ 11.094868007248078, 50.698017789710271 ], [ 11.101520463674117, 50.730537757606108 ], [ 11.136735356582589, 50.719030182020028 ], [ 11.188159648708771, 50.734385051005773 ], [ 11.174606731766064, 50.771939694713595 ], [ 11.20855718108052, 50.795833779936657 ], [ 11.189472818929483, 50.799439973276627 ], [ 11.252715903541866, 50.811995052192543 ], [ 11.262984741540288, 50.833278474818826 ] ] ] } },
{ "type": "Feature", "properties": { "ags": "16074" }, "geometry": { "type": "Polygon", "coordinates": [ [ [ 11.681897064624449, 51.083702830451962 ], [ 11.759689950869047, 51.042857854457189 ], [ 11.888807362003607, 51.055840433656343 ], [ 11.911895627369519, 51.028179286031012 ], [ 11.943066187500317, 51.032441163006624 ], [ 11.980080295565903, 51.014347744428633 ], [ 11.969873133171049, 50.994327731627727 ], [ 12.006571244336003, 50.991024145669122 ], [ 12.021172271129927, 50.947952471572023 ], [ 11.986501108565568, 50.956517832774537 ], [ 11.957726246016936, 50.944568521612709 ], [ 11.95241497374645, 50.916307682874923 ], [ 11.875205355701997, 50.883039174223327 ], [ 11.920670602984293, 50.859087056165521 ], [ 11.890421028461951, 50.843146653373466 ], [ 11.901462799540026, 50.80814212609021 ], [ 11.857983820114537, 50.802143787939343 ], [ 11.864567412663085, 50.787115325913781 ], [ 11.830297891587463, 50.785429387650836 ], [ 11.824400066429815, 50.7992857318185 ], [ 11.754455966028075, 50.781910060363053 ], [ 11.731990664437966, 50.798717716409428 ], [ 11.707603385297693, 50.763400371574214 ], [ 11.544709662727945, 50.750793785937823 ], [ 11.420530584433703, 50.803370683936983 ], [ 11.43148515020529, 50.830682969302003 ], [ 11.458638412498585, 50.831433748804521 ], [ 11.438902851846979, 50.864555644622655 ], [ 11.487190887939281, 50.880570419824728 ], [ 11.507046585194445, 50.906961042032279 ], [ 11.553995263577052, 50.896826700932223 ], [ 11.563411751482064, 50.873966388294178 ], [ 11.526550135266465, 50.863440607090133 ], [ 11.562926848736549, 50.856189395339129 ], [ 11.664074276380504, 50.881072862062489 ], [ 11.646139064758467, 50.899608239330931 ], [ 11.672849812013645, 50.951551803856255 ], [ 11.617258160770394, 50.976826484389782 ], [ 11.566436514843383, 50.965920003287899 ], [ 11.546873743671481, 50.990042098435154 ], [ 11.605130278509296, 51.005638171367359 ], [ 11.620537687432119, 51.027654160262564 ], [ 11.67485280867213, 51.036360952673569 ], [ 11.681897064624449, 51.083702830451962 ] ] ] } },
{ "type": "Feature", "properties": { "ags": "16075" }, "geometry": { "type": "Polygon", "coordinates": [ [ [ 11.824400066429815, 50.7992857318185 ], [ 11.873982736157396, 50.779808570409514 ], [ 11.899397389285921, 50.788557839904598 ], [ 11.943614175026195, 50.766345606718971 ], [ 11.869724014919928, 50.716514055413022 ], [ 11.8663028122584, 50.665979298614431 ], [ 11.887562335802411, 50.663800417889817 ], [ 11.880994447091442, 50.631283984356543 ], [ 11.902904588892008, 50.607478153691758 ], [ 11.94384384750072, 50.59413173664354 ], [ 11.923565975835192, 50.585708032505131 ], [ 11.926010670435639, 50.556844269211481 ], [ 11.871462575441777, 50.53982273992839 ], [ 11.888217853029943, 50.516678641023084 ], [ 11.925251275492547, 50.526319102294231 ], [ 11.962036519852342, 50.489951218325928 ], [ 11.937693008720359, 50.471691943787313 ], [ 11.950797996100865, 50.454068977797021 ], [ 11.93189513119675, 50.464222766970209 ], [ 11.894996786575129, 50.449457948132419 ], [ 11.924237215444812, 50.426349707979625 ], [ 11.824265370238624, 50.389756843807653 ], [ 11.825495291338756, 50.404420029983932 ], [ 11.780251136615133, 50.418754758273401 ], [ 11.751172550521861, 50.414755153177659 ], [ 11.76156449570307, 50.405255871818383 ], [ 11.624601484768792, 50.386870400922945 ], [ 11.573151888372742, 50.400121881688356 ], [ 11.519853241788354, 50.374268482088659 ], [ 11.518909861157935, 50.39566600911791 ], [ 11.478546808998681, 50.401532454487764 ], [ 11.498830888855361, 50.485502002494528 ], [ 11.486024524738559, 50.541385044368973 ], [ 11.546341274570748, 50.55795921071455 ], [ 11.573672021046042, 50.549461824824249 ], [ 11.633380117190146, 50.592187101584244 ], [ 11.633629876555009, 50.611252819520445 ], [ 11.596309412491653, 50.597395156188782 ], [ 11.530520129856274, 50.607564806486849 ], [ 11.539257927587624, 50.620943142124204 ], [ 11.518689266208289, 50.619297103393187 ], [ 11.492441492924774, 50.689479138336374 ], [ 11.45991565027653, 50.698337887166772 ], [ 11.548055384065263, 50.751978374006576 ], [ 11.603310288735685, 50.746822265197359 ], [ 11.708362237960888, 50.763646043923302 ], [ 11.72387071811235, 50.797174879104787 ], [ 11.754455966028075, 50.781910060363053 ], [ 11.824400066429815, 50.7992857318185 ] ] ] } },
{ "type": "Feature", "properties": { "ags": "16076" }, "geometry": { "type": "Polygon", "coordinates": [ [ [ 12.173756567746706, 50.972906140279662 ], [ 12.249460788949333, 50.927977486040881 ], [ 12.207897282721559, 50.880472619022882 ], [ 12.218326772450183, 50.858999729358992 ], [ 12.256827153938902, 50.853885951789358 ], [ 12.253153656403677, 50.788834763061779 ], [ 12.29016081198009, 50.783427090775142 ], [ 12.26392092846687, 50.760456025864137 ], [ 12.240689734836129, 50.767240125612496 ], [ 12.226984633644856, 50.738218476658425 ], [ 12.26475665753942, 50.737546887687365 ], [ 12.262762318452349, 50.695276462395931 ], [ 12.318896252976831, 50.684003177435642 ], [ 12.317717792627965, 50.663364199668926 ], [ 12.264286261954725, 50.64338543939045 ], [ 12.265518391367662, 50.630793341801535 ], [ 12.198197471033383, 50.641314809617029 ], [ 12.182766475444483, 50.612110601536571 ], [ 12.153639990096286, 50.630504994719615 ], [ 12.147222144548271, 50.606097919737309 ], [ 12.1101508538858, 50.58872004183177 ], [ 12.156092177382526, 50.585579084634666 ], [ 12.156024277349683, 50.573491525324187 ], [ 12.115772820499645, 50.5669483463737 ], [ 12.083594331674883, 50.578566738446781 ], [ 12.072689715802984, 50.555118596771734 ], [ 12.030271919513906, 50.549397786331703 ], [ 12.01753547817936, 50.567840790432129 ], [ 12.036137608518136, 50.593949880394376 ], [ 12.005481904203156, 50.612018677905525 ], [ 12.010397048377236, 50.635461207246998 ], [ 11.944137427093704, 50.591275279018284 ], [ 11.880994447091442, 50.631283984356543 ], [ 11.867020205449323, 50.711535385736603 ], [ 11.943614175026195, 50.766345606718971 ], [ 11.899397389285921, 50.788557839904598 ], [ 11.867080770593395, 50.782103925126513 ], [ 11.857983820114537, 50.802143787939343 ], [ 11.901462799540026, 50.80814212609021 ], [ 11.890421028461951, 50.843146653373466 ], [ 11.920869390352909, 50.861406416696006 ], [ 11.873554600578004, 50.880776798943863 ], [ 11.8963492472403, 50.898150200461252 ], [ 11.917566134523812, 50.893465843022405 ], [ 11.922758313360351, 50.914276871972419 ], [ 11.95241497374645, 50.916307682874923 ], [ 11.957726246016936, 50.944568521612709 ], [ 11.986501108565568, 50.956517832774537 ], [ 12.028066584282294, 50.946197266117913 ], [ 12.049456034472628, 50.932739245984294 ], [ 12.018023194129043, 50.913498963677988 ], [ 11.99823529998428, 50.849887057873929 ], [ 12.027018022582855, 50.822882732959322 ], [ 12.095794250860735, 50.824414399110488 ], [ 12.137994419058844, 50.800598101357124 ], [ 12.15508667691835, 50.806016396527433 ], [ 12.125725975401515, 50.849001825748125 ], [ 12.155452772051039, 50.876668665508618 ], [ 12.132504054654751, 50.932476502827562 ], [ 12.169534513851401, 50.935298900498871 ], [ 12.173756567746706, 50.972906140279662 ] ] ] } },
{ "type": "Feature", "properties": { "ags": "16077" }, "geometry": { "type": "Polygon", "coordinates": [ [ [ 12.349268888395626, 51.09664614741245 ], [ 12.361026050418038, 51.079799734349137 ], [ 12.41044821610601, 51.072854818445535 ], [ 12.458382881000157, 51.084550711265209 ], [ 12.462914728372491, 51.066899802407967 ], [ 12.501522314495936, 51.064075845211583 ], [ 12.507388166626413, 51.017275888224297 ], [ 12.538852057260206, 51.024252035927937 ], [ 12.527549907662486, 50.998898141833926 ], [ 12.582986589331671, 50.981961928115638 ], [ 12.607533973537976, 50.996731763294427 ], [ 12.624357315292507, 50.939709867279085 ], [ 12.654115089293892, 50.919062737790362 ], [ 12.640121044154341, 50.903073781967024 ], [ 12.521322394893149, 50.907598525590615 ], [ 12.459254288921443, 50.880448583396614 ], [ 12.442501815351502, 50.84402739384128 ], [ 12.374132736516076, 50.853249230684028 ], [ 12.347576712403486, 50.823631507198513 ], [ 12.306948010024877, 50.818763002280328 ], [ 12.298583556235794, 50.829900219776285 ], [ 12.299776927936707, 50.815553349756243 ], [ 12.291949888438914, 50.824587998357956 ], [ 12.284585335672325, 50.810612860559161 ], [ 12.259758065945615, 50.811451061541689 ], [ 12.256827153938902, 50.853885951789358 ], [ 12.218326772450183, 50.858999729358992 ], [ 12.207897282721559, 50.880472619022882 ], [ 12.249460788949333, 50.927977486040881 ], [ 12.223675985408669, 50.93995043912706 ], [ 12.239891998836475, 50.975679991457056 ], [ 12.292990618999498, 51.021581695642801 ], [ 12.287045388948782, 51.03763904034836 ], [ 12.250460368938997, 51.044466938396887 ], [ 12.283547042145413, 51.091923991028466 ], [ 12.349268888395626, 51.09664614741245 ] ] ] } }
]
}
